{"type": "FeatureCollection", "features": [{"type": "Feature", "geometry": {"type": "Point", "coordinates": [76.0, 8.0]}, "properties": {"day": 1, "forecast_date": "2026-04-28", "predicted_risk": 0.3986967005853976, "risk_band": "low", "recent_fire_score": 9.407844030307368e-11, "hotspot_score": 3.90475555877152e-06}}, {"type": "Feature", "geometry": {"type": "Point", "coordinates": [76.25, 8.0]}, "properties": {"day": 1, "forecast_date": "2026-04-28", "predicted_risk": 0.3845790470488926, "risk_band": "low", "recent_fire_score": 5.712550157391665e-10, "hotspot_score": 9.084196014076374e-06}}, {"type": "Feature", "geometry": {"type": "Point", "coordinates": [76.5, 8.0]}, "properties": {"day": 1, "forecast_date": "2026-04-28", "predicted_risk": 0.38457948719815377, "risk_band": "low", "recent_fire_score": 9.541397330132368e-10, "hotspot_score": 1.1579072393373669e-05}}, {"type": "Feature", "geometry": {"type": "Point", "coordinates": [76.75, 8.0]}, "properties": {"day": 1, "forecast_date": "2026-04-28", "predicted_risk": 0.38591870706228204, "risk_band": "low", "recent_fire_score": 4.709253198693882e-10, "hotspot_score": 1.026830588062319e-05}}, {"type": "Feature", "geometry": {"type": "Point", "coordinates": [77.0, 8.0]}, "properties": {"day": 1, "forecast_date": "2026-04-28", "predicted_risk": 0.385431427377725, "risk_band": "low", "recent_fire_score": 1.0432426854123892e-08, "hotspot_score": 3.662925539716782e-05}}, {"type": "Feature", "geometry": {"type": "Point", "coordinates": [77.25, 8.0]}, "properties": {"day": 1, "forecast_date": "2026-04-28", "predicted_risk": 0.3893854010340837, "risk_band": "low", "recent_fire_score": 9.141927252975288e-07, "hotspot_score": 0.0002728220386573579}}, {"type": "Feature", "geometry": {"type": "Point", "coordinates": [77.5, 8.0]}, "properties": {"day": 1, "forecast_date": "2026-04-28", "predicted_risk": 0.39197416884461805, "risk_band": "low", "recent_fire_score": 2.217851631062955e-05, "hotspot_score": 0.001231744423117532}}, {"type": "Feature", "geometry": {"type": "Point", "coordinates": [77.75, 8.0]}, "properties": {"day": 1, "forecast_date": "2026-04-28", "predicted_risk": 0.3899038609130353, "risk_band": "low", "recent_fire_score": 0.0001480637199356517, "hotspot_score": 0.0030963195130352247}}, {"type": "Feature", "geometry": {"type": "Point", "coordinates": [78.0, 8.0]}, "properties": {"day": 1, "forecast_date": "2026-04-28", "predicted_risk": 0.3949723672848009, "risk_band": "low", "recent_fire_score": 0.00027228006143693726, "hotspot_score": 0.004331901448977191}}, {"type": "Feature", "geometry": {"type": "Point", "coordinates": [78.25, 8.0]}, "properties": {"day": 1, "forecast_date": "2026-04-28", "predicted_risk": 0.3909060032897016, "risk_band": "low", "recent_fire_score": 0.0001385007982622765, "hotspot_score": 0.003403204173236524}}, {"type": "Feature", "geometry": {"type": "Point", "coordinates": [78.5, 8.0]}, "properties": {"day": 1, "forecast_date": "2026-04-28", "predicted_risk": 0.3920255292990777, "risk_band": "low", "recent_fire_score": 1.979700826883006e-05, "hotspot_score": 0.0015247746468944581}}, {"type": "Feature", "geometry": {"type": "Point", "coordinates": [78.75, 8.0]}, "properties": {"day": 1, "forecast_date": "2026-04-28", "predicted_risk": 0.39409651721253197, "risk_band": "low", "recent_fire_score": 8.411620043789655e-07, "hotspot_score": 0.0003974293023848401}}, {"type": "Feature", "geometry": {"type": "Point", "coordinates": [79.0, 8.0]}, "properties": {"day": 1, "forecast_date": "2026-04-28", "predicted_risk": 0.3930877882468137, "risk_band": "low", "recent_fire_score": 1.2411147774192003e-08, "hotspot_score": 6.137058753862033e-05}}, {"type": "Feature", "geometry": {"type": "Point", "coordinates": [79.25, 8.0]}, "properties": {"day": 1, "forecast_date": "2026-04-28", "predicted_risk": 0.3933799788105863, "risk_band": "low", "recent_fire_score": 7.765723362703023e-11, "hotspot_score": 5.658866775580506e-06}}, {"type": "Feature", "geometry": {"type": "Point", "coordinates": [79.5, 8.0]}, "properties": {"day": 1, "forecast_date": "2026-04-28", "predicted_risk": 0.3933790351470615, "risk_band": "low", "recent_fire_score": 1.9705981997559886e-13, "hotspot_score": 3.093611699537621e-07}}, {"type": "Feature", "geometry": {"type": "Point", "coordinates": [79.75, 8.0]}, "properties": {"day": 1, "forecast_date": "2026-04-28", "predicted_risk": 0.38650218178451523, "risk_band": "low", "recent_fire_score": 1.6408987280749393e-16, "hotspot_score": 9.847078720139053e-09}}, {"type": "Feature", "geometry": {"type": "Point", "coordinates": [80.0, 8.0]}, "properties": {"day": 1, "forecast_date": "2026-04-28", "predicted_risk": 0.3865021800790303, "risk_band": "low", "recent_fire_score": 3.9693780052621225e-20, "hotspot_score": 1.7879694445989274e-10}}, {"type": "Feature", "geometry": {"type": "Point", "coordinates": [80.25, 8.0]}, "properties": {"day": 1, "forecast_date": "2026-04-28", "predicted_risk": 0.388224284947468, "risk_band": "low", "recent_fire_score": 2.681493242458869e-24, "hotspot_score": 1.8222906019216575e-12}}, {"type": "Feature", "geometry": {"type": "Point", "coordinates": [80.5, 8.0]}, "properties": {"day": 1, "forecast_date": "2026-04-28", "predicted_risk": 0.3833909516138151, "risk_band": "low", "recent_fire_score": 5.006850073776441e-29, "hotspot_score": 1.0479860666149652e-14}}, {"type": "Feature", "geometry": {"type": "Point", "coordinates": [76.0, 8.25]}, "properties": {"day": 1, "forecast_date": "2026-04-28", "predicted_risk": 0.3967949557091686, "risk_band": "low", "recent_fire_score": 4.251841293578401e-08, "hotspot_score": 7.456478290831741e-05}}, {"type": "Feature", "geometry": {"type": "Point", "coordinates": [76.25, 8.25]}, "properties": {"day": 1, "forecast_date": "2026-04-28", "predicted_risk": 0.3846079804572139, "risk_band": "low", "recent_fire_score": 2.572281230011771e-07, "hotspot_score": 0.00017290412616946383}}, {"type": "Feature", "geometry": {"type": "Point", "coordinates": [76.5, 8.25]}, "properties": {"day": 1, "forecast_date": "2026-04-28", "predicted_risk": 0.3870327485278816, "risk_band": "low", "recent_fire_score": 4.282339006582176e-07, "hotspot_score": 0.00021869609102363638}}, {"type": "Feature", "geometry": {"type": "Point", "coordinates": [76.75, 8.25]}, "properties": {"day": 1, "forecast_date": "2026-04-28", "predicted_risk": 0.39027694389980716, "risk_band": "low", "recent_fire_score": 1.9688582584867085e-07, "hotspot_score": 0.00016518759548994632}}, {"type": "Feature", "geometry": {"type": "Point", "coordinates": [77.0, 8.25]}, "properties": {"day": 1, "forecast_date": "2026-04-28", "predicted_risk": 0.3893809347016202, "risk_band": "low", "recent_fire_score": 2.150599775502443e-07, "hotspot_score": 0.0002480520122138366}}, {"type": "Feature", "geometry": {"type": "Point", "coordinates": [77.25, 8.25]}, "properties": {"day": 1, "forecast_date": "2026-04-28", "predicted_risk": 0.38638571944801986, "risk_band": "low", "recent_fire_score": 1.612049228154012e-05, "hotspot_score": 0.0014427696829131748}}, {"type": "Feature", "geometry": {"type": "Point", "coordinates": [77.5, 8.25]}, "properties": {"day": 1, "forecast_date": "2026-04-28", "predicted_risk": 0.39333729171537374, "risk_band": "low", "recent_fire_score": 0.0003888200823429825, "hotspot_score": 0.00629755216793061}}, {"type": "Feature", "geometry": {"type": "Point", "coordinates": [77.75, 8.25]}, "properties": {"day": 1, "forecast_date": "2026-04-28", "predicted_risk": 0.3925108586734936, "risk_band": "low", "recent_fire_score": 0.0026063580086863217, "hotspot_score": 0.01594370144068525}}, {"type": "Feature", "geometry": {"type": "Point", "coordinates": [78.0, 8.25]}, "properties": {"day": 1, "forecast_date": "2026-04-28", "predicted_risk": 0.39986125711393977, "risk_band": "low", "recent_fire_score": 0.004866121955888113, "hotspot_score": 0.023055540899188702}}, {"type": "Feature", "geometry": {"type": "Point", "coordinates": [78.25, 8.25]}, "properties": {"day": 1, "forecast_date": "2026-04-28", "predicted_risk": 0.396439898420882, "risk_band": "low", "recent_fire_score": 0.0025893820787028098, "hotspot_score": 0.01914887491612042}}, {"type": "Feature", "geometry": {"type": "Point", "coordinates": [78.5, 8.25]}, "properties": {"day": 1, "forecast_date": "2026-04-28", "predicted_risk": 0.3968116462471497, "risk_band": "low", "recent_fire_score": 0.0004236291179608382, "hotspot_score": 0.00925802752360282}}, {"type": "Feature", "geometry": {"type": "Point", "coordinates": [78.75, 8.25]}, "properties": {"day": 1, "forecast_date": "2026-04-28", "predicted_risk": 0.3946399491334549, "risk_band": "low", "recent_fire_score": 2.5347369707415466e-05, "hotspot_score": 0.002641463352195356}}, {"type": "Feature", "geometry": {"type": "Point", "coordinates": [79.0, 8.25]}, "properties": {"day": 1, "forecast_date": "2026-04-28", "predicted_risk": 0.3955726419113128, "risk_band": "low", "recent_fire_score": 6.434368858964357e-07, "hotspot_score": 0.00044742238836139827}}, {"type": "Feature", "geometry": {"type": "Point", "coordinates": [79.25, 8.25]}, "properties": {"day": 1, "forecast_date": "2026-04-28", "predicted_risk": 0.3891726672544551, "risk_band": "low", "recent_fire_score": 6.225112941137508e-09, "hotspot_score": 4.472576463668124e-05}}, {"type": "Feature", "geometry": {"type": "Point", "coordinates": [79.5, 8.25]}, "properties": {"day": 1, "forecast_date": "2026-04-28", "predicted_risk": 0.38612943902513575, "risk_band": "low", "recent_fire_score": 1.900342295275593e-11, "hotspot_score": 2.598904637738148e-06}}, {"type": "Feature", "geometry": {"type": "Point", "coordinates": [79.75, 8.25]}, "properties": {"day": 1, "forecast_date": "2026-04-28", "predicted_risk": 0.39267497974572163, "risk_band": "low", "recent_fire_score": 1.6670243631680976e-14, "hotspot_score": 8.625045769033402e-08}}, {"type": "Feature", "geometry": {"type": "Point", "coordinates": [80.0, 8.25]}, "properties": {"day": 1, "forecast_date": "2026-04-28", "predicted_risk": 0.3865021803319134, "risk_band": "low", "recent_fire_score": 4.0771755229398715e-18, "hotspot_score": 1.6123746622783091e-09}}, {"type": "Feature", "geometry": {"type": "Point", "coordinates": [80.25, 8.25]}, "properties": {"day": 1, "forecast_date": "2026-04-28", "predicted_risk": 0.3833909516168411, "risk_band": "low", "recent_fire_score": 2.7579637400526893e-22, "hotspot_score": 1.7165129829740866e-11}}, {"type": "Feature", "geometry": {"type": "Point", "coordinates": [80.5, 8.25]}, "properties": {"day": 1, "forecast_date": "2026-04-28", "predicted_risk": 0.38339095161384, "risk_band": "low", "recent_fire_score": 8.062709268389928e-27, "hotspot_score": 1.5200532834045236e-13}}, {"type": "Feature", "geometry": {"type": "Point", "coordinates": [76.0, 8.5]}, "properties": {"day": 1, "forecast_date": "2026-04-28", "predicted_risk": 0.3993401830535108, "risk_band": "low", "recent_fire_score": 5.422273853239234e-06, "hotspot_score": 0.000799139859844258}}, {"type": "Feature", "geometry": {"type": "Point", "coordinates": [76.25, 8.5]}, "properties": {"day": 1, "forecast_date": "2026-04-28", "predicted_risk": 0.3897409152767389, "risk_band": "low", "recent_fire_score": 3.259085911239841e-05, "hotspot_score": 0.0018459202539270656}}, {"type": "Feature", "geometry": {"type": "Point", "coordinates": [76.5, 8.5]}, "properties": {"day": 1, "forecast_date": "2026-04-28", "predicted_risk": 0.38499473068129325, "risk_band": "low", "recent_fire_score": 5.394372055559797e-05, "hotspot_score": 0.0023231834698664838}}, {"type": "Feature", "geometry": {"type": "Point", "coordinates": [76.75, 8.5]}, "properties": {"day": 1, "forecast_date": "2026-04-28", "predicted_risk": 0.38691957527480614, "risk_band": "low", "recent_fire_score": 2.4606056139454625e-05, "hotspot_score": 0.001673770765223937}}, {"type": "Feature", "geometry": {"type": "Point", "coordinates": [77.0, 8.5]}, "properties": {"day": 1, "forecast_date": "2026-04-28", "predicted_risk": 0.39052047489122416, "risk_band": "low", "recent_fire_score": 5.256302773730924e-06, "hotspot_score": 0.0014821343718130762}}, {"type": "Feature", "geometry": {"type": "Point", "coordinates": [77.25, 8.5]}, "properties": {"day": 1, "forecast_date": "2026-04-28", "predicted_risk": 0.3888722614173423, "risk_band": "low", "recent_fire_score": 0.00010963076588000081, "hotspot_score": 0.005756436481780713}}, {"type": "Feature", "geometry": {"type": "Point", "coordinates": [77.5, 8.5]}, "properties": {"day": 1, "forecast_date": "2026-04-28", "predicted_risk": 0.3960810581674421, "risk_band": "low", "recent_fire_score": 0.0023294005512601934, "hotspot_score": 0.02270061261348087}}, {"type": "Feature", "geometry": {"type": "Point", "coordinates": [77.75, 8.5]}, "properties": {"day": 1, "forecast_date": "2026-04-28", "predicted_risk": 0.4091978714135672, "risk_band": "medium", "recent_fire_score": 0.015680812960840715, "hotspot_score": 0.05608081835718095}}, {"type": "Feature", "geometry": {"type": "Point", "coordinates": [78.0, 8.5]}, "properties": {"day": 1, "forecast_date": "2026-04-28", "predicted_risk": 0.4268553855829036, "risk_band": "medium", "recent_fire_score": 0.031437477591744235, "hotspot_score": 0.08268210520845043}}, {"type": "Feature", "geometry": {"type": "Point", "coordinates": [78.25, 8.5]}, "properties": {"day": 1, "forecast_date": "2026-04-28", "predicted_risk": 0.42096737053268535, "risk_band": "medium", "recent_fire_score": 0.02003089316979489, "hotspot_score": 0.07196557582823854}}, {"type": "Feature", "geometry": {"type": "Point", "coordinates": [78.5, 8.5]}, "properties": {"day": 1, "forecast_date": "2026-04-28", "predicted_risk": 0.4033820664730825, "risk_band": "medium", "recent_fire_score": 0.004715349461925579, "hotspot_score": 0.037026577806523596}}, {"type": "Feature", "geometry": {"type": "Point", "coordinates": [78.75, 8.5]}, "properties": {"day": 1, "forecast_date": "2026-04-28", "predicted_risk": 0.39475646071891285, "risk_band": "low", "recent_fire_score": 0.0004508285860126614, "hotspot_score": 0.011285869315880808}}, {"type": "Feature", "geometry": {"type": "Point", "coordinates": [79.0, 8.5]}, "properties": {"day": 1, "forecast_date": "2026-04-28", "predicted_risk": 0.39061850117934543, "risk_band": "low", "recent_fire_score": 1.5740906775103814e-05, "hotspot_score": 0.0020296010498554707}}, {"type": "Feature", "geometry": {"type": "Point", "coordinates": [79.25, 8.5]}, "properties": {"day": 1, "forecast_date": "2026-04-28", "predicted_risk": 0.38990637943603806, "risk_band": "low", "recent_fire_score": 1.719766987542362e-07, "hotspot_score": 0.00021294097908094387}}, {"type": "Feature", "geometry": {"type": "Point", "coordinates": [79.5, 8.5]}, "properties": {"day": 1, "forecast_date": "2026-04-28", "predicted_risk": 0.3878438981349344, "risk_band": "low", "recent_fire_score": 5.421759559557743e-10, "hotspot_score": 1.285069151683773e-05}}, {"type": "Feature", "geometry": {"type": "Point", "coordinates": [79.75, 8.5]}, "properties": {"day": 1, "forecast_date": "2026-04-28", "predicted_risk": 0.3889189245770828, "risk_band": "low", "recent_fire_score": 4.788957796937231e-13, "hotspot_score": 4.4139942876276636e-07}}, {"type": "Feature", "geometry": {"type": "Point", "coordinates": [80.0, 8.5]}, "properties": {"day": 1, "forecast_date": "2026-04-28", "predicted_risk": 0.3913355149342878, "risk_band": "low", "recent_fire_score": 1.176219626540945e-16, "hotspot_score": 8.80648451387536e-09}}, {"type": "Feature", "geometry": {"type": "Point", "coordinates": [80.25, 8.5]}, "properties": {"day": 1, "forecast_date": "2026-04-28", "predicted_risk": 0.38580761830759003, "risk_band": "low", "recent_fire_score": 1.452889344009949e-20, "hotspot_score": 1.5368548977463204e-10}}, {"type": "Feature", "geometry": {"type": "Point", "coordinates": [80.5, 8.5]}, "properties": {"day": 1, "forecast_date": "2026-04-28", "predicted_risk": 0.38822428494874583, "risk_band": "low", "recent_fire_score": 1.3173980350483284e-22, "hotspot_score": 9.06618709919258e-12}}, {"type": "Feature", "geometry": {"type": "Point", "coordinates": [76.0, 8.75]}, "properties": {"day": 1, "forecast_date": "2026-04-28", "predicted_risk": 0.4029068499085553, "risk_band": "medium", "recent_fire_score": 0.00020003508098859215, "hotspot_score": 0.004882184505711951}}, {"type": "Feature", "geometry": {"type": "Point", "coordinates": [76.25, 8.75]}, "properties": {"day": 1, "forecast_date": "2026-04-28", "predicted_risk": 0.3919589296774412, "risk_band": "low", "recent_fire_score": 0.001189179751414672, "hotspot_score": 0.011227628884604551}}, {"type": "Feature", "geometry": {"type": "Point", "coordinates": [76.5, 8.75]}, "properties": {"day": 1, "forecast_date": "2026-04-28", "predicted_risk": 0.39256419392066255, "risk_band": "low", "recent_fire_score": 0.0019487388313250292, "hotspot_score": 0.014062035657539771}}, {"type": "Feature", "geometry": {"type": "Point", "coordinates": [76.75, 8.75]}, "properties": {"day": 1, "forecast_date": "2026-04-28", "predicted_risk": 0.39168860576445513, "risk_band": "low", "recent_fire_score": 0.0008807536860747605, "hotspot_score": 0.009937515163913224}}, {"type": "Feature", "geometry": {"type": "Point", "coordinates": [77.0, 8.75]}, "properties": {"day": 1, "forecast_date": "2026-04-28", "predicted_risk": 0.39501473005755994, "risk_band": "low", "recent_fire_score": 0.00015086466409644451, "hotspot_score": 0.00687109898874516}}, {"type": "Feature", "geometry": {"type": "Point", "coordinates": [77.25, 8.75]}, "properties": {"day": 1, "forecast_date": "2026-04-28", "predicted_risk": 0.39957290104444887, "risk_band": "low", "recent_fire_score": 0.0008634620874734369, "hotspot_score": 0.018451248180027295}}, {"type": "Feature", "geometry": {"type": "Point", "coordinates": [77.5, 8.75]}, "properties": {"day": 1, "forecast_date": "2026-04-28", "predicted_risk": 0.4197860138601591, "risk_band": "medium", "recent_fire_score": 0.009023797096897776, "hotspot_score": 0.06211997556196729}}, {"type": "Feature", "geometry": {"type": "Point", "coordinates": [77.75, 8.75]}, "properties": {"day": 1, "forecast_date": "2026-04-28", "predicted_risk": 0.44372332832836964, "risk_band": "medium", "recent_fire_score": 0.050775866459755736, "hotspot_score": 0.14177461977982314}}, {"type": "Feature", "geometry": {"type": "Point", "coordinates": [78.0, 8.75]}, "properties": {"day": 1, "forecast_date": "2026-04-28", "predicted_risk": 0.6717480263142569, "risk_band": "medium", "recent_fire_score": 0.1129278556555244, "hotspot_score": 0.20409564024172647}}, {"type": "Feature", "geometry": {"type": "Point", "coordinates": [78.25, 8.75]}, "properties": {"day": 1, "forecast_date": "2026-04-28", "predicted_risk": 0.46159351137508087, "risk_band": "medium", "recent_fire_score": 0.09221355316544134, "hotspot_score": 0.17958206763678033}}, {"type": "Feature", "geometry": {"type": "Point", "coordinates": [78.5, 8.75]}, "properties": {"day": 1, "forecast_date": "2026-04-28", "predicted_risk": 0.43223823741155554, "risk_band": "medium", "recent_fire_score": 0.0289364179969107, "hotspot_score": 0.09510163679235475}}, {"type": "Feature", "geometry": {"type": "Point", "coordinates": [78.75, 8.75]}, "properties": {"day": 1, "forecast_date": "2026-04-28", "predicted_risk": 0.4075873565864171, "risk_band": "medium", "recent_fire_score": 0.003330927957856715, "hotspot_score": 0.030059128917201042}}, {"type": "Feature", "geometry": {"type": "Point", "coordinates": [79.0, 8.75]}, "properties": {"day": 1, "forecast_date": "2026-04-28", "predicted_risk": 0.39558204028087396, "risk_band": "low", "recent_fire_score": 0.00012487129951678052, "hotspot_score": 0.005620598006218811}}, {"type": "Feature", "geometry": {"type": "Point", "coordinates": [79.25, 8.75]}, "properties": {"day": 1, "forecast_date": "2026-04-28", "predicted_risk": 0.3984218400452401, "risk_band": "low", "recent_fire_score": 1.3962584068626484e-06, "hotspot_score": 0.000615502594824326}}, {"type": "Feature", "geometry": {"type": "Point", "coordinates": [79.5, 8.75]}, "properties": {"day": 1, "forecast_date": "2026-04-28", "predicted_risk": 0.3962053571597283, "risk_band": "low", "recent_fire_score": 4.481958774578475e-09, "hotspot_score": 3.929432177223625e-05}}, {"type": "Feature", "geometry": {"type": "Point", "coordinates": [79.75, 8.75]}, "properties": {"day": 1, "forecast_date": "2026-04-28", "predicted_risk": 0.3930780098000167, "risk_band": "low", "recent_fire_score": 4.1303677477466916e-12, "hotspot_score": 1.5163862125862975e-06}}, {"type": "Feature", "geometry": {"type": "Point", "coordinates": [80.0, 8.75]}, "properties": {"day": 1, "forecast_date": "2026-04-28", "predicted_risk": 0.39173830052487374, "risk_band": "low", "recent_fire_score": 2.4694985377149266e-15, "hotspot_score": 5.3096778606983914e-08}}, {"type": "Feature", "geometry": {"type": "Point", "coordinates": [80.25, 8.75]}, "properties": {"day": 1, "forecast_date": "2026-04-28", "predicted_risk": 0.3886270636603043, "risk_band": "low", "recent_fire_score": 7.735009285952112e-17, "hotspot_score": 5.302607684724486e-09}}, {"type": "Feature", "geometry": {"type": "Point", "coordinates": [80.5, 8.75]}, "properties": {"day": 1, "forecast_date": "2026-04-28", "predicted_risk": 0.39104372951793587, "risk_band": "low", "recent_fire_score": 1.6418016332077252e-18, "hotspot_score": 7.162404798073094e-10}}, {"type": "Feature", "geometry": {"type": "Point", "coordinates": [76.0, 9.0]}, "properties": {"day": 1, "forecast_date": "2026-04-28", "predicted_risk": 0.42655641005352174, "risk_band": "medium", "recent_fire_score": 0.0022544320009149853, "hotspot_score": 0.0173409812269025}}, {"type": "Feature", "geometry": {"type": "Point", "coordinates": [76.25, 9.0]}, "properties": {"day": 1, "forecast_date": "2026-04-28", "predicted_risk": 0.42053002582777343, "risk_band": "medium", "recent_fire_score": 0.013178971191338856, "hotspot_score": 0.03969749581690836}}, {"type": "Feature", "geometry": {"type": "Point", "coordinates": [76.5, 9.0]}, "properties": {"day": 1, "forecast_date": "2026-04-28", "predicted_risk": 0.42600562314671997, "risk_band": "medium", "recent_fire_score": 0.02125715826018838, "hotspot_score": 0.04947418401300745}}, {"type": "Feature", "geometry": {"type": "Point", "coordinates": [76.75, 9.0]}, "properties": {"day": 1, "forecast_date": "2026-04-28", "predicted_risk": 0.4232138342867676, "risk_band": "medium", "recent_fire_score": 0.009464629610113224, "hotspot_score": 0.03451280425496124}}, {"type": "Feature", "geometry": {"type": "Point", "coordinates": [77.0, 9.0]}, "properties": {"day": 1, "forecast_date": "2026-04-28", "predicted_risk": 0.41643016016942686, "risk_band": "medium", "recent_fire_score": 0.001526913383901798, "hotspot_score": 0.020897671753609067}}, {"type": "Feature", "geometry": {"type": "Point", "coordinates": [77.25, 9.0]}, "properties": {"day": 1, "forecast_date": "2026-04-28", "predicted_risk": 0.42530632208765756, "risk_band": "medium", "recent_fire_score": 0.006252587262719965, "hotspot_score": 0.043703995256057414}}, {"type": "Feature", "geometry": {"type": "Point", "coordinates": [77.5, 9.0]}, "properties": {"day": 1, "forecast_date": "2026-04-28", "predicted_risk": 0.4530394626717478, "risk_band": "medium", "recent_fire_score": 0.03753993821853892, "hotspot_score": 0.12816395466734218}}, {"type": "Feature", "geometry": {"type": "Point", "coordinates": [77.75, 9.0]}, "properties": {"day": 1, "forecast_date": "2026-04-28", "predicted_risk": 0.7222843753156372, "risk_band": "high", "recent_fire_score": 0.12340880315502384, "hotspot_score": 0.26318832559067196}}, {"type": "Feature", "geometry": {"type": "Point", "coordinates": [78.0, 9.0]}, "properties": {"day": 1, "forecast_date": "2026-04-28", "predicted_risk": 0.7647858635465692, "risk_band": "high", "recent_fire_score": 0.23629528261899857, "hotspot_score": 0.35393025723633764}}, {"type": "Feature", "geometry": {"type": "Point", "coordinates": [78.25, 9.0]}, "properties": {"day": 1, "forecast_date": "2026-04-28", "predicted_risk": 0.7510648517336185, "risk_band": "high", "recent_fire_score": 0.19937956929849132, "hotspot_score": 0.30187664296716765}}, {"type": "Feature", "geometry": {"type": "Point", "coordinates": [78.5, 9.0]}, "properties": {"day": 1, "forecast_date": "2026-04-28", "predicted_risk": 0.46259453192798006, "risk_band": "medium", "recent_fire_score": 0.06620132692665313, "hotspot_score": 0.15981638918146174}}, {"type": "Feature", "geometry": {"type": "Point", "coordinates": [78.75, 9.0]}, "properties": {"day": 1, "forecast_date": "2026-04-28", "predicted_risk": 0.4313838993056321, "risk_band": "medium", "recent_fire_score": 0.007985208296859876, "hotspot_score": 0.05192041735832411}}, {"type": "Feature", "geometry": {"type": "Point", "coordinates": [79.0, 9.0]}, "properties": {"day": 1, "forecast_date": "2026-04-28", "predicted_risk": 0.41518255663236814, "risk_band": "medium", "recent_fire_score": 0.0003194663595665874, "hotspot_score": 0.010286829029979848}}, {"type": "Feature", "geometry": {"type": "Point", "coordinates": [79.25, 9.0]}, "properties": {"day": 1, "forecast_date": "2026-04-28", "predicted_risk": 0.41033623247870005, "risk_band": "medium", "recent_fire_score": 4.0639060718372445e-06, "hotspot_score": 0.0012480454132864844}}, {"type": "Feature", "geometry": {"type": "Point", "coordinates": [79.5, 9.0]}, "properties": {"day": 1, "forecast_date": "2026-04-28", "predicted_risk": 0.4121760485995106, "risk_band": "medium", "recent_fire_score": 1.734152631498745e-08, "hotspot_score": 9.778388287542664e-05}}, {"type": "Feature", "geometry": {"type": "Point", "coordinates": [79.75, 9.0]}, "properties": {"day": 1, "forecast_date": "2026-04-28", "predicted_risk": 0.409412714569323, "risk_band": "medium", "recent_fire_score": 6.034234326338013e-11, "hotspot_score": 6.896797789086889e-06}}, {"type": "Feature", "geometry": {"type": "Point", "coordinates": [80.0, 9.0]}, "properties": {"day": 1, "forecast_date": "2026-04-28", "predicted_risk": 0.41290556077908835, "risk_band": "medium", "recent_fire_score": 3.929295888214511e-12, "hotspot_score": 1.0239778656920097e-06}}, {"type": "Feature", "geometry": {"type": "Point", "coordinates": [80.25, 9.0]}, "properties": {"day": 1, "forecast_date": "2026-04-28", "predicted_risk": 0.40496085718674485, "risk_band": "medium", "recent_fire_score": 2.580962512651491e-13, "hotspot_score": 2.199822645801131e-07}}, {"type": "Feature", "geometry": {"type": "Point", "coordinates": [80.5, 9.0]}, "properties": {"day": 1, "forecast_date": "2026-04-28", "predicted_risk": 0.40979415750095366, "risk_band": "medium", "recent_fire_score": 5.658724452765025e-15, "hotspot_score": 3.2799217631957565e-08}}, {"type": "Feature", "geometry": {"type": "Point", "coordinates": [76.0, 9.25]}, "properties": {"day": 1, "forecast_date": "2026-04-28", "predicted_risk": 0.43324950556415504, "risk_band": "medium", "recent_fire_score": 0.008696053342811172, "hotspot_score": 0.036522501215450365}}, {"type": "Feature", "geometry": {"type": "Point", "coordinates": [76.25, 9.25]}, "properties": {"day": 1, "forecast_date": "2026-04-28", "predicted_risk": 0.4467985206372782, "risk_band": "medium", "recent_fire_score": 0.04983122752306164, "hotspot_score": 0.08326317588804877}}, {"type": "Feature", "geometry": {"type": "Point", "coordinates": [76.5, 9.25]}, "properties": {"day": 1, "forecast_date": "2026-04-28", "predicted_risk": 0.44839389016943976, "risk_band": "medium", "recent_fire_score": 0.07878581603286221, "hotspot_score": 0.10332143541205407}}, {"type": "Feature", "geometry": {"type": "Point", "coordinates": [76.75, 9.25]}, "properties": {"day": 1, "forecast_date": "2026-04-28", "predicted_risk": 0.43580676976433513, "risk_band": "medium", "recent_fire_score": 0.034382321100602506, "hotspot_score": 0.07140113745547408}}, {"type": "Feature", "geometry": {"type": "Point", "coordinates": [77.0, 9.25]}, "properties": {"day": 1, "forecast_date": "2026-04-28", "predicted_risk": 0.42060058751755913, "risk_band": "medium", "recent_fire_score": 0.005079932956480021, "hotspot_score": 0.03963224864480014}}, {"type": "Feature", "geometry": {"type": "Point", "coordinates": [77.25, 9.25]}, "properties": {"day": 1, "forecast_date": "2026-04-28", "predicted_risk": 0.44127681068519997, "risk_band": "medium", "recent_fire_score": 0.015989617837537135, "hotspot_score": 0.07007281210566682}}, {"type": "Feature", "geometry": {"type": "Point", "coordinates": [77.5, 9.25]}, "properties": {"day": 1, "forecast_date": "2026-04-28", "predicted_risk": 0.4732008254361465, "risk_band": "medium", "recent_fire_score": 0.08720055101829548, "hotspot_score": 0.19094961840237543}}, {"type": "Feature", "geometry": {"type": "Point", "coordinates": [77.75, 9.25]}, "properties": {"day": 1, "forecast_date": "2026-04-28", "predicted_risk": 0.7608893040272952, "risk_band": "high", "recent_fire_score": 0.21423911069905324, "hotspot_score": 0.3651043563481009}}, {"type": "Feature", "geometry": {"type": "Point", "coordinates": [78.0, 9.25]}, "properties": {"day": 1, "forecast_date": "2026-04-28", "predicted_risk": 0.7898694986540407, "risk_band": "high", "recent_fire_score": 0.2946252442462195, "hotspot_score": 0.4585187266435017}}, {"type": "Feature", "geometry": {"type": "Point", "coordinates": [78.25, 9.25]}, "properties": {"day": 1, "forecast_date": "2026-04-28", "predicted_risk": 0.7644231770693897, "risk_band": "high", "recent_fire_score": 0.20455178626788892, "hotspot_score": 0.3739992974879915}}, {"type": "Feature", "geometry": {"type": "Point", "coordinates": [78.5, 9.25]}, "properties": {"day": 1, "forecast_date": "2026-04-28", "predicted_risk": 0.47872078150246933, "risk_band": "medium", "recent_fire_score": 0.06884756705328188, "hotspot_score": 0.19796832847463358}}, {"type": "Feature", "geometry": {"type": "Point", "coordinates": [78.75, 9.25]}, "properties": {"day": 1, "forecast_date": "2026-04-28", "predicted_risk": 0.4360907423383612, "risk_band": "medium", "recent_fire_score": 0.010727709315685582, "hotspot_score": 0.06853471897800825}}, {"type": "Feature", "geometry": {"type": "Point", "coordinates": [79.0, 9.25]}, "properties": {"day": 1, "forecast_date": "2026-04-28", "predicted_risk": 0.4129911749553571, "risk_band": "medium", "recent_fire_score": 0.0006703634584426528, "hotspot_score": 0.015775218648538664}}, {"type": "Feature", "geometry": {"type": "Point", "coordinates": [79.25, 9.25]}, "properties": {"day": 1, "forecast_date": "2026-04-28", "predicted_risk": 0.41298399603229974, "risk_band": "medium", "recent_fire_score": 1.674721669403453e-05, "hotspot_score": 0.002548153010116398}}, {"type": "Feature", "geometry": {"type": "Point", "coordinates": [79.5, 9.25]}, "properties": {"day": 1, "forecast_date": "2026-04-28", "predicted_risk": 0.4154292927427885, "risk_band": "medium", "recent_fire_score": 2.854459651043839e-07, "hotspot_score": 0.00035310724100233996}}, {"type": "Feature", "geometry": {"type": "Point", "coordinates": [79.75, 9.25]}, "properties": {"day": 1, "forecast_date": "2026-04-28", "predicted_risk": 0.4155804308539605, "risk_band": "medium", "recent_fire_score": 2.1086071128354437e-08, "hotspot_score": 7.058425907510563e-05}}, {"type": "Feature", "geometry": {"type": "Point", "coordinates": [80.0, 9.25]}, "properties": {"day": 1, "forecast_date": "2026-04-28", "predicted_risk": 0.408075829293409, "risk_band": "medium", "recent_fire_score": 3.3317572563819536e-09, "hotspot_score": 2.1440000638380548e-05}}, {"type": "Feature", "geometry": {"type": "Point", "coordinates": [80.25, 9.25]}, "properties": {"day": 1, "forecast_date": "2026-04-28", "predicted_risk": 0.40979509510538764, "risk_band": "medium", "recent_fire_score": 2.4070686301524736e-10, "hotspot_score": 5.34782797506947e-06}}, {"type": "Feature", "geometry": {"type": "Point", "coordinates": [80.5, 9.25]}, "properties": {"day": 1, "forecast_date": "2026-04-28", "predicted_risk": 0.407377630266657, "risk_band": "medium", "recent_fire_score": 5.377087132723584e-12, "hotspot_score": 8.232279336884124e-07}}, {"type": "Feature", "geometry": {"type": "Point", "coordinates": [76.0, 9.5]}, "properties": {"day": 1, "forecast_date": "2026-04-28", "predicted_risk": 0.44053223328969915, "risk_band": "medium", "recent_fire_score": 0.01331124264712837, "hotspot_score": 0.046252607951143505}}, {"type": "Feature", "geometry": {"type": "Point", "coordinates": [76.25, 9.5]}, "properties": {"day": 1, "forecast_date": "2026-04-28", "predicted_risk": 0.4511294230239469, "risk_band": "medium", "recent_fire_score": 0.0753103212009954, "hotspot_score": 0.1049587213126138}}, {"type": "Feature", "geometry": {"type": "Point", "coordinates": [76.5, 9.5]}, "properties": {"day": 1, "forecast_date": "2026-04-28", "predicted_risk": 0.4671397388647498, "risk_band": "medium", "recent_fire_score": 0.11740398317851578, "hotspot_score": 0.12994867680810926}}, {"type": "Feature", "geometry": {"type": "Point", "coordinates": [76.75, 9.5]}, "properties": {"day": 1, "forecast_date": "2026-04-28", "predicted_risk": 0.4395496395996026, "risk_band": "medium", "recent_fire_score": 0.050448603781328746, "hotspot_score": 0.0903251204963184}}, {"type": "Feature", "geometry": {"type": "Point", "coordinates": [77.0, 9.5]}, "properties": {"day": 1, "forecast_date": "2026-04-28", "predicted_risk": 0.42726588869411164, "risk_band": "medium", "recent_fire_score": 0.0067372913429817145, "hotspot_score": 0.050956572456711514}}, {"type": "Feature", "geometry": {"type": "Point", "coordinates": [77.25, 9.5]}, "properties": {"day": 1, "forecast_date": "2026-04-28", "predicted_risk": 0.44171811572825426, "risk_band": "medium", "recent_fire_score": 0.013108161145601947, "hotspot_score": 0.08278881982017114}}, {"type": "Feature", "geometry": {"type": "Point", "coordinates": [77.5, 9.5]}, "properties": {"day": 1, "forecast_date": "2026-04-28", "predicted_risk": 0.5694451133880308, "risk_band": "medium", "recent_fire_score": 0.0819160217412023, "hotspot_score": 0.2107897086578069}}, {"type": "Feature", "geometry": {"type": "Point", "coordinates": [77.75, 9.5]}, "properties": {"day": 1, "forecast_date": "2026-04-28", "predicted_risk": 0.7645018129302531, "risk_band": "high", "recent_fire_score": 0.23501722941947578, "hotspot_score": 0.38874660619850016}}, {"type": "Feature", "geometry": {"type": "Point", "coordinates": [78.0, 9.5]}, "properties": {"day": 1, "forecast_date": "2026-04-28", "predicted_risk": 0.7950263907515557, "risk_band": "high", "recent_fire_score": 0.31556358949591146, "hotspot_score": 0.473200049969539}}, {"type": "Feature", "geometry": {"type": "Point", "coordinates": [78.25, 9.5]}, "properties": {"day": 1, "forecast_date": "2026-04-28", "predicted_risk": 0.7628444813118533, "risk_band": "high", "recent_fire_score": 0.20708167964289548, "hotspot_score": 0.37986212428438343}}, {"type": "Feature", "geometry": {"type": "Point", "coordinates": [78.5, 9.5]}, "properties": {"day": 1, "forecast_date": "2026-04-28", "predicted_risk": 0.5772262736288729, "risk_band": "medium", "recent_fire_score": 0.08823664001338814, "hotspot_score": 0.20883462106323278}}, {"type": "Feature", "geometry": {"type": "Point", "coordinates": [78.75, 9.5]}, "properties": {"day": 1, "forecast_date": "2026-04-28", "predicted_risk": 0.4446813176451024, "risk_band": "medium", "recent_fire_score": 0.02129111318017268, "hotspot_score": 0.08353500446212425}}, {"type": "Feature", "geometry": {"type": "Point", "coordinates": [79.0, 9.5]}, "properties": {"day": 1, "forecast_date": "2026-04-28", "predicted_risk": 0.42095363138015257, "risk_band": "medium", "recent_fire_score": 0.0024616053272055165, "hotspot_score": 0.025947365574588464}}, {"type": "Feature", "geometry": {"type": "Point", "coordinates": [79.25, 9.5]}, "properties": {"day": 1, "forecast_date": "2026-04-28", "predicted_risk": 0.409304464373351, "risk_band": "medium", "recent_fire_score": 0.0001840863340640635, "hotspot_score": 0.006789276970467462}}, {"type": "Feature", "geometry": {"type": "Point", "coordinates": [79.5, 9.5]}, "properties": {"day": 1, "forecast_date": "2026-04-28", "predicted_risk": 0.4111936226782054, "risk_band": "medium", "recent_fire_score": 1.6108617500946405e-05, "hotspot_score": 0.0018635868958609414}}, {"type": "Feature", "geometry": {"type": "Point", "coordinates": [79.75, 9.5]}, "properties": {"day": 1, "forecast_date": "2026-04-28", "predicted_risk": 0.4140230945883747, "risk_band": "medium", "recent_fire_score": 4.035471946129143e-06, "hotspot_score": 0.0007034341583008676}}, {"type": "Feature", "geometry": {"type": "Point", "coordinates": [80.0, 9.5]}, "properties": {"day": 1, "forecast_date": "2026-04-28", "predicted_risk": 0.41152968057867306, "risk_band": "medium", "recent_fire_score": 8.143699381624815e-07, "hotspot_score": 0.0002708893833762542}}, {"type": "Feature", "geometry": {"type": "Point", "coordinates": [80.25, 9.5]}, "properties": {"day": 1, "forecast_date": "2026-04-28", "predicted_risk": 0.41187710685902, "risk_band": "medium", "recent_fire_score": 6.22872017456353e-08, "hotspot_score": 7.177810034306687e-05}}, {"type": "Feature", "geometry": {"type": "Point", "coordinates": [80.5, 9.5]}, "properties": {"day": 1, "forecast_date": "2026-04-28", "predicted_risk": 0.40812661371526915, "risk_band": "medium", "recent_fire_score": 1.4070031077661468e-09, "hotspot_score": 1.1276569042972138e-05}}, {"type": "Feature", "geometry": {"type": "Point", "coordinates": [76.0, 9.75]}, "properties": {"day": 1, "forecast_date": "2026-04-28", "predicted_risk": 0.4294310981845468, "risk_band": "medium", "recent_fire_score": 0.008233891776784125, "hotspot_score": 0.036479934866698045}}, {"type": "Feature", "geometry": {"type": "Point", "coordinates": [76.25, 9.75]}, "properties": {"day": 1, "forecast_date": "2026-04-28", "predicted_risk": 0.44015211845093805, "risk_band": "medium", "recent_fire_score": 0.04641187085950539, "hotspot_score": 0.08042360253099937}}, {"type": "Feature", "geometry": {"type": "Point", "coordinates": [76.5, 9.75]}, "properties": {"day": 1, "forecast_date": "2026-04-28", "predicted_risk": 0.4490411596075008, "risk_band": "medium", "recent_fire_score": 0.07218048979343267, "hotspot_score": 0.09965702113853656}}, {"type": "Feature", "geometry": {"type": "Point", "coordinates": [76.75, 9.75]}, "properties": {"day": 1, "forecast_date": "2026-04-28", "predicted_risk": 0.4396627108587111, "risk_band": "medium", "recent_fire_score": 0.031109436754240306, "hotspot_score": 0.07597259974242829}}, {"type": "Feature", "geometry": {"type": "Point", "coordinates": [77.0, 9.75]}, "properties": {"day": 1, "forecast_date": "2026-04-28", "predicted_risk": 0.43213819545503607, "risk_band": "medium", "recent_fire_score": 0.0062961625686679575, "hotspot_score": 0.06522403584887496}}, {"type": "Feature", "geometry": {"type": "Point", "coordinates": [77.25, 9.75]}, "properties": {"day": 1, "forecast_date": "2026-04-28", "predicted_risk": 0.44382342063947944, "risk_band": "medium", "recent_fire_score": 0.014153048999161737, "hotspot_score": 0.11562161317483238}}, {"type": "Feature", "geometry": {"type": "Point", "coordinates": [77.5, 9.75]}, "properties": {"day": 1, "forecast_date": "2026-04-28", "predicted_risk": 0.46561337422016036, "risk_band": "medium", "recent_fire_score": 0.05366763383274593, "hotspot_score": 0.22374914334553894}}, {"type": "Feature", "geometry": {"type": "Point", "coordinates": [77.75, 9.75]}, "properties": {"day": 1, "forecast_date": "2026-04-28", "predicted_risk": 0.7517085151504822, "risk_band": "high", "recent_fire_score": 0.16821675858067472, "hotspot_score": 0.34839143519778926}}, {"type": "Feature", "geometry": {"type": "Point", "coordinates": [78.0, 9.75]}, "properties": {"day": 1, "forecast_date": "2026-04-28", "predicted_risk": 0.7786257041514968, "risk_band": "high", "recent_fire_score": 0.2531290903439932, "hotspot_score": 0.3965874239067715}}, {"type": "Feature", "geometry": {"type": "Point", "coordinates": [78.25, 9.75]}, "properties": {"day": 1, "forecast_date": "2026-04-28", "predicted_risk": 0.7504284434116943, "risk_band": "high", "recent_fire_score": 0.17215232063490815, "hotspot_score": 0.3166847725677741}}, {"type": "Feature", "geometry": {"type": "Point", "coordinates": [78.5, 9.75]}, "properties": {"day": 1, "forecast_date": "2026-04-28", "predicted_risk": 0.4682152812187785, "risk_band": "medium", "recent_fire_score": 0.08275261697878353, "hotspot_score": 0.18949800554713275}}, {"type": "Feature", "geometry": {"type": "Point", "coordinates": [78.75, 9.75]}, "properties": {"day": 1, "forecast_date": "2026-04-28", "predicted_risk": 0.4484892602121918, "risk_band": "medium", "recent_fire_score": 0.03546277943241928, "hotspot_score": 0.0976209584469272}}, {"type": "Feature", "geometry": {"type": "Point", "coordinates": [79.0, 9.75]}, "properties": {"day": 1, "forecast_date": "2026-04-28", "predicted_risk": 0.42657327694963687, "risk_band": "medium", "recent_fire_score": 0.011726939617393099, "hotspot_score": 0.045561341582468703}}, {"type": "Feature", "geometry": {"type": "Point", "coordinates": [79.25, 9.75]}, "properties": {"day": 1, "forecast_date": "2026-04-28", "predicted_risk": 0.4156271108325721, "risk_band": "medium", "recent_fire_score": 0.0021087087346139013, "hotspot_score": 0.018941826892749956}}, {"type": "Feature", "geometry": {"type": "Point", "coordinates": [79.5, 9.75]}, "properties": {"day": 1, "forecast_date": "2026-04-28", "predicted_risk": 0.4096583098772364, "risk_band": "medium", "recent_fire_score": 0.0005661843698345359, "hotspot_score": 0.008494983977993314}}, {"type": "Feature", "geometry": {"type": "Point", "coordinates": [79.75, 9.75]}, "properties": {"day": 1, "forecast_date": "2026-04-28", "predicted_risk": 0.41239353925213695, "risk_band": "medium", "recent_fire_score": 0.00024045058807875547, "hotspot_score": 0.0044501647831705375}}, {"type": "Feature", "geometry": {"type": "Point", "coordinates": [80.0, 9.75]}, "properties": {"day": 1, "forecast_date": "2026-04-28", "predicted_risk": 0.40708837244060403, "risk_band": "medium", "recent_fire_score": 5.624261940618645e-05, "hotspot_score": 0.0019201066553840179}}, {"type": "Feature", "geometry": {"type": "Point", "coordinates": [80.25, 9.75]}, "properties": {"day": 1, "forecast_date": "2026-04-28", "predicted_risk": 0.4119546769204195, "risk_band": "medium", "recent_fire_score": 4.455523947013764e-06, "hotspot_score": 0.0005279947839105316}}, {"type": "Feature", "geometry": {"type": "Point", "coordinates": [80.5, 9.75]}, "properties": {"day": 1, "forecast_date": "2026-04-28", "predicted_risk": 0.4049686530419735, "risk_band": "medium", "recent_fire_score": 1.01311882213685e-07, "hotspot_score": 8.419198022680315e-05}}, {"type": "Feature", "geometry": {"type": "Point", "coordinates": [76.0, 10.0]}, "properties": {"day": 1, "forecast_date": "2026-04-28", "predicted_risk": 0.4220283465320138, "risk_band": "medium", "recent_fire_score": 0.0029927736802959934, "hotspot_score": 0.026032092740698745}}, {"type": "Feature", "geometry": {"type": "Point", "coordinates": [76.25, 10.0]}, "properties": {"day": 1, "forecast_date": "2026-04-28", "predicted_risk": 0.42025997322154596, "risk_band": "medium", "recent_fire_score": 0.010650220872586692, "hotspot_score": 0.043706744122742454}}, {"type": "Feature", "geometry": {"type": "Point", "coordinates": [76.5, 10.0]}, "properties": {"day": 1, "forecast_date": "2026-04-28", "predicted_risk": 0.4243623170372045, "risk_band": "medium", "recent_fire_score": 0.015719967394353912, "hotspot_score": 0.0520497223376077}}, {"type": "Feature", "geometry": {"type": "Point", "coordinates": [76.75, 10.0]}, "properties": {"day": 1, "forecast_date": "2026-04-28", "predicted_risk": 0.4289206744380717, "risk_band": "medium", "recent_fire_score": 0.00889781070453035, "hotspot_score": 0.05977665385645313}}, {"type": "Feature", "geometry": {"type": "Point", "coordinates": [77.0, 10.0]}, "properties": {"day": 1, "forecast_date": "2026-04-28", "predicted_risk": 0.4449416937817481, "risk_band": "medium", "recent_fire_score": 0.025020236017836903, "hotspot_score": 0.11333617209441758}}, {"type": "Feature", "geometry": {"type": "Point", "coordinates": [77.25, 10.0]}, "properties": {"day": 1, "forecast_date": "2026-04-28", "predicted_risk": 0.6971934986853177, "risk_band": "medium", "recent_fire_score": 0.09417862052633144, "hotspot_score": 0.22144093468412382}}, {"type": "Feature", "geometry": {"type": "Point", "coordinates": [77.5, 10.0]}, "properties": {"day": 1, "forecast_date": "2026-04-28", "predicted_risk": 0.7455368136103881, "risk_band": "high", "recent_fire_score": 0.14543916050343578, "hotspot_score": 0.31041023778428484}}, {"type": "Feature", "geometry": {"type": "Point", "coordinates": [77.75, 10.0]}, "properties": {"day": 1, "forecast_date": "2026-04-28", "predicted_risk": 0.7471413168702334, "risk_band": "high", "recent_fire_score": 0.13551372732859202, "hotspot_score": 0.327304615890173}}, {"type": "Feature", "geometry": {"type": "Point", "coordinates": [78.0, 10.0]}, "properties": {"day": 1, "forecast_date": "2026-04-28", "predicted_risk": 0.7390320911149882, "risk_band": "high", "recent_fire_score": 0.13432239654445108, "hotspot_score": 0.28513425028549794}}, {"type": "Feature", "geometry": {"type": "Point", "coordinates": [78.25, 10.0]}, "properties": {"day": 1, "forecast_date": "2026-04-28", "predicted_risk": 0.5786833246430736, "risk_band": "medium", "recent_fire_score": 0.08463360319872057, "hotspot_score": 0.2091168452579977}}, {"type": "Feature", "geometry": {"type": "Point", "coordinates": [78.5, 10.0]}, "properties": {"day": 1, "forecast_date": "2026-04-28", "predicted_risk": 0.46423581981045986, "risk_band": "medium", "recent_fire_score": 0.05471692098844905, "hotspot_score": 0.14349435796047746}}, {"type": "Feature", "geometry": {"type": "Point", "coordinates": [78.75, 10.0]}, "properties": {"day": 1, "forecast_date": "2026-04-28", "predicted_risk": 0.45264309659293045, "risk_band": "medium", "recent_fire_score": 0.06553466181053942, "hotspot_score": 0.10555989330806653}}, {"type": "Feature", "geometry": {"type": "Point", "coordinates": [79.0, 10.0]}, "properties": {"day": 1, "forecast_date": "2026-04-28", "predicted_risk": 0.43829391085381986, "risk_band": "medium", "recent_fire_score": 0.037024481160220744, "hotspot_score": 0.07157608796394108}}, {"type": "Feature", "geometry": {"type": "Point", "coordinates": [79.25, 10.0]}, "properties": {"day": 1, "forecast_date": "2026-04-28", "predicted_risk": 0.4188977705476668, "risk_band": "medium", "recent_fire_score": 0.011899820080164677, "hotspot_score": 0.04187019486258209}}, {"type": "Feature", "geometry": {"type": "Point", "coordinates": [79.5, 10.0]}, "properties": {"day": 1, "forecast_date": "2026-04-28", "predicted_risk": 0.4099489920193657, "risk_band": "medium", "recent_fire_score": 0.007340926767847285, "hotspot_score": 0.026113014945941534}}, {"type": "Feature", "geometry": {"type": "Point", "coordinates": [79.75, 10.0]}, "properties": {"day": 1, "forecast_date": "2026-04-28", "predicted_risk": 0.41021537413156933, "risk_band": "medium", "recent_fire_score": 0.004211809460765246, "hotspot_score": 0.016381785378473308}}, {"type": "Feature", "geometry": {"type": "Point", "coordinates": [80.0, 10.0]}, "properties": {"day": 1, "forecast_date": "2026-04-28", "predicted_risk": 0.40580491870348245, "risk_band": "medium", "recent_fire_score": 0.0010862110396885707, "hotspot_score": 0.007534955331653473}}, {"type": "Feature", "geometry": {"type": "Point", "coordinates": [80.25, 10.0]}, "properties": {"day": 1, "forecast_date": "2026-04-28", "predicted_risk": 0.40401749288167466, "risk_band": "medium", "recent_fire_score": 8.790503916394161e-05, "hotspot_score": 0.0021239641574784564}}, {"type": "Feature", "geometry": {"type": "Point", "coordinates": [80.5, 10.0]}, "properties": {"day": 1, "forecast_date": "2026-04-28", "predicted_risk": 0.4050144654410943, "risk_band": "medium", "recent_fire_score": 2.0066188815924337e-06, "hotspot_score": 0.00034240243130822}}, {"type": "Feature", "geometry": {"type": "Point", "coordinates": [76.0, 10.25]}, "properties": {"day": 1, "forecast_date": "2026-04-28", "predicted_risk": 0.42886141783802356, "risk_band": "medium", "recent_fire_score": 0.01662055098024504, "hotspot_score": 0.04036086091286446}}, {"type": "Feature", "geometry": {"type": "Point", "coordinates": [76.25, 10.25]}, "properties": {"day": 1, "forecast_date": "2026-04-28", "predicted_risk": 0.42027213295271915, "risk_band": "medium", "recent_fire_score": 0.009816787605764432, "hotspot_score": 0.03880040431386811}}, {"type": "Feature", "geometry": {"type": "Point", "coordinates": [76.5, 10.25]}, "properties": {"day": 1, "forecast_date": "2026-04-28", "predicted_risk": 0.41384342247602834, "risk_band": "medium", "recent_fire_score": 0.0029630105505007104, "hotspot_score": 0.0351414267430185}}, {"type": "Feature", "geometry": {"type": "Point", "coordinates": [76.75, 10.25]}, "properties": {"day": 1, "forecast_date": "2026-04-28", "predicted_risk": 0.42973236191350056, "risk_band": "medium", "recent_fire_score": 0.008628520964562243, "hotspot_score": 0.06474153010848349}}, {"type": "Feature", "geometry": {"type": "Point", "coordinates": [77.0, 10.25]}, "properties": {"day": 1, "forecast_date": "2026-04-28", "predicted_risk": 0.46599879966432706, "risk_band": "medium", "recent_fire_score": 0.0688008003343803, "hotspot_score": 0.1704825244857638}}, {"type": "Feature", "geometry": {"type": "Point", "coordinates": [77.25, 10.25]}, "properties": {"day": 1, "forecast_date": "2026-04-28", "predicted_risk": 0.7722294686525016, "risk_band": "high", "recent_fire_score": 0.24373556043911285, "hotspot_score": 0.32880335152246315}}, {"type": "Feature", "geometry": {"type": "Point", "coordinates": [77.5, 10.25]}, "properties": {"day": 1, "forecast_date": "2026-04-28", "predicted_risk": 0.8028674180776127, "risk_band": "high", "recent_fire_score": 0.3376028127934833, "hotspot_score": 0.4029232892541725}}, {"type": "Feature", "geometry": {"type": "Point", "coordinates": [77.75, 10.25]}, "properties": {"day": 1, "forecast_date": "2026-04-28", "predicted_risk": 0.760183027487162, "risk_band": "high", "recent_fire_score": 0.19042938653813588, "hotspot_score": 0.32381059848936544}}, {"type": "Feature", "geometry": {"type": "Point", "coordinates": [78.0, 10.25]}, "properties": {"day": 1, "forecast_date": "2026-04-28", "predicted_risk": 0.4747145006198621, "risk_band": "medium", "recent_fire_score": 0.06162097528129458, "hotspot_score": 0.195042494790619}}, {"type": "Feature", "geometry": {"type": "Point", "coordinates": [78.25, 10.25]}, "properties": {"day": 1, "forecast_date": "2026-04-28", "predicted_risk": 0.4509802003991661, "risk_band": "medium", "recent_fire_score": 0.02439997580495249, "hotspot_score": 0.11475323015581827}}, {"type": "Feature", "geometry": {"type": "Point", "coordinates": [78.5, 10.25]}, "properties": {"day": 1, "forecast_date": "2026-04-28", "predicted_risk": 0.4471804008035929, "risk_band": "medium", "recent_fire_score": 0.03356291907846876, "hotspot_score": 0.09727296506694844}}, {"type": "Feature", "geometry": {"type": "Point", "coordinates": [78.75, 10.25]}, "properties": {"day": 1, "forecast_date": "2026-04-28", "predicted_risk": 0.45188456003628696, "risk_band": "medium", "recent_fire_score": 0.06400353246149058, "hotspot_score": 0.10784453794913963}}, {"type": "Feature", "geometry": {"type": "Point", "coordinates": [79.0, 10.25]}, "properties": {"day": 1, "forecast_date": "2026-04-28", "predicted_risk": 0.44682780701820685, "risk_band": "medium", "recent_fire_score": 0.04527763889389433, "hotspot_score": 0.09976963578612416}}, {"type": "Feature", "geometry": {"type": "Point", "coordinates": [79.25, 10.25]}, "properties": {"day": 1, "forecast_date": "2026-04-28", "predicted_risk": 0.4345600770770427, "risk_band": "medium", "recent_fire_score": 0.028989100791096324, "hotspot_score": 0.07420572232240252}}, {"type": "Feature", "geometry": {"type": "Point", "coordinates": [79.5, 10.25]}, "properties": {"day": 1, "forecast_date": "2026-04-28", "predicted_risk": 0.42849132473064777, "risk_band": "medium", "recent_fire_score": 0.03005039655646906, "hotspot_score": 0.05328597336721804}}, {"type": "Feature", "geometry": {"type": "Point", "coordinates": [79.75, 10.25]}, "properties": {"day": 1, "forecast_date": "2026-04-28", "predicted_risk": 0.4182757125309757, "risk_band": "medium", "recent_fire_score": 0.02121256541561298, "hotspot_score": 0.035017652483902845}}, {"type": "Feature", "geometry": {"type": "Point", "coordinates": [80.0, 10.25]}, "properties": {"day": 1, "forecast_date": "2026-04-28", "predicted_risk": 0.40802912710277234, "risk_band": "medium", "recent_fire_score": 0.0058278917228841666, "hotspot_score": 0.016418240233008228}}, {"type": "Feature", "geometry": {"type": "Point", "coordinates": [80.25, 10.25]}, "properties": {"day": 1, "forecast_date": "2026-04-28", "predicted_risk": 0.402105860094016, "risk_band": "medium", "recent_fire_score": 0.0004777054668004899, "hotspot_score": 0.004680696242158942}}, {"type": "Feature", "geometry": {"type": "Point", "coordinates": [80.5, 10.25]}, "properties": {"day": 1, "forecast_date": "2026-04-28", "predicted_risk": 0.40267256005147334, "risk_band": "medium", "recent_fire_score": 1.0929594062832545e-05, "hotspot_score": 0.0007592082855342737}}, {"type": "Feature", "geometry": {"type": "Point", "coordinates": [76.0, 10.5]}, "properties": {"day": 1, "forecast_date": "2026-04-28", "predicted_risk": 0.44588681517983736, "risk_band": "medium", "recent_fire_score": 0.060691682970847254, "hotspot_score": 0.07085711513512767}}, {"type": "Feature", "geometry": {"type": "Point", "coordinates": [76.25, 10.5]}, "properties": {"day": 1, "forecast_date": "2026-04-28", "predicted_risk": 0.4313130858412076, "risk_band": "medium", "recent_fire_score": 0.034057919923123604, "hotspot_score": 0.06334485792065156}}, {"type": "Feature", "geometry": {"type": "Point", "coordinates": [76.5, 10.5]}, "properties": {"day": 1, "forecast_date": "2026-04-28", "predicted_risk": 0.4208617608430998, "risk_band": "medium", "recent_fire_score": 0.008344471817209813, "hotspot_score": 0.051700256121928176}}, {"type": "Feature", "geometry": {"type": "Point", "coordinates": [76.75, 10.5]}, "properties": {"day": 1, "forecast_date": "2026-04-28", "predicted_risk": 0.43085112480456034, "risk_band": "medium", "recent_fire_score": 0.017426542538336167, "hotspot_score": 0.07787091654613315}}, {"type": "Feature", "geometry": {"type": "Point", "coordinates": [77.0, 10.5]}, "properties": {"day": 1, "forecast_date": "2026-04-28", "predicted_risk": 0.4572786042787126, "risk_band": "medium", "recent_fire_score": 0.07049795107984741, "hotspot_score": 0.16972334674354259}}, {"type": "Feature", "geometry": {"type": "Point", "coordinates": [77.25, 10.5]}, "properties": {"day": 1, "forecast_date": "2026-04-28", "predicted_risk": 0.7582145108308196, "risk_band": "high", "recent_fire_score": 0.19376223829599568, "hotspot_score": 0.2972809591006896}}, {"type": "Feature", "geometry": {"type": "Point", "coordinates": [77.5, 10.5]}, "properties": {"day": 1, "forecast_date": "2026-04-28", "predicted_risk": 0.7743894416498149, "risk_band": "high", "recent_fire_score": 0.24760594709471445, "hotspot_score": 0.34021454206271745}}, {"type": "Feature", "geometry": {"type": "Point", "coordinates": [77.75, 10.5]}, "properties": {"day": 1, "forecast_date": "2026-04-28", "predicted_risk": 0.7272414028218213, "risk_band": "high", "recent_fire_score": 0.12904928839460209, "hotspot_score": 0.2446477712587441}}, {"type": "Feature", "geometry": {"type": "Point", "coordinates": [78.0, 10.5]}, "properties": {"day": 1, "forecast_date": "2026-04-28", "predicted_risk": 0.45020211941683097, "risk_band": "medium", "recent_fire_score": 0.02673386310797182, "hotspot_score": 0.11849290049707648}}, {"type": "Feature", "geometry": {"type": "Point", "coordinates": [78.25, 10.5]}, "properties": {"day": 1, "forecast_date": "2026-04-28", "predicted_risk": 0.4332793595498069, "risk_band": "medium", "recent_fire_score": 0.004600602849571083, "hotspot_score": 0.06304573364721724}}, {"type": "Feature", "geometry": {"type": "Point", "coordinates": [78.5, 10.5]}, "properties": {"day": 1, "forecast_date": "2026-04-28", "predicted_risk": 0.4411477584142784, "risk_band": "medium", "recent_fire_score": 0.01451661700155279, "hotspot_score": 0.09023746555759637}}, {"type": "Feature", "geometry": {"type": "Point", "coordinates": [78.75, 10.5]}, "properties": {"day": 1, "forecast_date": "2026-04-28", "predicted_risk": 0.4547999260430804, "risk_band": "medium", "recent_fire_score": 0.04354830326118709, "hotspot_score": 0.15804215315675413}}, {"type": "Feature", "geometry": {"type": "Point", "coordinates": [79.0, 10.5]}, "properties": {"day": 1, "forecast_date": "2026-04-28", "predicted_risk": 0.46068333231503467, "risk_band": "medium", "recent_fire_score": 0.05101935995197917, "hotspot_score": 0.18663818832740148}}, {"type": "Feature", "geometry": {"type": "Point", "coordinates": [79.25, 10.5]}, "properties": {"day": 1, "forecast_date": "2026-04-28", "predicted_risk": 0.45607322008299656, "risk_band": "medium", "recent_fire_score": 0.03839991427081453, "hotspot_score": 0.14663327138048526}}, {"type": "Feature", "geometry": {"type": "Point", "coordinates": [79.5, 10.5]}, "properties": {"day": 1, "forecast_date": "2026-04-28", "predicted_risk": 0.4422935786839806, "risk_band": "medium", "recent_fire_score": 0.03868271192910044, "hotspot_score": 0.08960175517527763}}, {"type": "Feature", "geometry": {"type": "Point", "coordinates": [79.75, 10.5]}, "properties": {"day": 1, "forecast_date": "2026-04-28", "predicted_risk": 0.42771967667299426, "risk_band": "medium", "recent_fire_score": 0.030369980882182443, "hotspot_score": 0.048660449301473487}}, {"type": "Feature", "geometry": {"type": "Point", "coordinates": [80.0, 10.5]}, "properties": {"day": 1, "forecast_date": "2026-04-28", "predicted_risk": 0.40195503091616974, "risk_band": "medium", "recent_fire_score": 0.008655115530351622, "hotspot_score": 0.02086297148971116}}, {"type": "Feature", "geometry": {"type": "Point", "coordinates": [80.25, 10.5]}, "properties": {"day": 1, "forecast_date": "2026-04-28", "predicted_risk": 0.40474851480676477, "risk_band": "medium", "recent_fire_score": 0.0007145718644894654, "hotspot_score": 0.005775698302036387}}, {"type": "Feature", "geometry": {"type": "Point", "coordinates": [80.5, 10.5]}, "properties": {"day": 1, "forecast_date": "2026-04-28", "predicted_risk": 0.40028635105609506, "risk_band": "medium", "recent_fire_score": 1.636937236258852e-05, "hotspot_score": 0.0009275967096620299}}, {"type": "Feature", "geometry": {"type": "Point", "coordinates": [76.0, 10.75]}, "properties": {"day": 1, "forecast_date": "2026-04-28", "predicted_risk": 0.4541957861616441, "risk_band": "medium", "recent_fire_score": 0.06277319739310885, "hotspot_score": 0.08484742622864926}}, {"type": "Feature", "geometry": {"type": "Point", "coordinates": [76.25, 10.75]}, "properties": {"day": 1, "forecast_date": "2026-04-28", "predicted_risk": 0.4404870373938691, "risk_band": "medium", "recent_fire_score": 0.040623747044483245, "hotspot_score": 0.0964925974159712}}, {"type": "Feature", "geometry": {"type": "Point", "coordinates": [76.5, 10.75]}, "properties": {"day": 1, "forecast_date": "2026-04-28", "predicted_risk": 0.4280832203388175, "risk_band": "medium", "recent_fire_score": 0.02545113869343516, "hotspot_score": 0.1009162241475138}}, {"type": "Feature", "geometry": {"type": "Point", "coordinates": [76.75, 10.75]}, "properties": {"day": 1, "forecast_date": "2026-04-28", "predicted_risk": 0.4385923101191413, "risk_band": "medium", "recent_fire_score": 0.03407412871939615, "hotspot_score": 0.10853920878512711}}, {"type": "Feature", "geometry": {"type": "Point", "coordinates": [77.0, 10.75]}, "properties": {"day": 1, "forecast_date": "2026-04-28", "predicted_risk": 0.4468490157968919, "risk_band": "medium", "recent_fire_score": 0.04511986061499999, "hotspot_score": 0.1305386237084361}}, {"type": "Feature", "geometry": {"type": "Point", "coordinates": [77.25, 10.75]}, "properties": {"day": 1, "forecast_date": "2026-04-28", "predicted_risk": 0.4575030772929573, "risk_band": "medium", "recent_fire_score": 0.06385659601253774, "hotspot_score": 0.16872243500394102}}, {"type": "Feature", "geometry": {"type": "Point", "coordinates": [77.5, 10.75]}, "properties": {"day": 1, "forecast_date": "2026-04-28", "predicted_risk": 0.46107571550860493, "risk_band": "medium", "recent_fire_score": 0.06549734647603092, "hotspot_score": 0.17300005331818535}}, {"type": "Feature", "geometry": {"type": "Point", "coordinates": [77.75, 10.75]}, "properties": {"day": 1, "forecast_date": "2026-04-28", "predicted_risk": 0.45037717776228386, "risk_band": "medium", "recent_fire_score": 0.03000014870761118, "hotspot_score": 0.116918927488816}}, {"type": "Feature", "geometry": {"type": "Point", "coordinates": [78.0, 10.75]}, "properties": {"day": 1, "forecast_date": "2026-04-28", "predicted_risk": 0.4292152940002726, "risk_band": "medium", "recent_fire_score": 0.005491483420745071, "hotspot_score": 0.05655768340746338}}, {"type": "Feature", "geometry": {"type": "Point", "coordinates": [78.25, 10.75]}, "properties": {"day": 1, "forecast_date": "2026-04-28", "predicted_risk": 0.42745107783287634, "risk_band": "medium", "recent_fire_score": 0.0030148805118464586, "hotspot_score": 0.05865136138197604}}, {"type": "Feature", "geometry": {"type": "Point", "coordinates": [78.5, 10.75]}, "properties": {"day": 1, "forecast_date": "2026-04-28", "predicted_risk": 0.4600108370149855, "risk_band": "medium", "recent_fire_score": 0.029857201700843775, "hotspot_score": 0.16555820174680386}}, {"type": "Feature", "geometry": {"type": "Point", "coordinates": [78.75, 10.75]}, "properties": {"day": 1, "forecast_date": "2026-04-28", "predicted_risk": 0.7407763469295396, "risk_band": "high", "recent_fire_score": 0.13793573613709256, "hotspot_score": 0.34947910860438447}}, {"type": "Feature", "geometry": {"type": "Point", "coordinates": [79.0, 10.75]}, "properties": {"day": 1, "forecast_date": "2026-04-28", "predicted_risk": 0.7702373198065873, "risk_band": "high", "recent_fire_score": 0.21620714804401245, "hotspot_score": 0.44180640345815186}}, {"type": "Feature", "geometry": {"type": "Point", "coordinates": [79.25, 10.75]}, "properties": {"day": 1, "forecast_date": "2026-04-28", "predicted_risk": 0.7447929270609926, "risk_band": "high", "recent_fire_score": 0.11369551795620911, "hotspot_score": 0.33843114688993353}}, {"type": "Feature", "geometry": {"type": "Point", "coordinates": [79.5, 10.75]}, "properties": {"day": 1, "forecast_date": "2026-04-28", "predicted_risk": 0.4560576286922521, "risk_band": "medium", "recent_fire_score": 0.032787302036320465, "hotspot_score": 0.17028372788163637}}, {"type": "Feature", "geometry": {"type": "Point", "coordinates": [79.75, 10.75]}, "properties": {"day": 1, "forecast_date": "2026-04-28", "predicted_risk": 0.4307468459623152, "risk_band": "medium", "recent_fire_score": 0.014119263182044543, "hotspot_score": 0.06488976957297812}}, {"type": "Feature", "geometry": {"type": "Point", "coordinates": [80.0, 10.75]}, "properties": {"day": 1, "forecast_date": "2026-04-28", "predicted_risk": 0.40356735792500714, "risk_band": "medium", "recent_fire_score": 0.0036682494155186283, "hotspot_score": 0.020221474809929876}}, {"type": "Feature", "geometry": {"type": "Point", "coordinates": [80.25, 10.75]}, "properties": {"day": 1, "forecast_date": "2026-04-28", "predicted_risk": 0.4039889222617432, "risk_band": "medium", "recent_fire_score": 0.0002967883729457756, "hotspot_score": 0.00464624098064683}}, {"type": "Feature", "geometry": {"type": "Point", "coordinates": [80.5, 10.75]}, "properties": {"day": 1, "forecast_date": "2026-04-28", "predicted_risk": 0.39973870035179204, "risk_band": "low", "recent_fire_score": 6.7587251649940995e-06, "hotspot_score": 0.0006789165112438397}}, {"type": "Feature", "geometry": {"type": "Point", "coordinates": [76.0, 11.0]}, "properties": {"day": 1, "forecast_date": "2026-04-28", "predicted_risk": 0.44265346965822894, "risk_band": "medium", "recent_fire_score": 0.02932225690756456, "hotspot_score": 0.08679744804203511}}, {"type": "Feature", "geometry": {"type": "Point", "coordinates": [76.25, 11.0]}, "properties": {"day": 1, "forecast_date": "2026-04-28", "predicted_risk": 0.4537056908732824, "risk_band": "medium", "recent_fire_score": 0.051616421221099426, "hotspot_score": 0.15060429893359706}}, {"type": "Feature", "geometry": {"type": "Point", "coordinates": [76.5, 11.0]}, "properties": {"day": 1, "forecast_date": "2026-04-28", "predicted_risk": 0.659322246395795, "risk_band": "medium", "recent_fire_score": 0.09836807350545697, "hotspot_score": 0.20570292863353962}}, {"type": "Feature", "geometry": {"type": "Point", "coordinates": [76.75, 11.0]}, "properties": {"day": 1, "forecast_date": "2026-04-28", "predicted_risk": 0.4594296122809597, "risk_band": "medium", "recent_fire_score": 0.09035887418907819, "hotspot_score": 0.1938478394395093}}, {"type": "Feature", "geometry": {"type": "Point", "coordinates": [77.0, 11.0]}, "properties": {"day": 1, "forecast_date": "2026-04-28", "predicted_risk": 0.4458556284352864, "risk_band": "medium", "recent_fire_score": 0.034773126812355316, "hotspot_score": 0.12904573197859345}}, {"type": "Feature", "geometry": {"type": "Point", "coordinates": [77.25, 11.0]}, "properties": {"day": 1, "forecast_date": "2026-04-28", "predicted_risk": 0.43285153587637365, "risk_band": "medium", "recent_fire_score": 0.014241250583138736, "hotspot_score": 0.08194720611144671}}, {"type": "Feature", "geometry": {"type": "Point", "coordinates": [77.5, 11.0]}, "properties": {"day": 1, "forecast_date": "2026-04-28", "predicted_risk": 0.4250629167491071, "risk_band": "medium", "recent_fire_score": 0.009566890401196584, "hotspot_score": 0.059244047002988486}}, {"type": "Feature", "geometry": {"type": "Point", "coordinates": [77.75, 11.0]}, "properties": {"day": 1, "forecast_date": "2026-04-28", "predicted_risk": 0.41397486852594734, "risk_band": "medium", "recent_fire_score": 0.003375518867772655, "hotspot_score": 0.03824016242421982}}, {"type": "Feature", "geometry": {"type": "Point", "coordinates": [78.0, 11.0]}, "properties": {"day": 1, "forecast_date": "2026-04-28", "predicted_risk": 0.411695306265067, "risk_band": "medium", "recent_fire_score": 0.0011404555141080542, "hotspot_score": 0.032406565058878095}}, {"type": "Feature", "geometry": {"type": "Point", "coordinates": [78.25, 11.0]}, "properties": {"day": 1, "forecast_date": "2026-04-28", "predicted_risk": 0.43862153048837554, "risk_band": "medium", "recent_fire_score": 0.009156916160420477, "hotspot_score": 0.09532928605650352}}, {"type": "Feature", "geometry": {"type": "Point", "coordinates": [78.5, 11.0]}, "properties": {"day": 1, "forecast_date": "2026-04-28", "predicted_risk": 0.7233213014324531, "risk_band": "high", "recent_fire_score": 0.08308448222648215, "hotspot_score": 0.3133398767700811}}, {"type": "Feature", "geometry": {"type": "Point", "coordinates": [78.75, 11.0]}, "properties": {"day": 1, "forecast_date": "2026-04-28", "predicted_risk": 0.8414060823742346, "risk_band": "high", "recent_fire_score": 0.3614690103985184, "hotspot_score": 0.6565024875376031}}, {"type": "Feature", "geometry": {"type": "Point", "coordinates": [79.0, 11.0]}, "properties": {"day": 1, "forecast_date": "2026-04-28", "predicted_risk": 0.8965423111660702, "risk_band": "high", "recent_fire_score": 0.5815685952950903, "hotspot_score": 0.82853963550105}}, {"type": "Feature", "geometry": {"type": "Point", "coordinates": [79.25, 11.0]}, "properties": {"day": 1, "forecast_date": "2026-04-28", "predicted_risk": 0.8365829432503362, "risk_band": "high", "recent_fire_score": 0.3355684981353443, "hotspot_score": 0.6404587575329359}}, {"type": "Feature", "geometry": {"type": "Point", "coordinates": [79.5, 11.0]}, "properties": {"day": 1, "forecast_date": "2026-04-28", "predicted_risk": 0.7243594894521557, "risk_band": "high", "recent_fire_score": 0.09170726337901891, "hotspot_score": 0.31884825176912523}}, {"type": "Feature", "geometry": {"type": "Point", "coordinates": [79.75, 11.0]}, "properties": {"day": 1, "forecast_date": "2026-04-28", "predicted_risk": 0.4380880410932839, "risk_band": "medium", "recent_fire_score": 0.016207937517913756, "hotspot_score": 0.10880706334701665}}, {"type": "Feature", "geometry": {"type": "Point", "coordinates": [80.0, 11.0]}, "properties": {"day": 1, "forecast_date": "2026-04-28", "predicted_risk": 0.41119798790597506, "risk_band": "medium", "recent_fire_score": 0.0014786156844076386, "hotspot_score": 0.026215310908947336}}, {"type": "Feature", "geometry": {"type": "Point", "coordinates": [80.25, 11.0]}, "properties": {"day": 1, "forecast_date": "2026-04-28", "predicted_risk": 0.39474019301833463, "risk_band": "low", "recent_fire_score": 5.815141030820378e-05, "hotspot_score": 0.004354636812161404}}, {"type": "Feature", "geometry": {"type": "Point", "coordinates": [80.5, 11.0]}, "properties": {"day": 1, "forecast_date": "2026-04-28", "predicted_risk": 0.40020456527209197, "risk_band": "medium", "recent_fire_score": 9.285364241365839e-07, "hotspot_score": 0.00047609056373220575}}, {"type": "Feature", "geometry": {"type": "Point", "coordinates": [76.0, 11.25]}, "properties": {"day": 1, "forecast_date": "2026-04-28", "predicted_risk": 0.44664202168319783, "risk_band": "medium", "recent_fire_score": 0.03141010940681271, "hotspot_score": 0.09412942335356483}}, {"type": "Feature", "geometry": {"type": "Point", "coordinates": [76.25, 11.25]}, "properties": {"day": 1, "forecast_date": "2026-04-28", "predicted_risk": 0.709293511073279, "risk_band": "high", "recent_fire_score": 0.1080330844994732, "hotspot_score": 0.2153643381940499}}, {"type": "Feature", "geometry": {"type": "Point", "coordinates": [76.5, 11.25]}, "properties": {"day": 1, "forecast_date": "2026-04-28", "predicted_risk": 0.764826125365829, "risk_band": "high", "recent_fire_score": 0.2472993392106549, "hotspot_score": 0.32904731029529594}}, {"type": "Feature", "geometry": {"type": "Point", "coordinates": [76.75, 11.25]}, "properties": {"day": 1, "forecast_date": "2026-04-28", "predicted_risk": 0.7586029956372181, "risk_band": "high", "recent_fire_score": 0.21301892175001744, "hotspot_score": 0.3065479745919628}}, {"type": "Feature", "geometry": {"type": "Point", "coordinates": [77.0, 11.25]}, "properties": {"day": 1, "forecast_date": "2026-04-28", "predicted_risk": 0.4520905806781946, "risk_band": "medium", "recent_fire_score": 0.05812073301946573, "hotspot_score": 0.1739369666025552}}, {"type": "Feature", "geometry": {"type": "Point", "coordinates": [77.25, 11.25]}, "properties": {"day": 1, "forecast_date": "2026-04-28", "predicted_risk": 0.4321488225824381, "risk_band": "medium", "recent_fire_score": 0.00669866141209752, "hotspot_score": 0.07066107655284834}}, {"type": "Feature", "geometry": {"type": "Point", "coordinates": [77.5, 11.25]}, "properties": {"day": 1, "forecast_date": "2026-04-28", "predicted_risk": 0.4156086557993318, "risk_band": "medium", "recent_fire_score": 0.0014805064004534147, "hotspot_score": 0.031411023250751055}}, {"type": "Feature", "geometry": {"type": "Point", "coordinates": [77.75, 11.25]}, "properties": {"day": 1, "forecast_date": "2026-04-28", "predicted_risk": 0.41172546835711804, "risk_band": "medium", "recent_fire_score": 0.0017701404829138818, "hotspot_score": 0.024489539010464453}}, {"type": "Feature", "geometry": {"type": "Point", "coordinates": [78.0, 11.25]}, "properties": {"day": 1, "forecast_date": "2026-04-28", "predicted_risk": 0.4224882922820886, "risk_band": "medium", "recent_fire_score": 0.005197853230536589, "hotspot_score": 0.04579798892109583}}, {"type": "Feature", "geometry": {"type": "Point", "coordinates": [78.25, 11.25]}, "properties": {"day": 1, "forecast_date": "2026-04-28", "predicted_risk": 0.45874610343812694, "risk_band": "medium", "recent_fire_score": 0.022435741502742034, "hotspot_score": 0.15122364690049755}}, {"type": "Feature", "geometry": {"type": "Point", "coordinates": [78.5, 11.25]}, "properties": {"day": 1, "forecast_date": "2026-04-28", "predicted_risk": 0.7592417929230891, "risk_band": "high", "recent_fire_score": 0.1545208060636986, "hotspot_score": 0.44722387416265874}}, {"type": "Feature", "geometry": {"type": "Point", "coordinates": [78.75, 11.25]}, "properties": {"day": 1, "forecast_date": "2026-04-28", "predicted_risk": 0.9011757322536564, "risk_band": "high", "recent_fire_score": 0.5549519961132557, "hotspot_score": 0.8784845325405607}}, {"type": "Feature", "geometry": {"type": "Point", "coordinates": [79.0, 11.25]}, "properties": {"day": 1, "forecast_date": "2026-04-28", "predicted_risk": 0.9356638907164627, "risk_band": "high", "recent_fire_score": 0.7881752113726335, "hotspot_score": 1.0}}, {"type": "Feature", "geometry": {"type": "Point", "coordinates": [79.25, 11.25]}, "properties": {"day": 1, "forecast_date": "2026-04-28", "predicted_risk": 0.892897212148537, "risk_band": "high", "recent_fire_score": 0.5114654673609275, "hotspot_score": 0.8552638727902274}}, {"type": "Feature", "geometry": {"type": "Point", "coordinates": [79.5, 11.25]}, "properties": {"day": 1, "forecast_date": "2026-04-28", "predicted_risk": 0.7740328301887567, "risk_band": "high", "recent_fire_score": 0.19990583729452968, "hotspot_score": 0.4554565465817899}}, {"type": "Feature", "geometry": {"type": "Point", "coordinates": [79.75, 11.25]}, "properties": {"day": 1, "forecast_date": "2026-04-28", "predicted_risk": 0.4545142577912582, "risk_band": "medium", "recent_fire_score": 0.04119419258420726, "hotspot_score": 0.16745428011103253}}, {"type": "Feature", "geometry": {"type": "Point", "coordinates": [80.0, 11.25]}, "properties": {"day": 1, "forecast_date": "2026-04-28", "predicted_risk": 0.41449301512496106, "risk_band": "medium", "recent_fire_score": 0.0031370051134412304, "hotspot_score": 0.0414759400039318}}, {"type": "Feature", "geometry": {"type": "Point", "coordinates": [80.25, 11.25]}, "properties": {"day": 1, "forecast_date": "2026-04-28", "predicted_risk": 0.39997932553803034, "risk_band": "low", "recent_fire_score": 7.675513560367348e-05, "hotspot_score": 0.006640468501710095}}, {"type": "Feature", "geometry": {"type": "Point", "coordinates": [80.5, 11.25]}, "properties": {"day": 1, "forecast_date": "2026-04-28", "predicted_risk": 0.3971256451939286, "risk_band": "low", "recent_fire_score": 6.9510156553768e-07, "hotspot_score": 0.0006770146193600466}}, {"type": "Feature", "geometry": {"type": "Point", "coordinates": [76.0, 11.5]}, "properties": {"day": 1, "forecast_date": "2026-04-28", "predicted_risk": 0.44373955481315086, "risk_band": "medium", "recent_fire_score": 0.022996222699597543, "hotspot_score": 0.08428644051667745}}, {"type": "Feature", "geometry": {"type": "Point", "coordinates": [76.25, 11.5]}, "properties": {"day": 1, "forecast_date": "2026-04-28", "predicted_risk": 0.6990729768330644, "risk_band": "medium", "recent_fire_score": 0.10682319430648768, "hotspot_score": 0.21317512735051114}}, {"type": "Feature", "geometry": {"type": "Point", "coordinates": [76.5, 11.5]}, "properties": {"day": 1, "forecast_date": "2026-04-28", "predicted_risk": 0.7806814441721328, "risk_band": "high", "recent_fire_score": 0.281037192768855, "hotspot_score": 0.34100879706116577}}, {"type": "Feature", "geometry": {"type": "Point", "coordinates": [76.75, 11.5]}, "properties": {"day": 1, "forecast_date": "2026-04-28", "predicted_risk": 0.7693388566148268, "risk_band": "high", "recent_fire_score": 0.2523184653795566, "hotspot_score": 0.3294811767022027}}, {"type": "Feature", "geometry": {"type": "Point", "coordinates": [77.0, 11.5]}, "properties": {"day": 1, "forecast_date": "2026-04-28", "predicted_risk": 0.4677558581850498, "risk_band": "medium", "recent_fire_score": 0.07911655228634834, "hotspot_score": 0.20479123895891543}}, {"type": "Feature", "geometry": {"type": "Point", "coordinates": [77.25, 11.5]}, "properties": {"day": 1, "forecast_date": "2026-04-28", "predicted_risk": 0.4349256382391934, "risk_band": "medium", "recent_fire_score": 0.023312692379000754, "hotspot_score": 0.10469027185783117}}, {"type": "Feature", "geometry": {"type": "Point", "coordinates": [77.5, 11.5]}, "properties": {"day": 1, "forecast_date": "2026-04-28", "predicted_risk": 0.43593091153629726, "risk_band": "medium", "recent_fire_score": 0.00998808814580473, "hotspot_score": 0.06211709171857412}}, {"type": "Feature", "geometry": {"type": "Point", "coordinates": [77.75, 11.5]}, "properties": {"day": 1, "forecast_date": "2026-04-28", "predicted_risk": 0.4192218622480187, "risk_band": "medium", "recent_fire_score": 0.012521762249474228, "hotspot_score": 0.05569662563697997}}, {"type": "Feature", "geometry": {"type": "Point", "coordinates": [78.0, 11.5]}, "properties": {"day": 1, "forecast_date": "2026-04-28", "predicted_risk": 0.43606757238751964, "risk_band": "medium", "recent_fire_score": 0.0265978673837432, "hotspot_score": 0.08513696528245654}}, {"type": "Feature", "geometry": {"type": "Point", "coordinates": [78.25, 11.5]}, "properties": {"day": 1, "forecast_date": "2026-04-28", "predicted_risk": 0.46889885527965064, "risk_band": "medium", "recent_fire_score": 0.05337154499335954, "hotspot_score": 0.1981721511204}}, {"type": "Feature", "geometry": {"type": "Point", "coordinates": [78.5, 11.5]}, "properties": {"day": 1, "forecast_date": "2026-04-28", "predicted_risk": 0.7713655698808566, "risk_band": "high", "recent_fire_score": 0.19495641861686858, "hotspot_score": 0.4755628288621101}}, {"type": "Feature", "geometry": {"type": "Point", "coordinates": [78.75, 11.5]}, "properties": {"day": 1, "forecast_date": "2026-04-28", "predicted_risk": 0.8974430842956745, "risk_band": "high", "recent_fire_score": 0.5378065623177953, "hotspot_score": 0.8421332825740665}}, {"type": "Feature", "geometry": {"type": "Point", "coordinates": [79.0, 11.5]}, "properties": {"day": 1, "forecast_date": "2026-04-28", "predicted_risk": 0.9323615322657883, "risk_band": "high", "recent_fire_score": 0.6413725014189118, "hotspot_score": 1.0}}, {"type": "Feature", "geometry": {"type": "Point", "coordinates": [79.25, 11.5]}, "properties": {"day": 1, "forecast_date": "2026-04-28", "predicted_risk": 0.8855737003803665, "risk_band": "high", "recent_fire_score": 0.44362579287189474, "hotspot_score": 0.8258584831009935}}, {"type": "Feature", "geometry": {"type": "Point", "coordinates": [79.5, 11.5]}, "properties": {"day": 1, "forecast_date": "2026-04-28", "predicted_risk": 0.7755534620662683, "risk_band": "high", "recent_fire_score": 0.22149855292156923, "hotspot_score": 0.49317458364959016}}, {"type": "Feature", "geometry": {"type": "Point", "coordinates": [79.75, 11.5]}, "properties": {"day": 1, "forecast_date": "2026-04-28", "predicted_risk": 0.4670290043767826, "risk_band": "medium", "recent_fire_score": 0.05380350328637984, "hotspot_score": 0.21138540552438728}}, {"type": "Feature", "geometry": {"type": "Point", "coordinates": [80.0, 11.5]}, "properties": {"day": 1, "forecast_date": "2026-04-28", "predicted_risk": 0.4217369614479057, "risk_band": "medium", "recent_fire_score": 0.005270237407042368, "hotspot_score": 0.06186590595623103}}, {"type": "Feature", "geometry": {"type": "Point", "coordinates": [80.25, 11.5]}, "properties": {"day": 1, "forecast_date": "2026-04-28", "predicted_risk": 0.40336633939959904, "risk_band": "medium", "recent_fire_score": 0.0002587619022411708, "hotspot_score": 0.01199829762328678}}, {"type": "Feature", "geometry": {"type": "Point", "coordinates": [80.5, 11.5]}, "properties": {"day": 1, "forecast_date": "2026-04-28", "predicted_risk": 0.3990715698593327, "risk_band": "low", "recent_fire_score": 7.736362740451954e-06, "hotspot_score": 0.001548690288678385}}, {"type": "Feature", "geometry": {"type": "Point", "coordinates": [76.0, 11.75]}, "properties": {"day": 1, "forecast_date": "2026-04-28", "predicted_risk": 0.43123671424660864, "risk_band": "medium", "recent_fire_score": 0.00704707022782977, "hotspot_score": 0.05735584374219551}}, {"type": "Feature", "geometry": {"type": "Point", "coordinates": [76.25, 11.75]}, "properties": {"day": 1, "forecast_date": "2026-04-28", "predicted_risk": 0.45022881367832557, "risk_band": "medium", "recent_fire_score": 0.03860709670051264, "hotspot_score": 0.13719419224582116}}, {"type": "Feature", "geometry": {"type": "Point", "coordinates": [76.5, 11.75]}, "properties": {"day": 1, "forecast_date": "2026-04-28", "predicted_risk": 0.7102227442408061, "risk_band": "high", "recent_fire_score": 0.11025909880543745, "hotspot_score": 0.21888308867432493}}, {"type": "Feature", "geometry": {"type": "Point", "coordinates": [76.75, 11.75]}, "properties": {"day": 1, "forecast_date": "2026-04-28", "predicted_risk": 0.7096167173680709, "risk_band": "high", "recent_fire_score": 0.11005367735858897, "hotspot_score": 0.23047070820804005}}, {"type": "Feature", "geometry": {"type": "Point", "coordinates": [77.0, 11.75]}, "properties": {"day": 1, "forecast_date": "2026-04-28", "predicted_risk": 0.4568946006103315, "risk_band": "medium", "recent_fire_score": 0.08213983253497857, "hotspot_score": 0.19043370244189078}}, {"type": "Feature", "geometry": {"type": "Point", "coordinates": [77.25, 11.75]}, "properties": {"day": 1, "forecast_date": "2026-04-28", "predicted_risk": 0.4568045207914275, "risk_band": "medium", "recent_fire_score": 0.08929104984110847, "hotspot_score": 0.15809856973566214}}, {"type": "Feature", "geometry": {"type": "Point", "coordinates": [77.5, 11.75]}, "properties": {"day": 1, "forecast_date": "2026-04-28", "predicted_risk": 0.4531730142209458, "risk_band": "medium", "recent_fire_score": 0.05069171038596196, "hotspot_score": 0.13581730073780696}}, {"type": "Feature", "geometry": {"type": "Point", "coordinates": [77.75, 11.75]}, "properties": {"day": 1, "forecast_date": "2026-04-28", "predicted_risk": 0.45153575054423667, "risk_band": "medium", "recent_fire_score": 0.04228548714360129, "hotspot_score": 0.12351810045813595}}, {"type": "Feature", "geometry": {"type": "Point", "coordinates": [78.0, 11.75]}, "properties": {"day": 1, "forecast_date": "2026-04-28", "predicted_risk": 0.4519578610050206, "risk_band": "medium", "recent_fire_score": 0.056759313679467564, "hotspot_score": 0.13670892728172587}}, {"type": "Feature", "geometry": {"type": "Point", "coordinates": [78.25, 11.75]}, "properties": {"day": 1, "forecast_date": "2026-04-28", "predicted_risk": 0.6605846450606438, "risk_band": "medium", "recent_fire_score": 0.08774774699165812, "hotspot_score": 0.21634257448261404}}, {"type": "Feature", "geometry": {"type": "Point", "coordinates": [78.5, 11.75]}, "properties": {"day": 1, "forecast_date": "2026-04-28", "predicted_risk": 0.759408988600512, "risk_band": "high", "recent_fire_score": 0.17944010481980074, "hotspot_score": 0.40031741364860396}}, {"type": "Feature", "geometry": {"type": "Point", "coordinates": [78.75, 11.75]}, "properties": {"day": 1, "forecast_date": "2026-04-28", "predicted_risk": 0.815679516563618, "risk_band": "high", "recent_fire_score": 0.3012949173500232, "hotspot_score": 0.6198325793515962}}, {"type": "Feature", "geometry": {"type": "Point", "coordinates": [79.0, 11.75]}, "properties": {"day": 1, "forecast_date": "2026-04-28", "predicted_risk": 0.8316398297944544, "risk_band": "high", "recent_fire_score": 0.3183636607432675, "hotspot_score": 0.7260898817633653}}, {"type": "Feature", "geometry": {"type": "Point", "coordinates": [79.25, 11.75]}, "properties": {"day": 1, "forecast_date": "2026-04-28", "predicted_risk": 0.8222653588897308, "risk_band": "high", "recent_fire_score": 0.30326843884225496, "hotspot_score": 0.6664226783148391}}, {"type": "Feature", "geometry": {"type": "Point", "coordinates": [79.5, 11.75]}, "properties": {"day": 1, "forecast_date": "2026-04-28", "predicted_risk": 0.7740371960979724, "risk_band": "high", "recent_fire_score": 0.2323020558691922, "hotspot_score": 0.4829030675748325}}, {"type": "Feature", "geometry": {"type": "Point", "coordinates": [79.75, 11.75]}, "properties": {"day": 1, "forecast_date": "2026-04-28", "predicted_risk": 0.7048253198333534, "risk_band": "high", "recent_fire_score": 0.09050137170214273, "hotspot_score": 0.2574595150140744}}, {"type": "Feature", "geometry": {"type": "Point", "coordinates": [80.0, 11.75]}, "properties": {"day": 1, "forecast_date": "2026-04-28", "predicted_risk": 0.4356090734185478, "risk_band": "medium", "recent_fire_score": 0.017096076089180845, "hotspot_score": 0.09419186741852315}}, {"type": "Feature", "geometry": {"type": "Point", "coordinates": [80.25, 11.75]}, "properties": {"day": 1, "forecast_date": "2026-04-28", "predicted_risk": 0.4023855712305464, "risk_band": "medium", "recent_fire_score": 0.001665133829463483, "hotspot_score": 0.02298831695060593}}, {"type": "Feature", "geometry": {"type": "Point", "coordinates": [80.5, 11.75]}, "properties": {"day": 1, "forecast_date": "2026-04-28", "predicted_risk": 0.3939293163839841, "risk_band": "low", "recent_fire_score": 6.984232947479937e-05, "hotspot_score": 0.003703656455534899}}, {"type": "Feature", "geometry": {"type": "Point", "coordinates": [76.0, 12.0]}, "properties": {"day": 1, "forecast_date": "2026-04-28", "predicted_risk": 0.43532614881508247, "risk_band": "medium", "recent_fire_score": 0.01690031960474643, "hotspot_score": 0.055080957736318395}}, {"type": "Feature", "geometry": {"type": "Point", "coordinates": [76.25, 12.0]}, "properties": {"day": 1, "forecast_date": "2026-04-28", "predicted_risk": 0.4303464859519669, "risk_band": "medium", "recent_fire_score": 0.02180725491431379, "hotspot_score": 0.08514572531569183}}, {"type": "Feature", "geometry": {"type": "Point", "coordinates": [76.5, 12.0]}, "properties": {"day": 1, "forecast_date": "2026-04-28", "predicted_risk": 0.43084421977951837, "risk_band": "medium", "recent_fire_score": 0.01859857728595648, "hotspot_score": 0.10423652094744358}}, {"type": "Feature", "geometry": {"type": "Point", "coordinates": [76.75, 12.0]}, "properties": {"day": 1, "forecast_date": "2026-04-28", "predicted_risk": 0.44006077847820824, "risk_band": "medium", "recent_fire_score": 0.025144547575207274, "hotspot_score": 0.1186626407072022}}, {"type": "Feature", "geometry": {"type": "Point", "coordinates": [77.0, 12.0]}, "properties": {"day": 1, "forecast_date": "2026-04-28", "predicted_risk": 0.45434212931874307, "risk_band": "medium", "recent_fire_score": 0.07719910763380032, "hotspot_score": 0.14913212212192653}}, {"type": "Feature", "geometry": {"type": "Point", "coordinates": [77.25, 12.0]}, "properties": {"day": 1, "forecast_date": "2026-04-28", "predicted_risk": 0.6988712933042405, "risk_band": "medium", "recent_fire_score": 0.12957919710377294, "hotspot_score": 0.19203517520603555}}, {"type": "Feature", "geometry": {"type": "Point", "coordinates": [77.5, 12.0]}, "properties": {"day": 1, "forecast_date": "2026-04-28", "predicted_risk": 0.7175030316797739, "risk_band": "high", "recent_fire_score": 0.11843847530118311, "hotspot_score": 0.2187986245475096}}, {"type": "Feature", "geometry": {"type": "Point", "coordinates": [77.75, 12.0]}, "properties": {"day": 1, "forecast_date": "2026-04-28", "predicted_risk": 0.7133185667618069, "risk_band": "high", "recent_fire_score": 0.10954609936872566, "hotspot_score": 0.21308337304047006}}, {"type": "Feature", "geometry": {"type": "Point", "coordinates": [78.0, 12.0]}, "properties": {"day": 1, "forecast_date": "2026-04-28", "predicted_risk": 0.46717745427743596, "risk_band": "medium", "recent_fire_score": 0.07288986296569591, "hotspot_score": 0.18973729804634343}}, {"type": "Feature", "geometry": {"type": "Point", "coordinates": [78.25, 12.0]}, "properties": {"day": 1, "forecast_date": "2026-04-28", "predicted_risk": 0.4647972284941596, "risk_band": "medium", "recent_fire_score": 0.0781679006993728, "hotspot_score": 0.21133122066331256}}, {"type": "Feature", "geometry": {"type": "Point", "coordinates": [78.5, 12.0]}, "properties": {"day": 1, "forecast_date": "2026-04-28", "predicted_risk": 0.741428857247871, "risk_band": "high", "recent_fire_score": 0.14013223723293258, "hotspot_score": 0.30906555951419074}}, {"type": "Feature", "geometry": {"type": "Point", "coordinates": [78.75, 12.0]}, "properties": {"day": 1, "forecast_date": "2026-04-28", "predicted_risk": 0.7612595012978751, "risk_band": "high", "recent_fire_score": 0.17431619628865902, "hotspot_score": 0.43448950818018456}}, {"type": "Feature", "geometry": {"type": "Point", "coordinates": [79.0, 12.0]}, "properties": {"day": 1, "forecast_date": "2026-04-28", "predicted_risk": 0.7828330741822382, "risk_band": "high", "recent_fire_score": 0.18657755118770178, "hotspot_score": 0.5334548280707125}}, {"type": "Feature", "geometry": {"type": "Point", "coordinates": [79.25, 12.0]}, "properties": {"day": 1, "forecast_date": "2026-04-28", "predicted_risk": 0.8005885257576015, "risk_band": "high", "recent_fire_score": 0.2759189229863679, "hotspot_score": 0.5714858360551276}}, {"type": "Feature", "geometry": {"type": "Point", "coordinates": [79.5, 12.0]}, "properties": {"day": 1, "forecast_date": "2026-04-28", "predicted_risk": 0.7874151528964612, "risk_band": "high", "recent_fire_score": 0.29407101774959726, "hotspot_score": 0.49610382693459565}}, {"type": "Feature", "geometry": {"type": "Point", "coordinates": [79.75, 12.0]}, "properties": {"day": 1, "forecast_date": "2026-04-28", "predicted_risk": 0.7465481111350954, "risk_band": "high", "recent_fire_score": 0.15564086076010863, "hotspot_score": 0.31627981514693065}}, {"type": "Feature", "geometry": {"type": "Point", "coordinates": [80.0, 12.0]}, "properties": {"day": 1, "forecast_date": "2026-04-28", "predicted_risk": 0.4500382191327211, "risk_band": "medium", "recent_fire_score": 0.03927993858395464, "hotspot_score": 0.1395065934514368}}, {"type": "Feature", "geometry": {"type": "Point", "coordinates": [80.25, 12.0]}, "properties": {"day": 1, "forecast_date": "2026-04-28", "predicted_risk": 0.40603616279642635, "risk_band": "medium", "recent_fire_score": 0.004640386690844634, "hotspot_score": 0.04134558179920315}}, {"type": "Feature", "geometry": {"type": "Point", "coordinates": [80.5, 12.0]}, "properties": {"day": 1, "forecast_date": "2026-04-28", "predicted_risk": 0.39540912100348474, "risk_band": "low", "recent_fire_score": 0.0002137697013429184, "hotspot_score": 0.00802447405713129}}, {"type": "Feature", "geometry": {"type": "Point", "coordinates": [76.0, 12.25]}, "properties": {"day": 1, "forecast_date": "2026-04-28", "predicted_risk": 0.44186064314359763, "risk_band": "medium", "recent_fire_score": 0.060574043885479344, "hotspot_score": 0.07948030184240462}}, {"type": "Feature", "geometry": {"type": "Point", "coordinates": [76.25, 12.25]}, "properties": {"day": 1, "forecast_date": "2026-04-28", "predicted_risk": 0.43819055738980284, "risk_band": "medium", "recent_fire_score": 0.06656883573404174, "hotspot_score": 0.08926129210988781}}, {"type": "Feature", "geometry": {"type": "Point", "coordinates": [76.5, 12.25]}, "properties": {"day": 1, "forecast_date": "2026-04-28", "predicted_risk": 0.4276765046216213, "risk_band": "medium", "recent_fire_score": 0.020741698619716007, "hotspot_score": 0.06695350396815827}}, {"type": "Feature", "geometry": {"type": "Point", "coordinates": [76.75, 12.25]}, "properties": {"day": 1, "forecast_date": "2026-04-28", "predicted_risk": 0.4183854026872792, "risk_band": "medium", "recent_fire_score": 0.006974056534180058, "hotspot_score": 0.060471010104710204}}, {"type": "Feature", "geometry": {"type": "Point", "coordinates": [77.0, 12.25]}, "properties": {"day": 1, "forecast_date": "2026-04-28", "predicted_risk": 0.43122536220488406, "risk_band": "medium", "recent_fire_score": 0.02973475872832884, "hotspot_score": 0.10033853561509735}}, {"type": "Feature", "geometry": {"type": "Point", "coordinates": [77.25, 12.25]}, "properties": {"day": 1, "forecast_date": "2026-04-28", "predicted_risk": 0.45724167166079654, "risk_band": "medium", "recent_fire_score": 0.07624962703477314, "hotspot_score": 0.17883046057758673}}, {"type": "Feature", "geometry": {"type": "Point", "coordinates": [77.5, 12.25]}, "properties": {"day": 1, "forecast_date": "2026-04-28", "predicted_risk": 0.7317332062079512, "risk_band": "high", "recent_fire_score": 0.16063305115353588, "hotspot_score": 0.2610019629481579}}, {"type": "Feature", "geometry": {"type": "Point", "coordinates": [77.75, 12.25]}, "properties": {"day": 1, "forecast_date": "2026-04-28", "predicted_risk": 0.7504243754505703, "risk_band": "high", "recent_fire_score": 0.19495804184296753, "hotspot_score": 0.285621696451197}}, {"type": "Feature", "geometry": {"type": "Point", "coordinates": [78.0, 12.25]}, "properties": {"day": 1, "forecast_date": "2026-04-28", "predicted_risk": 0.7049486045440561, "risk_band": "high", "recent_fire_score": 0.10241533961963509, "hotspot_score": 0.24359788452431805}}, {"type": "Feature", "geometry": {"type": "Point", "coordinates": [78.25, 12.25]}, "properties": {"day": 1, "forecast_date": "2026-04-28", "predicted_risk": 0.4698150838474545, "risk_band": "medium", "recent_fire_score": 0.06030813396898086, "hotspot_score": 0.2250537704396431}}, {"type": "Feature", "geometry": {"type": "Point", "coordinates": [78.5, 12.25]}, "properties": {"day": 1, "forecast_date": "2026-04-28", "predicted_risk": 0.7157265071128782, "risk_band": "high", "recent_fire_score": 0.09454948761282857, "hotspot_score": 0.2863418252246064}}, {"type": "Feature", "geometry": {"type": "Point", "coordinates": [78.75, 12.25]}, "properties": {"day": 1, "forecast_date": "2026-04-28", "predicted_risk": 0.7494753885564813, "risk_band": "high", "recent_fire_score": 0.1456098235078966, "hotspot_score": 0.3988602563374109}}, {"type": "Feature", "geometry": {"type": "Point", "coordinates": [79.0, 12.25]}, "properties": {"day": 1, "forecast_date": "2026-04-28", "predicted_risk": 0.7753693774334159, "risk_band": "high", "recent_fire_score": 0.23577069676558354, "hotspot_score": 0.5151296040858134}}, {"type": "Feature", "geometry": {"type": "Point", "coordinates": [79.25, 12.25]}, "properties": {"day": 1, "forecast_date": "2026-04-28", "predicted_risk": 0.8058270222273016, "risk_band": "high", "recent_fire_score": 0.30275398343873566, "hotspot_score": 0.5736390437144904}}, {"type": "Feature", "geometry": {"type": "Point", "coordinates": [79.5, 12.25]}, "properties": {"day": 1, "forecast_date": "2026-04-28", "predicted_risk": 0.7902281935855621, "risk_band": "high", "recent_fire_score": 0.2701513147414091, "hotspot_score": 0.5269567343393099}}, {"type": "Feature", "geometry": {"type": "Point", "coordinates": [79.75, 12.25]}, "properties": {"day": 1, "forecast_date": "2026-04-28", "predicted_risk": 0.7516335896251763, "risk_band": "high", "recent_fire_score": 0.16815473407167866, "hotspot_score": 0.38476199678888484}}, {"type": "Feature", "geometry": {"type": "Point", "coordinates": [80.0, 12.25]}, "properties": {"day": 1, "forecast_date": "2026-04-28", "predicted_risk": 0.46580211664910154, "risk_band": "medium", "recent_fire_score": 0.05700137079127629, "hotspot_score": 0.2086627212686191}}, {"type": "Feature", "geometry": {"type": "Point", "coordinates": [80.25, 12.25]}, "properties": {"day": 1, "forecast_date": "2026-04-28", "predicted_risk": 0.42121683901435814, "risk_band": "medium", "recent_fire_score": 0.009079959652171109, "hotspot_score": 0.07751637397093075}}, {"type": "Feature", "geometry": {"type": "Point", "coordinates": [80.5, 12.25]}, "properties": {"day": 1, "forecast_date": "2026-04-28", "predicted_risk": 0.4014303757281089, "risk_band": "medium", "recent_fire_score": 0.0005790323642574333, "hotspot_score": 0.01842674189754532}}, {"type": "Feature", "geometry": {"type": "Point", "coordinates": [76.0, 12.5]}, "properties": {"day": 1, "forecast_date": "2026-04-28", "predicted_risk": 0.4462269253591641, "risk_band": "medium", "recent_fire_score": 0.06730503774546553, "hotspot_score": 0.08116653158874829}}, {"type": "Feature", "geometry": {"type": "Point", "coordinates": [76.25, 12.5]}, "properties": {"day": 1, "forecast_date": "2026-04-28", "predicted_risk": 0.439933779149283, "risk_band": "medium", "recent_fire_score": 0.07471088619659108, "hotspot_score": 0.0870171219803274}}, {"type": "Feature", "geometry": {"type": "Point", "coordinates": [76.5, 12.5]}, "properties": {"day": 1, "forecast_date": "2026-04-28", "predicted_risk": 0.42711555506458837, "risk_band": "medium", "recent_fire_score": 0.023248445455746045, "hotspot_score": 0.05772655645592838}}, {"type": "Feature", "geometry": {"type": "Point", "coordinates": [76.75, 12.5]}, "properties": {"day": 1, "forecast_date": "2026-04-28", "predicted_risk": 0.4115653882595609, "risk_band": "medium", "recent_fire_score": 0.005126251249634718, "hotspot_score": 0.04381276049799317}}, {"type": "Feature", "geometry": {"type": "Point", "coordinates": [77.0, 12.5]}, "properties": {"day": 1, "forecast_date": "2026-04-28", "predicted_risk": 0.4245558329543345, "risk_band": "medium", "recent_fire_score": 0.010657324184014095, "hotspot_score": 0.0735771831410009}}, {"type": "Feature", "geometry": {"type": "Point", "coordinates": [77.25, 12.5]}, "properties": {"day": 1, "forecast_date": "2026-04-28", "predicted_risk": 0.4530267063209474, "risk_band": "medium", "recent_fire_score": 0.04090863944486406, "hotspot_score": 0.15120638383070376}}, {"type": "Feature", "geometry": {"type": "Point", "coordinates": [77.5, 12.5]}, "properties": {"day": 1, "forecast_date": "2026-04-28", "predicted_risk": 0.7196808973674398, "risk_band": "high", "recent_fire_score": 0.12996432248142056, "hotspot_score": 0.25581963419309}}, {"type": "Feature", "geometry": {"type": "Point", "coordinates": [77.75, 12.5]}, "properties": {"day": 1, "forecast_date": "2026-04-28", "predicted_risk": 0.7563384139560162, "risk_band": "high", "recent_fire_score": 0.18128219643018584, "hotspot_score": 0.31524502878965893}}, {"type": "Feature", "geometry": {"type": "Point", "coordinates": [78.0, 12.5]}, "properties": {"day": 1, "forecast_date": "2026-04-28", "predicted_risk": 0.7380578958374162, "risk_band": "high", "recent_fire_score": 0.13001420303630146, "hotspot_score": 0.30482076444951495}}, {"type": "Feature", "geometry": {"type": "Point", "coordinates": [78.25, 12.5]}, "properties": {"day": 1, "forecast_date": "2026-04-28", "predicted_risk": 0.7153575651102779, "risk_band": "high", "recent_fire_score": 0.09525179510145693, "hotspot_score": 0.3062066493215336}}, {"type": "Feature", "geometry": {"type": "Point", "coordinates": [78.5, 12.5]}, "properties": {"day": 1, "forecast_date": "2026-04-28", "predicted_risk": 0.7438883090886643, "risk_band": "high", "recent_fire_score": 0.13418564545901213, "hotspot_score": 0.3741459307190721}}, {"type": "Feature", "geometry": {"type": "Point", "coordinates": [78.75, 12.5]}, "properties": {"day": 1, "forecast_date": "2026-04-28", "predicted_risk": 0.7702770154031091, "risk_band": "high", "recent_fire_score": 0.21412737776034743, "hotspot_score": 0.48275431653424455}}, {"type": "Feature", "geometry": {"type": "Point", "coordinates": [79.0, 12.5]}, "properties": {"day": 1, "forecast_date": "2026-04-28", "predicted_risk": 0.8149391446680598, "risk_band": "high", "recent_fire_score": 0.3305270626038801, "hotspot_score": 0.5770791442484032}}, {"type": "Feature", "geometry": {"type": "Point", "coordinates": [79.25, 12.5]}, "properties": {"day": 1, "forecast_date": "2026-04-28", "predicted_risk": 0.8126472859598036, "risk_band": "high", "recent_fire_score": 0.3145961429383047, "hotspot_score": 0.6029981164234575}}, {"type": "Feature", "geometry": {"type": "Point", "coordinates": [79.5, 12.5]}, "properties": {"day": 1, "forecast_date": "2026-04-28", "predicted_risk": 0.7885792120348227, "risk_band": "high", "recent_fire_score": 0.2510122321034265, "hotspot_score": 0.5760221163009405}}, {"type": "Feature", "geometry": {"type": "Point", "coordinates": [79.75, 12.5]}, "properties": {"day": 1, "forecast_date": "2026-04-28", "predicted_risk": 0.7746728543563426, "risk_band": "high", "recent_fire_score": 0.247480096593528, "hotspot_score": 0.5020300035821872}}, {"type": "Feature", "geometry": {"type": "Point", "coordinates": [80.0, 12.5]}, "properties": {"day": 1, "forecast_date": "2026-04-28", "predicted_risk": 0.7495311221881488, "risk_band": "high", "recent_fire_score": 0.14495436092162936, "hotspot_score": 0.3380011573741729}}, {"type": "Feature", "geometry": {"type": "Point", "coordinates": [80.25, 12.5]}, "properties": {"day": 1, "forecast_date": "2026-04-28", "predicted_risk": 0.4425601050240588, "risk_band": "medium", "recent_fire_score": 0.03464597078683047, "hotspot_score": 0.14974684093368137}}, {"type": "Feature", "geometry": {"type": "Point", "coordinates": [80.5, 12.5]}, "properties": {"day": 1, "forecast_date": "2026-04-28", "predicted_risk": 0.40558784419919597, "risk_band": "medium", "recent_fire_score": 0.0028391397956784694, "hotspot_score": 0.04021935857040315}}, {"type": "Feature", "geometry": {"type": "Point", "coordinates": [76.0, 12.75]}, "properties": {"day": 1, "forecast_date": "2026-04-28", "predicted_risk": 0.42912551177875413, "risk_band": "medium", "recent_fire_score": 0.02194879799428338, "hotspot_score": 0.0472566369313627}}, {"type": "Feature", "geometry": {"type": "Point", "coordinates": [76.25, 12.75]}, "properties": {"day": 1, "forecast_date": "2026-04-28", "predicted_risk": 0.4193978734496256, "risk_band": "medium", "recent_fire_score": 0.02464930097017693, "hotspot_score": 0.05232294821988749}}, {"type": "Feature", "geometry": {"type": "Point", "coordinates": [76.5, 12.75]}, "properties": {"day": 1, "forecast_date": "2026-04-28", "predicted_risk": 0.4081393350127639, "risk_band": "medium", "recent_fire_score": 0.010155092800397272, "hotspot_score": 0.04220919317010483}}, {"type": "Feature", "geometry": {"type": "Point", "coordinates": [76.75, 12.75]}, "properties": {"day": 1, "forecast_date": "2026-04-28", "predicted_risk": 0.4135452761865791, "risk_band": "medium", "recent_fire_score": 0.01785923566120428, "hotspot_score": 0.04780248478145067}}, {"type": "Feature", "geometry": {"type": "Point", "coordinates": [77.0, 12.75]}, "properties": {"day": 1, "forecast_date": "2026-04-28", "predicted_risk": 0.42896154031065553, "risk_band": "medium", "recent_fire_score": 0.03580758842202482, "hotspot_score": 0.07879192652497319}}, {"type": "Feature", "geometry": {"type": "Point", "coordinates": [77.25, 12.75]}, "properties": {"day": 1, "forecast_date": "2026-04-28", "predicted_risk": 0.45397419414655726, "risk_band": "medium", "recent_fire_score": 0.05649134440125903, "hotspot_score": 0.13872738470508436}}, {"type": "Feature", "geometry": {"type": "Point", "coordinates": [77.5, 12.75]}, "properties": {"day": 1, "forecast_date": "2026-04-28", "predicted_risk": 0.7194597226426236, "risk_band": "high", "recent_fire_score": 0.12491956763826292, "hotspot_score": 0.22761362187758}}, {"type": "Feature", "geometry": {"type": "Point", "coordinates": [77.75, 12.75]}, "properties": {"day": 1, "forecast_date": "2026-04-28", "predicted_risk": 0.7508156760923679, "risk_band": "high", "recent_fire_score": 0.17698253305883474, "hotspot_score": 0.3042054932891424}}, {"type": "Feature", "geometry": {"type": "Point", "coordinates": [78.0, 12.75]}, "properties": {"day": 1, "forecast_date": "2026-04-28", "predicted_risk": 0.7530026450216984, "risk_band": "high", "recent_fire_score": 0.1878898050355764, "hotspot_score": 0.34961710578884253}}, {"type": "Feature", "geometry": {"type": "Point", "coordinates": [78.25, 12.75]}, "properties": {"day": 1, "forecast_date": "2026-04-28", "predicted_risk": 0.7616568026774783, "risk_band": "high", "recent_fire_score": 0.2211225618137736, "hotspot_score": 0.40614406683790694}}, {"type": "Feature", "geometry": {"type": "Point", "coordinates": [78.5, 12.75]}, "properties": {"day": 1, "forecast_date": "2026-04-28", "predicted_risk": 0.7932176965150337, "risk_band": "high", "recent_fire_score": 0.30403988008999555, "hotspot_score": 0.4828852576666898}}, {"type": "Feature", "geometry": {"type": "Point", "coordinates": [78.75, 12.75]}, "properties": {"day": 1, "forecast_date": "2026-04-28", "predicted_risk": 0.8090765409166757, "risk_band": "high", "recent_fire_score": 0.32937267302023776, "hotspot_score": 0.543245369904501}}, {"type": "Feature", "geometry": {"type": "Point", "coordinates": [79.0, 12.75]}, "properties": {"day": 1, "forecast_date": "2026-04-28", "predicted_risk": 0.8266811081299946, "risk_band": "high", "recent_fire_score": 0.34288826536040357, "hotspot_score": 0.5696567892793997}}, {"type": "Feature", "geometry": {"type": "Point", "coordinates": [79.25, 12.75]}, "properties": {"day": 1, "forecast_date": "2026-04-28", "predicted_risk": 0.80571752766088, "risk_band": "high", "recent_fire_score": 0.280853520458389, "hotspot_score": 0.5693232966090942}}, {"type": "Feature", "geometry": {"type": "Point", "coordinates": [79.5, 12.75]}, "properties": {"day": 1, "forecast_date": "2026-04-28", "predicted_risk": 0.8071253694847779, "risk_band": "high", "recent_fire_score": 0.29418609894964187, "hotspot_score": 0.5960270636432484}}, {"type": "Feature", "geometry": {"type": "Point", "coordinates": [79.75, 12.75]}, "properties": {"day": 1, "forecast_date": "2026-04-28", "predicted_risk": 0.8493502476290955, "risk_band": "high", "recent_fire_score": 0.43468773122343984, "hotspot_score": 0.608219987956262}}, {"type": "Feature", "geometry": {"type": "Point", "coordinates": [80.0, 12.75]}, "properties": {"day": 1, "forecast_date": "2026-04-28", "predicted_risk": 0.7964961411581714, "risk_band": "high", "recent_fire_score": 0.3191261338115501, "hotspot_score": 0.4624542204678346}}, {"type": "Feature", "geometry": {"type": "Point", "coordinates": [80.25, 12.75]}, "properties": {"day": 1, "forecast_date": "2026-04-28", "predicted_risk": 0.658000233826044, "risk_band": "medium", "recent_fire_score": 0.08380779773712665, "hotspot_score": 0.22059773908033864}}, {"type": "Feature", "geometry": {"type": "Point", "coordinates": [80.5, 12.75]}, "properties": {"day": 1, "forecast_date": "2026-04-28", "predicted_risk": 0.4181784612645794, "risk_band": "medium", "recent_fire_score": 0.007096705633422321, "hotspot_score": 0.06185028132478492}}, {"type": "Feature", "geometry": {"type": "Point", "coordinates": [76.0, 13.0]}, "properties": {"day": 1, "forecast_date": "2026-04-28", "predicted_risk": 0.412083387453109, "risk_band": "medium", "recent_fire_score": 0.002050799475900813, "hotspot_score": 0.015449681213841767}}, {"type": "Feature", "geometry": {"type": "Point", "coordinates": [76.25, 13.0]}, "properties": {"day": 1, "forecast_date": "2026-04-28", "predicted_risk": 0.3982607714321329, "risk_band": "low", "recent_fire_score": 0.002495919470206339, "hotspot_score": 0.019626036572978012}}, {"type": "Feature", "geometry": {"type": "Point", "coordinates": [76.5, 13.0]}, "properties": {"day": 1, "forecast_date": "2026-04-28", "predicted_risk": 0.40230131927372126, "risk_band": "medium", "recent_fire_score": 0.005350358777436999, "hotspot_score": 0.02658893842637658}}, {"type": "Feature", "geometry": {"type": "Point", "coordinates": [76.75, 13.0]}, "properties": {"day": 1, "forecast_date": "2026-04-28", "predicted_risk": 0.4154706814736903, "risk_band": "medium", "recent_fire_score": 0.030510674257592428, "hotspot_score": 0.04877706470011182}}, {"type": "Feature", "geometry": {"type": "Point", "coordinates": [77.0, 13.0]}, "properties": {"day": 1, "forecast_date": "2026-04-28", "predicted_risk": 0.43063531997907745, "risk_band": "medium", "recent_fire_score": 0.05843004634598062, "hotspot_score": 0.07857408025171705}}, {"type": "Feature", "geometry": {"type": "Point", "coordinates": [77.25, 13.0]}, "properties": {"day": 1, "forecast_date": "2026-04-28", "predicted_risk": 0.4345611786078039, "risk_band": "medium", "recent_fire_score": 0.055924565090883796, "hotspot_score": 0.11237127885623362}}, {"type": "Feature", "geometry": {"type": "Point", "coordinates": [77.5, 13.0]}, "properties": {"day": 1, "forecast_date": "2026-04-28", "predicted_risk": 0.4506213047691463, "risk_band": "medium", "recent_fire_score": 0.08234410491112737, "hotspot_score": 0.16464171279156423}}, {"type": "Feature", "geometry": {"type": "Point", "coordinates": [77.75, 13.0]}, "properties": {"day": 1, "forecast_date": "2026-04-28", "predicted_risk": 0.7143470833000946, "risk_band": "high", "recent_fire_score": 0.12046489061119398, "hotspot_score": 0.22953035785692183}}, {"type": "Feature", "geometry": {"type": "Point", "coordinates": [78.0, 13.0]}, "properties": {"day": 1, "forecast_date": "2026-04-28", "predicted_risk": 0.750050446398135, "risk_band": "high", "recent_fire_score": 0.16538413401888108, "hotspot_score": 0.29840192098184126}}, {"type": "Feature", "geometry": {"type": "Point", "coordinates": [78.25, 13.0]}, "properties": {"day": 1, "forecast_date": "2026-04-28", "predicted_risk": 0.7612953403872051, "risk_band": "high", "recent_fire_score": 0.23316921005889635, "hotspot_score": 0.3745702281570479}}, {"type": "Feature", "geometry": {"type": "Point", "coordinates": [78.5, 13.0]}, "properties": {"day": 1, "forecast_date": "2026-04-28", "predicted_risk": 0.7945933978976863, "risk_band": "high", "recent_fire_score": 0.2880311224233602, "hotspot_score": 0.42842492525570997}}, {"type": "Feature", "geometry": {"type": "Point", "coordinates": [78.75, 13.0]}, "properties": {"day": 1, "forecast_date": "2026-04-28", "predicted_risk": 0.7613520323064787, "risk_band": "high", "recent_fire_score": 0.2306692896835859, "hotspot_score": 0.42977262293435775}}, {"type": "Feature", "geometry": {"type": "Point", "coordinates": [79.0, 13.0]}, "properties": {"day": 1, "forecast_date": "2026-04-28", "predicted_risk": 0.7626162339180069, "risk_band": "high", "recent_fire_score": 0.19509601227080692, "hotspot_score": 0.40872748236490664}}, {"type": "Feature", "geometry": {"type": "Point", "coordinates": [79.25, 13.0]}, "properties": {"day": 1, "forecast_date": "2026-04-28", "predicted_risk": 0.758097871571943, "risk_band": "high", "recent_fire_score": 0.1902280432995264, "hotspot_score": 0.411003410953908}}, {"type": "Feature", "geometry": {"type": "Point", "coordinates": [79.5, 13.0]}, "properties": {"day": 1, "forecast_date": "2026-04-28", "predicted_risk": 0.7738413084449269, "risk_band": "high", "recent_fire_score": 0.24168047779086424, "hotspot_score": 0.4729414736725197}}, {"type": "Feature", "geometry": {"type": "Point", "coordinates": [79.75, 13.0]}, "properties": {"day": 1, "forecast_date": "2026-04-28", "predicted_risk": 0.8276704413548883, "risk_band": "high", "recent_fire_score": 0.3840696551648569, "hotspot_score": 0.5250899373185773}}, {"type": "Feature", "geometry": {"type": "Point", "coordinates": [80.0, 13.0]}, "properties": {"day": 1, "forecast_date": "2026-04-28", "predicted_risk": 0.7918725468453143, "risk_band": "high", "recent_fire_score": 0.29236958136873237, "hotspot_score": 0.41788206266606553}}, {"type": "Feature", "geometry": {"type": "Point", "coordinates": [80.25, 13.0]}, "properties": {"day": 1, "forecast_date": "2026-04-28", "predicted_risk": 0.45062086153092085, "risk_band": "medium", "recent_fire_score": 0.07761269839927719, "hotspot_score": 0.20411526145800118}}, {"type": "Feature", "geometry": {"type": "Point", "coordinates": [80.5, 13.0]}, "properties": {"day": 1, "forecast_date": "2026-04-28", "predicted_risk": 0.41258868391686426, "risk_band": "medium", "recent_fire_score": 0.006583358730036627, "hotspot_score": 0.05796539394625547}}, {"type": "Feature", "geometry": {"type": "Point", "coordinates": [76.0, 13.25]}, "properties": {"day": 1, "forecast_date": "2026-04-28", "predicted_risk": 0.4120201619176858, "risk_band": "medium", "recent_fire_score": 5.489650952516192e-05, "hotspot_score": 0.0029595448705862118}}, {"type": "Feature", "geometry": {"type": "Point", "coordinates": [76.25, 13.25]}, "properties": {"day": 1, "forecast_date": "2026-04-28", "predicted_risk": 0.39544546719206664, "risk_band": "low", "recent_fire_score": 0.00015626980858466104, "hotspot_score": 0.0055045581321304885}}, {"type": "Feature", "geometry": {"type": "Point", "coordinates": [76.5, 13.25]}, "properties": {"day": 1, "forecast_date": "2026-04-28", "predicted_risk": 0.40206843543114984, "risk_band": "medium", "recent_fire_score": 0.002291176824895989, "hotspot_score": 0.01397245378569648}}, {"type": "Feature", "geometry": {"type": "Point", "coordinates": [76.75, 13.25]}, "properties": {"day": 1, "forecast_date": "2026-04-28", "predicted_risk": 0.4070062568175596, "risk_band": "medium", "recent_fire_score": 0.01487186594508734, "hotspot_score": 0.03207981135004611}}, {"type": "Feature", "geometry": {"type": "Point", "coordinates": [77.0, 13.25]}, "properties": {"day": 1, "forecast_date": "2026-04-28", "predicted_risk": 0.417130899078394, "risk_band": "medium", "recent_fire_score": 0.027569298739311236, "hotspot_score": 0.04958861074085279}}, {"type": "Feature", "geometry": {"type": "Point", "coordinates": [77.25, 13.25]}, "properties": {"day": 1, "forecast_date": "2026-04-28", "predicted_risk": 0.42353476167632614, "risk_band": "medium", "recent_fire_score": 0.019627965262490218, "hotspot_score": 0.06074043636387405}}, {"type": "Feature", "geometry": {"type": "Point", "coordinates": [77.5, 13.25]}, "properties": {"day": 1, "forecast_date": "2026-04-28", "predicted_risk": 0.42687826129505835, "risk_band": "medium", "recent_fire_score": 0.019185847228979508, "hotspot_score": 0.07963230016129541}}, {"type": "Feature", "geometry": {"type": "Point", "coordinates": [77.75, 13.25]}, "properties": {"day": 1, "forecast_date": "2026-04-28", "predicted_risk": 0.43730209649765844, "risk_band": "medium", "recent_fire_score": 0.032579124616954204, "hotspot_score": 0.11436539070002869}}, {"type": "Feature", "geometry": {"type": "Point", "coordinates": [78.0, 13.25]}, "properties": {"day": 1, "forecast_date": "2026-04-28", "predicted_risk": 0.4515569504737543, "risk_band": "medium", "recent_fire_score": 0.05754364160459066, "hotspot_score": 0.16119148514648685}}, {"type": "Feature", "geometry": {"type": "Point", "coordinates": [78.25, 13.25]}, "properties": {"day": 1, "forecast_date": "2026-04-28", "predicted_risk": 0.4568636953540729, "risk_band": "medium", "recent_fire_score": 0.0828284462681172, "hotspot_score": 0.2085587130928307}}, {"type": "Feature", "geometry": {"type": "Point", "coordinates": [78.5, 13.25]}, "properties": {"day": 1, "forecast_date": "2026-04-28", "predicted_risk": 0.689960514859496, "risk_band": "medium", "recent_fire_score": 0.08985107905369148, "hotspot_score": 0.2288926210963943}}, {"type": "Feature", "geometry": {"type": "Point", "coordinates": [78.75, 13.25]}, "properties": {"day": 1, "forecast_date": "2026-04-28", "predicted_risk": 0.4633082873600698, "risk_band": "medium", "recent_fire_score": 0.06060369684046853, "hotspot_score": 0.2112336774174449}}, {"type": "Feature", "geometry": {"type": "Point", "coordinates": [79.0, 13.25]}, "properties": {"day": 1, "forecast_date": "2026-04-28", "predicted_risk": 0.44300526553417463, "risk_band": "medium", "recent_fire_score": 0.046633706730382106, "hotspot_score": 0.18977144125121173}}, {"type": "Feature", "geometry": {"type": "Point", "coordinates": [79.25, 13.25]}, "properties": {"day": 1, "forecast_date": "2026-04-28", "predicted_risk": 0.46098017136570446, "risk_band": "medium", "recent_fire_score": 0.05624648622602966, "hotspot_score": 0.19744340512261813}}, {"type": "Feature", "geometry": {"type": "Point", "coordinates": [79.5, 13.25]}, "properties": {"day": 1, "forecast_date": "2026-04-28", "predicted_risk": 0.6813743857541228, "risk_band": "medium", "recent_fire_score": 0.07707414047542877, "hotspot_score": 0.24292890232985295}}, {"type": "Feature", "geometry": {"type": "Point", "coordinates": [79.75, 13.25]}, "properties": {"day": 1, "forecast_date": "2026-04-28", "predicted_risk": 0.7253484809775552, "risk_band": "high", "recent_fire_score": 0.12000073854878401, "hotspot_score": 0.27923649558435437}}, {"type": "Feature", "geometry": {"type": "Point", "coordinates": [80.0, 13.25]}, "properties": {"day": 1, "forecast_date": "2026-04-28", "predicted_risk": 0.6804920917928645, "risk_band": "medium", "recent_fire_score": 0.09069461231351438, "hotspot_score": 0.22522878738489382}}, {"type": "Feature", "geometry": {"type": "Point", "coordinates": [80.25, 13.25]}, "properties": {"day": 1, "forecast_date": "2026-04-28", "predicted_risk": 0.42602096440383186, "risk_band": "medium", "recent_fire_score": 0.023969434351564838, "hotspot_score": 0.11069333891723233}}, {"type": "Feature", "geometry": {"type": "Point", "coordinates": [80.5, 13.25]}, "properties": {"day": 1, "forecast_date": "2026-04-28", "predicted_risk": 0.40394297848218635, "risk_band": "medium", "recent_fire_score": 0.0020279902365949666, "hotspot_score": 0.031532054782871154}}, {"type": "Feature", "geometry": {"type": "Point", "coordinates": [76.0, 13.5]}, "properties": {"day": 1, "forecast_date": "2026-04-28", "predicted_risk": 0.409141049356936, "risk_band": "medium", "recent_fire_score": 5.42468653126811e-07, "hotspot_score": 0.00038067625370321776}}, {"type": "Feature", "geometry": {"type": "Point", "coordinates": [76.25, 13.5]}, "properties": {"day": 1, "forecast_date": "2026-04-28", "predicted_risk": 0.3946881770086011, "risk_band": "low", "recent_fire_score": 1.3335434227757387e-05, "hotspot_score": 0.001323835461043671}}, {"type": "Feature", "geometry": {"type": "Point", "coordinates": [76.5, 13.5]}, "properties": {"day": 1, "forecast_date": "2026-04-28", "predicted_risk": 0.3977804564669563, "risk_band": "low", "recent_fire_score": 0.00030617142224815375, "hotspot_score": 0.00492375452991519}}, {"type": "Feature", "geometry": {"type": "Point", "coordinates": [76.75, 13.5]}, "properties": {"day": 1, "forecast_date": "2026-04-28", "predicted_risk": 0.39819163004545194, "risk_band": "low", "recent_fire_score": 0.0019997680971991904, "hotspot_score": 0.012030651330932228}}, {"type": "Feature", "geometry": {"type": "Point", "coordinates": [77.0, 13.5]}, "properties": {"day": 1, "forecast_date": "2026-04-28", "predicted_risk": 0.40379115744314675, "risk_band": "medium", "recent_fire_score": 0.0036467555831495467, "hotspot_score": 0.01786881876587875}}, {"type": "Feature", "geometry": {"type": "Point", "coordinates": [77.25, 13.5]}, "properties": {"day": 1, "forecast_date": "2026-04-28", "predicted_risk": 0.3990433325299397, "risk_band": "low", "recent_fire_score": 0.002190002613210957, "hotspot_score": 0.019498151995809454}}, {"type": "Feature", "geometry": {"type": "Point", "coordinates": [77.5, 13.5]}, "properties": {"day": 1, "forecast_date": "2026-04-28", "predicted_risk": 0.4075456605356733, "risk_band": "medium", "recent_fire_score": 0.001447409609336061, "hotspot_score": 0.023189962378380308}}, {"type": "Feature", "geometry": {"type": "Point", "coordinates": [77.75, 13.5]}, "properties": {"day": 1, "forecast_date": "2026-04-28", "predicted_risk": 0.4091843250686348, "risk_band": "medium", "recent_fire_score": 0.0030537964657241057, "hotspot_score": 0.034323574555355084}}, {"type": "Feature", "geometry": {"type": "Point", "coordinates": [78.0, 13.5]}, "properties": {"day": 1, "forecast_date": "2026-04-28", "predicted_risk": 0.41844006926106114, "risk_band": "medium", "recent_fire_score": 0.00656448879800416, "hotspot_score": 0.05133607589004814}}, {"type": "Feature", "geometry": {"type": "Point", "coordinates": [78.25, 13.5]}, "properties": {"day": 1, "forecast_date": "2026-04-28", "predicted_risk": 0.4297587856444227, "risk_band": "medium", "recent_fire_score": 0.009153764476318481, "hotspot_score": 0.06699241112400915}}, {"type": "Feature", "geometry": {"type": "Point", "coordinates": [78.5, 13.5]}, "properties": {"day": 1, "forecast_date": "2026-04-28", "predicted_risk": 0.4279563819241634, "risk_band": "medium", "recent_fire_score": 0.008839619696431596, "hotspot_score": 0.07072145541482366}}, {"type": "Feature", "geometry": {"type": "Point", "coordinates": [78.75, 13.5]}, "properties": {"day": 1, "forecast_date": "2026-04-28", "predicted_risk": 0.42562636007284343, "risk_band": "medium", "recent_fire_score": 0.0055507157708071094, "hotspot_score": 0.06140118729504811}}, {"type": "Feature", "geometry": {"type": "Point", "coordinates": [79.0, 13.5]}, "properties": {"day": 1, "forecast_date": "2026-04-28", "predicted_risk": 0.4235201400349045, "risk_band": "medium", "recent_fire_score": 0.00401529046741624, "hotspot_score": 0.05343342202513622}}, {"type": "Feature", "geometry": {"type": "Point", "coordinates": [79.25, 13.5]}, "properties": {"day": 1, "forecast_date": "2026-04-28", "predicted_risk": 0.4249723620330537, "risk_band": "medium", "recent_fire_score": 0.005434902601291335, "hotspot_score": 0.05778471147591641}}, {"type": "Feature", "geometry": {"type": "Point", "coordinates": [79.5, 13.5]}, "properties": {"day": 1, "forecast_date": "2026-04-28", "predicted_risk": 0.42425061419076693, "risk_band": "medium", "recent_fire_score": 0.007734964180242369, "hotspot_score": 0.07414305804437482}}, {"type": "Feature", "geometry": {"type": "Point", "coordinates": [79.75, 13.5]}, "properties": {"day": 1, "forecast_date": "2026-04-28", "predicted_risk": 0.4255044880970149, "risk_band": "medium", "recent_fire_score": 0.011659188862373871, "hotspot_score": 0.08623626259392433}}, {"type": "Feature", "geometry": {"type": "Point", "coordinates": [80.0, 13.5]}, "properties": {"day": 1, "forecast_date": "2026-04-28", "predicted_risk": 0.4228826387987956, "risk_band": "medium", "recent_fire_score": 0.008656336770167044, "hotspot_score": 0.06965518055939984}}, {"type": "Feature", "geometry": {"type": "Point", "coordinates": [80.25, 13.5]}, "properties": {"day": 1, "forecast_date": "2026-04-28", "predicted_risk": 0.40928567992436415, "risk_band": "medium", "recent_fire_score": 0.0022687180673014195, "hotspot_score": 0.03423048580049332}}, {"type": "Feature", "geometry": {"type": "Point", "coordinates": [80.5, 13.5]}, "properties": {"day": 1, "forecast_date": "2026-04-28", "predicted_risk": 0.3998456293042974, "risk_band": "low", "recent_fire_score": 0.0001912933675106435, "hotspot_score": 0.009747570702180137}}]}