day,forecast_date,lat,lon,predicted_risk,risk_band,recent_fire_score,hotspot_score,temp_c,humidity,wind_kph
1,2026-04-28,8.0,76.0,0.3986967005853976,low,9.407844030307368e-11,3.90475555877152e-06,37.41025157407704,54.06605289340103,16.040415932545645
1,2026-04-28,8.0,76.25,0.3845790470488926,low,5.712550157391665e-10,9.084196014076374e-06,37.53177003568359,49.7724188659573,16.21257869828705
1,2026-04-28,8.0,76.5,0.38457948719815377,low,9.541397330132368e-10,1.1579072393373669e-05,37.17793804213683,49.170114094321505,16.324222909921506
1,2026-04-28,8.0,76.75,0.38591870706228204,low,4.709253198693882e-10,1.026830588062319e-05,37.08745455620435,50.423308899484496,15.13091334303236
1,2026-04-28,8.0,77.0,0.385431427377725,low,1.0432426854123892e-08,3.662925539716782e-05,36.78423345635957,51.341709437040144,15.18857684288322
1,2026-04-28,8.0,77.25,0.3893854010340837,low,9.141927252975288e-07,0.0002728220386573579,37.61458718860554,52.95647424378277,13.633702092062979
1,2026-04-28,8.0,77.5,0.39197416884461805,low,2.217851631062955e-05,0.001231744423117532,37.34959361765068,50.39223716682937,13.891157240427413
1,2026-04-28,8.0,77.75,0.3899038609130353,low,0.0001480637199356517,0.0030963195130352247,37.40730727786741,48.761677982613726,13.734717871014857
1,2026-04-28,8.0,78.0,0.3949723672848009,low,0.00027228006143693726,0.004331901448977191,37.13351303097671,52.04097055776791,13.543374348302931
1,2026-04-28,8.0,78.25,0.3909060032897016,low,0.0001385007982622765,0.003403204173236524,37.69386723590724,50.394399416380715,12.58560511250905
1,2026-04-28,8.0,78.5,0.3920255292990777,low,1.979700826883006e-05,0.0015247746468944581,37.60974635248627,49.55418143193439,13.447600956727866
1,2026-04-28,8.0,78.75,0.39409651721253197,low,8.411620043789655e-07,0.0003974293023848401,37.3087297496434,49.7870151358684,12.882983985376118
1,2026-04-28,8.0,79.0,0.3930877882468137,low,1.2411147774192003e-08,6.137058753862033e-05,37.186367500983,51.252352065415565,13.8799001606489
1,2026-04-28,8.0,79.25,0.3933799788105863,low,7.765723362703023e-11,5.658866775580506e-06,37.24199805730541,48.59500431207524,14.48582070960486
1,2026-04-28,8.0,79.5,0.3933790351470615,low,1.9705981997559886e-13,3.093611699537621e-07,37.118243279581044,53.134026746840426,14.198042197952136
1,2026-04-28,8.0,79.75,0.38650218178451523,low,1.6408987280749393e-16,9.847078720139053e-09,37.34929565344723,50.83234153727681,15.851315150039296
1,2026-04-28,8.0,80.0,0.3865021800790303,low,3.9693780052621225e-20,1.7879694445989274e-10,37.16933070626307,51.131458776907756,15.88093835629308
1,2026-04-28,8.0,80.25,0.388224284947468,low,2.681493242458869e-24,1.8222906019216575e-12,37.50580957309386,52.5347673644969,15.743256214015341
1,2026-04-28,8.0,80.5,0.3833909516138151,low,5.006850073776441e-29,1.0479860666149652e-14,37.24120646643317,50.01884562305487,16.890790635066157
1,2026-04-28,8.25,76.0,0.3967949557091686,low,4.251841293578401e-08,7.456478290831741e-05,37.08043392099785,51.15086663674946,16.48674291576475
1,2026-04-28,8.25,76.25,0.3846079804572139,low,2.572281230011771e-07,0.00017290412616946383,37.61021592381919,50.94343361797616,16.114556681703373
1,2026-04-28,8.25,76.5,0.3870327485278816,low,4.282339006582176e-07,0.00021869609102363638,36.97669694991893,51.73485642188332,15.362366183643665
1,2026-04-28,8.25,76.75,0.39027694389980716,low,1.9688582584867085e-07,0.00016518759548994632,36.74074949393187,54.48702605265722,15.336473292507335
1,2026-04-28,8.25,77.0,0.3893809347016202,low,2.150599775502443e-07,0.0002480520122138366,37.28251089571161,49.524247427393114,14.11477355348828
1,2026-04-28,8.25,77.25,0.38638571944801986,low,1.612049228154012e-05,0.0014427696829131748,36.6011395655145,50.950535403861025,14.67897204977893
1,2026-04-28,8.25,77.5,0.39333729171537374,low,0.0003888200823429825,0.00629755216793061,37.2694557699331,53.947174846046444,14.91630862729015
1,2026-04-28,8.25,77.75,0.3925108586734936,low,0.0026063580086863217,0.01594370144068525,37.497086705777576,49.590794162380355,13.50094951190752
1,2026-04-28,8.25,78.0,0.39986125711393977,low,0.004866121955888113,0.023055540899188702,37.26240900417107,53.0093515784833,12.270059126767016
1,2026-04-28,8.25,78.25,0.396439898420882,low,0.0025893820787028098,0.01914887491612042,37.23269628734802,50.92422699080834,12.586705648610245
1,2026-04-28,8.25,78.5,0.3968116462471497,low,0.0004236291179608382,0.00925802752360282,36.628617803417896,52.39212623563122,13.029075458610171
1,2026-04-28,8.25,78.75,0.3946399491334549,low,2.5347369707415466e-05,0.002641463352195356,37.341400825775686,51.8205713695529,13.572168646140547
1,2026-04-28,8.25,79.0,0.3955726419113128,low,6.434368858964357e-07,0.00044742238836139827,37.29142557523695,51.50805994589425,13.930571839943147
1,2026-04-28,8.25,79.25,0.3891726672544551,low,6.225112941137508e-09,4.472576463668124e-05,36.85130877591078,49.81981016387201,15.047679385376085
1,2026-04-28,8.25,79.5,0.38612943902513575,low,1.900342295275593e-11,2.598904637738148e-06,37.71505189588626,50.860878388677705,14.779117541462016
1,2026-04-28,8.25,79.75,0.39267497974572163,low,1.6670243631680976e-14,8.625045769033402e-08,36.83663334416898,52.02703156558643,15.141686173447013
1,2026-04-28,8.25,80.0,0.3865021803319134,low,4.0771755229398715e-18,1.6123746622783091e-09,36.70915637003935,50.52888556465088,15.904904292396884
1,2026-04-28,8.25,80.25,0.3833909516168411,low,2.7579637400526893e-22,1.7165129829740866e-11,36.672261491805,49.54844242500976,16.39510543095627
1,2026-04-28,8.25,80.5,0.38339095161384,low,8.062709268389928e-27,1.5200532834045236e-13,37.186629521387864,49.69449758936295,16.568558052005745
1,2026-04-28,8.5,76.0,0.3993401830535108,low,5.422273853239234e-06,0.000799139859844258,37.11344270445682,53.03862838831178,16.735832892475344
1,2026-04-28,8.5,76.25,0.3897409152767389,low,3.259085911239841e-05,0.0018459202539270656,37.144933131269106,53.28057710002534,16.114694967158137
1,2026-04-28,8.5,76.5,0.38499473068129325,low,5.394372055559797e-05,0.0023231834698664838,36.92820688175616,50.03353897442938,16.244618394028365
1,2026-04-28,8.5,76.75,0.38691957527480614,low,2.4606056139454625e-05,0.001673770765223937,36.79347560101231,51.01787114267401,14.835188034105308
1,2026-04-28,8.5,77.0,0.39052047489122416,low,5.256302773730924e-06,0.0014821343718130762,37.256499613080905,52.789178736708855,15.087411649624142
1,2026-04-28,8.5,77.25,0.3888722614173423,low,0.00010963076588000081,0.005756436481780713,36.779897966128914,51.40708552890138,14.961176731434422
1,2026-04-28,8.5,77.5,0.3960810581674421,low,0.0023294005512601934,0.02270061261348087,36.73727102555171,50.86634044163438,14.114571892873045
1,2026-04-28,8.5,77.75,0.4091978714135672,medium,0.015680812960840715,0.05608081835718095,37.568601156815845,51.136851848475146,12.956502313050008
1,2026-04-28,8.5,78.0,0.4268553855829036,medium,0.031437477591744235,0.08268210520845043,37.31261433467948,48.28730596106686,13.169159115555084
1,2026-04-28,8.5,78.25,0.42096737053268535,medium,0.02003089316979489,0.07196557582823854,37.35321489825864,49.08890497292162,13.09369768294624
1,2026-04-28,8.5,78.5,0.4033820664730825,medium,0.004715349461925579,0.037026577806523596,37.289820126604525,51.652181210795085,13.153842695960007
1,2026-04-28,8.5,78.75,0.39475646071891285,low,0.0004508285860126614,0.011285869315880808,36.88523017604741,51.20920145273708,13.052967949957702
1,2026-04-28,8.5,79.0,0.39061850117934543,low,1.5740906775103814e-05,0.0020296010498554707,36.87269019325632,51.69179869683429,14.91829430324437
1,2026-04-28,8.5,79.25,0.38990637943603806,low,1.719766987542362e-07,0.00021294097908094387,37.196746731543314,51.19520901089333,14.799276875526209
1,2026-04-28,8.5,79.5,0.3878438981349344,low,5.421759559557743e-10,1.285069151683773e-05,36.844087066580975,49.262527193838594,14.922443714791342
1,2026-04-28,8.5,79.75,0.3889189245770828,low,4.788957796937231e-13,4.4139942876276636e-07,37.110944551199324,51.66315655087718,16.473008000311715
1,2026-04-28,8.5,80.0,0.3913355149342878,low,1.176219626540945e-16,8.80648451387536e-09,36.99180901426974,52.88805801248162,15.635488029838557
1,2026-04-28,8.5,80.25,0.38580761830759003,low,1.452889344009949e-20,1.5368548977463204e-10,36.68246164328162,51.79300989454679,15.573261109583216
1,2026-04-28,8.5,80.5,0.38822428494874583,low,1.3173980350483284e-22,9.06618709919258e-12,37.287447082661174,52.0963223946209,16.588190232768696
1,2026-04-28,8.75,76.0,0.4029068499085553,medium,0.00020003508098859215,0.004882184505711951,36.505661363779765,49.69505335144213,16.86674670635453
1,2026-04-28,8.75,76.25,0.3919589296774412,low,0.001189179751414672,0.011227628884604551,36.94890128422028,50.57413036488514,15.727568897327801
1,2026-04-28,8.75,76.5,0.39256419392066255,low,0.0019487388313250292,0.014062035657539771,36.910438428203925,50.247793271572704,16.22881533316359
1,2026-04-28,8.75,76.75,0.39168860576445513,low,0.0008807536860747605,0.009937515163913224,37.234725873037235,50.234137964025244,15.902225257520241
1,2026-04-28,8.75,77.0,0.39501473005755994,low,0.00015086466409644451,0.00687109898874516,36.55803486926206,50.11738694927688,14.440586468906082
1,2026-04-28,8.75,77.25,0.39957290104444887,low,0.0008634620874734369,0.018451248180027295,36.74898557848079,51.66657866646212,14.314765170954999
1,2026-04-28,8.75,77.5,0.4197860138601591,medium,0.009023797096897776,0.06211997556196729,36.99170982456861,51.01752912396619,13.623532528034252
1,2026-04-28,8.75,77.75,0.44372332832836964,medium,0.050775866459755736,0.14177461977982314,37.32271005836049,50.16576104513066,13.140033808335732
1,2026-04-28,8.75,78.0,0.6717480263142569,medium,0.1129278556555244,0.20409564024172647,37.75183594700307,50.32303775998055,13.423309291773611
1,2026-04-28,8.75,78.25,0.46159351137508087,medium,0.09221355316544134,0.17958206763678033,37.50767700242408,48.48479846873771,12.826284920232457
1,2026-04-28,8.75,78.5,0.43223823741155554,medium,0.0289364179969107,0.09510163679235475,37.13470510916938,50.35982096805036,12.965410981447837
1,2026-04-28,8.75,78.75,0.4075873565864171,medium,0.003330927957856715,0.030059128917201042,37.220968431105945,50.93084880459855,13.637797746857036
1,2026-04-28,8.75,79.0,0.39558204028087396,low,0.00012487129951678052,0.005620598006218811,37.45530441520047,48.742335928613294,13.79512774732676
1,2026-04-28,8.75,79.25,0.3984218400452401,low,1.3962584068626484e-06,0.000615502594824326,36.47633280412085,49.58094977582304,14.134229582511947
1,2026-04-28,8.75,79.5,0.3962053571597283,low,4.481958774578475e-09,3.929432177223625e-05,36.85284568601157,51.72827794874235,14.690448773606054
1,2026-04-28,8.75,79.75,0.3930780098000167,low,4.1303677477466916e-12,1.5163862125862975e-06,37.067060583693035,50.45775853266999,15.203524255686531
1,2026-04-28,8.75,80.0,0.39173830052487374,low,2.4694985377149266e-15,5.3096778606983914e-08,36.87836574214322,51.00100799980391,15.76591486366706
1,2026-04-28,8.75,80.25,0.3886270636603043,low,7.735009285952112e-17,5.302607684724486e-09,37.25605625520931,49.07817704308475,16.423043435594632
1,2026-04-28,8.75,80.5,0.39104372951793587,low,1.6418016332077252e-18,7.162404798073094e-10,36.7607893930154,51.47502744204602,16.35019772493378
1,2026-04-28,9.0,76.0,0.42655641005352174,medium,0.0022544320009149853,0.0173409812269025,36.45376725531981,50.42779624534227,16.715029360072332
1,2026-04-28,9.0,76.25,0.42053002582777343,medium,0.013178971191338856,0.03969749581690836,37.051181518056886,50.75564578234558,16.14607684277341
1,2026-04-28,9.0,76.5,0.42600562314671997,medium,0.02125715826018838,0.04947418401300745,36.06591901754308,50.588837503566715,15.675157145436856
1,2026-04-28,9.0,76.75,0.4232138342867676,medium,0.009464629610113224,0.03451280425496124,36.65647978801509,48.30774786294071,15.820160845309653
1,2026-04-28,9.0,77.0,0.41643016016942686,medium,0.001526913383901798,0.020897671753609067,37.40800800189285,52.34671622520867,14.740341444329625
1,2026-04-28,9.0,77.25,0.42530632208765756,medium,0.006252587262719965,0.043703995256057414,36.81547068162022,48.71808909222779,14.522998281262746
1,2026-04-28,9.0,77.5,0.4530394626717478,medium,0.03753993821853892,0.12816395466734218,37.15852473902806,48.82069987071305,13.708910751708665
1,2026-04-28,9.0,77.75,0.7222843753156372,high,0.12340880315502384,0.26318832559067196,37.239616837936076,46.35365547715507,13.983736805474717
1,2026-04-28,9.0,78.0,0.7647858635465692,high,0.23629528261899857,0.35393025723633764,37.87384580774408,46.575162648328444,13.700852118371168
1,2026-04-28,9.0,78.25,0.7510648517336185,high,0.19937956929849132,0.30187664296716765,37.66285212688239,46.169759789034565,12.859649355087438
1,2026-04-28,9.0,78.5,0.46259453192798006,medium,0.06620132692665313,0.15981638918146174,37.69498611496212,50.00557917619515,13.871776060418844
1,2026-04-28,9.0,78.75,0.4313838993056321,medium,0.007985208296859876,0.05192041735832411,36.54789836931378,50.66405950076518,12.622701636003464
1,2026-04-28,9.0,79.0,0.41518255663236814,medium,0.0003194663595665874,0.010286829029979848,35.94439720434556,50.91031630440541,13.666824873567508
1,2026-04-28,9.0,79.25,0.41033623247870005,medium,4.0639060718372445e-06,0.0012480454132864844,36.8088080592629,49.92883514338987,14.683624203221967
1,2026-04-28,9.0,79.5,0.4121760485995106,medium,1.734152631498745e-08,9.778388287542664e-05,37.126103643264315,50.41248689417531,14.203625377915975
1,2026-04-28,9.0,79.75,0.409412714569323,medium,6.034234326338013e-11,6.896797789086889e-06,36.49904834709937,51.125443577283576,15.237564961054971
1,2026-04-28,9.0,80.0,0.41290556077908835,medium,3.929295888214511e-12,1.0239778656920097e-06,36.18127196625512,51.43359202450292,15.788359099932402
1,2026-04-28,9.0,80.25,0.40496085718674485,medium,2.580962512651491e-13,2.199822645801131e-07,36.39146809339448,50.173499294065934,16.103745188874804
1,2026-04-28,9.0,80.5,0.40979415750095366,medium,5.658724452765025e-15,3.2799217631957565e-08,36.81325724765238,53.04481010769705,16.639277376575432
1,2026-04-28,9.25,76.0,0.43324950556415504,medium,0.008696053342811172,0.036522501215450365,36.473701580067356,50.98721783135569,17.195156339609525
1,2026-04-28,9.25,76.25,0.4467985206372782,medium,0.04983122752306164,0.08326317588804877,36.81315883068484,48.16127171803761,16.843326018379397
1,2026-04-28,9.25,76.5,0.44839389016943976,medium,0.07878581603286221,0.10332143541205407,36.22924210840955,51.35619023802837,15.34556284120176
1,2026-04-28,9.25,76.75,0.43580676976433513,medium,0.034382321100602506,0.07140113745547408,36.605745313687116,47.604534693239074,14.932909571556442
1,2026-04-28,9.25,77.0,0.42060058751755913,medium,0.005079932956480021,0.03963224864480014,36.854720183075145,51.103559919257215,15.224869132906612
1,2026-04-28,9.25,77.25,0.44127681068519997,medium,0.015989617837537135,0.07007281210566682,36.649598804891575,49.34045994602082,14.094075872544206
1,2026-04-28,9.25,77.5,0.4732008254361465,medium,0.08720055101829548,0.19094961840237543,36.83024811995146,50.33892589885149,14.940865446828857
1,2026-04-28,9.25,77.75,0.7608893040272952,high,0.21423911069905324,0.3651043563481009,38.01064375037156,46.30997385298478,13.645052133463155
1,2026-04-28,9.25,78.0,0.7898694986540407,high,0.2946252442462195,0.4585187266435017,38.330104473646834,41.820418301482114,13.335211140703585
1,2026-04-28,9.25,78.25,0.7644231770693897,high,0.20455178626788892,0.3739992974879915,37.594876367403415,46.5029626702528,12.714250306009555
1,2026-04-28,9.25,78.5,0.47872078150246933,medium,0.06884756705328188,0.19796832847463358,36.902193494282365,45.3462168933021,12.903920974156833
1,2026-04-28,9.25,78.75,0.4360907423383612,medium,0.010727709315685582,0.06853471897800825,37.070763581400946,51.32573520425111,13.200770525316173
1,2026-04-28,9.25,79.0,0.4129911749553571,medium,0.0006703634584426528,0.015775218648538664,36.415234071012684,50.811470947550255,14.667372216559363
1,2026-04-28,9.25,79.25,0.41298399603229974,medium,1.674721669403453e-05,0.002548153010116398,36.489932421692075,49.768478217195494,14.56155649458914
1,2026-04-28,9.25,79.5,0.4154292927427885,medium,2.854459651043839e-07,0.00035310724100233996,37.0345010138302,52.44450041982645,14.01104246914441
1,2026-04-28,9.25,79.75,0.4155804308539605,medium,2.1086071128354437e-08,7.058425907510563e-05,36.58185290310111,52.15992506902598,15.041011027306046
1,2026-04-28,9.25,80.0,0.408075829293409,medium,3.3317572563819536e-09,2.1440000638380548e-05,36.39069289207761,51.34559524878788,15.981235870464568
1,2026-04-28,9.25,80.25,0.40979509510538764,medium,2.4070686301524736e-10,5.34782797506947e-06,35.97597523862976,51.47625942772878,16.384674344717688
1,2026-04-28,9.25,80.5,0.407377630266657,medium,5.377087132723584e-12,8.232279336884124e-07,36.53927351352379,51.640508275005594,17.174271717564675
1,2026-04-28,9.5,76.0,0.44053223328969915,medium,0.01331124264712837,0.046252607951143505,36.47456024037581,49.92019262390556,16.95127994578624
1,2026-04-28,9.5,76.25,0.4511294230239469,medium,0.0753103212009954,0.1049587213126138,36.551592830583104,50.06320855024476,16.28152214863829
1,2026-04-28,9.5,76.5,0.4671397388647498,medium,0.11740398317851578,0.12994867680810926,37.10313136905242,46.08318632807896,15.864956094549978
1,2026-04-28,9.5,76.75,0.4395496395996026,medium,0.050448603781328746,0.0903251204963184,36.295461535251754,44.889148709391655,15.61083096038455
1,2026-04-28,9.5,77.0,0.42726588869411164,medium,0.0067372913429817145,0.050956572456711514,36.058475608919466,51.050353693848315,15.266883124693189
1,2026-04-28,9.5,77.25,0.44171811572825426,medium,0.013108161145601947,0.08278881982017114,36.36809383212424,50.50924339114233,14.319596211079972
1,2026-04-28,9.5,77.5,0.5694451133880308,medium,0.0819160217412023,0.2107897086578069,36.98122129226714,46.991358049916386,14.00152481440477
1,2026-04-28,9.5,77.75,0.7645018129302531,high,0.23501722941947578,0.38874660619850016,37.21125159093156,43.197758559956746,13.927639334211197
1,2026-04-28,9.5,78.0,0.7950263907515557,high,0.31556358949591146,0.473200049969539,37.61693362609134,44.97904141888473,13.298816515108086
1,2026-04-28,9.5,78.25,0.7628444813118533,high,0.20708167964289548,0.37986212428438343,37.33466402117496,44.28511930213564,12.744323509827506
1,2026-04-28,9.5,78.5,0.5772262736288729,medium,0.08823664001338814,0.20883462106323278,36.97450200799039,47.060426224106,13.410912338139061
1,2026-04-28,9.5,78.75,0.4446813176451024,medium,0.02129111318017268,0.08353500446212425,36.38585936408737,48.542679429222424,13.19710060821178
1,2026-04-28,9.5,79.0,0.42095363138015257,medium,0.0024616053272055165,0.025947365574588464,36.68802940240763,51.85219233538742,14.212337942634097
1,2026-04-28,9.5,79.25,0.409304464373351,medium,0.0001840863340640635,0.006789276970467462,35.74315285135825,47.89028182513772,14.922247234680247
1,2026-04-28,9.5,79.5,0.4111936226782054,medium,1.6108617500946405e-05,0.0018635868958609414,36.46124881988437,50.7828684042196,14.85536916156544
1,2026-04-28,9.5,79.75,0.4140230945883747,medium,4.035471946129143e-06,0.0007034341583008676,36.177439973767214,50.06043480084737,15.270519866141887
1,2026-04-28,9.5,80.0,0.41152968057867306,medium,8.143699381624815e-07,0.0002708893833762542,36.47201207301124,50.86517707703197,15.314399526715595
1,2026-04-28,9.5,80.25,0.41187710685902,medium,6.22872017456353e-08,7.177810034306687e-05,36.894396752908676,52.00496521569503,16.054323124847034
1,2026-04-28,9.5,80.5,0.40812661371526915,medium,1.4070031077661468e-09,1.1276569042972138e-05,36.321187551885764,50.38844012734995,16.380567661590696
1,2026-04-28,9.75,76.0,0.4294310981845468,medium,0.008233891776784125,0.036479934866698045,36.33428256521489,50.178161264597975,17.25833288198707
1,2026-04-28,9.75,76.25,0.44015211845093805,medium,0.04641187085950539,0.08042360253099937,36.672482686083086,47.15081258993763,16.27903928546804
1,2026-04-28,9.75,76.5,0.4490411596075008,medium,0.07218048979343267,0.09965702113853656,36.148687039564166,48.591645771278856,15.818841202612079
1,2026-04-28,9.75,76.75,0.4396627108587111,medium,0.031109436754240306,0.07597259974242829,36.59252627235212,48.44575872652972,15.942361453797288
1,2026-04-28,9.75,77.0,0.43213819545503607,medium,0.0062961625686679575,0.06522403584887496,36.57609438744872,50.545664549851885,15.006037757666917
1,2026-04-28,9.75,77.25,0.44382342063947944,medium,0.014153048999161737,0.11562161317483238,36.444769003636885,49.21746287271322,14.820137025160522
1,2026-04-28,9.75,77.5,0.46561337422016036,medium,0.05366763383274593,0.22374914334553894,36.98555176153035,47.33204920338118,13.987475745671837
1,2026-04-28,9.75,77.75,0.7517085151504822,high,0.16821675858067472,0.34839143519778926,37.29894867654662,45.86708895498074,13.850838534631837
1,2026-04-28,9.75,78.0,0.7786257041514968,high,0.2531290903439932,0.3965874239067715,37.281309960782785,43.22816952078937,13.164506537822714
1,2026-04-28,9.75,78.25,0.7504284434116943,high,0.17215232063490815,0.3166847725677741,36.82189624129939,44.423904741917205,13.328548958905195
1,2026-04-28,9.75,78.5,0.4682152812187785,medium,0.08275261697878353,0.18949800554713275,37.0316631652954,44.55054513942285,13.155780743445712
1,2026-04-28,9.75,78.75,0.4484892602121918,medium,0.03546277943241928,0.0976209584469272,36.96574035288243,49.52057358353699,12.9188314872103
1,2026-04-28,9.75,79.0,0.42657327694963687,medium,0.011726939617393099,0.045561341582468703,36.08698112503715,50.41722657199862,13.753821968650268
1,2026-04-28,9.75,79.25,0.4156271108325721,medium,0.0021087087346139013,0.018941826892749956,36.331880461349904,50.732963502674615,13.877732640230077
1,2026-04-28,9.75,79.5,0.4096583098772364,medium,0.0005661843698345359,0.008494983977993314,35.861197171411874,50.134366745952356,15.084952902999573
1,2026-04-28,9.75,79.75,0.41239353925213695,medium,0.00024045058807875547,0.0044501647831705375,36.059162725060716,52.46296514123891,15.63866853859661
1,2026-04-28,9.75,80.0,0.40708837244060403,medium,5.624261940618645e-05,0.0019201066553840179,36.04579351784139,49.98589638123807,15.866422080823003
1,2026-04-28,9.75,80.25,0.4119546769204195,medium,4.455523947013764e-06,0.0005279947839105316,35.862244737362964,53.547904968831155,15.996212183461942
1,2026-04-28,9.75,80.5,0.4049686530419735,medium,1.01311882213685e-07,8.419198022680315e-05,36.159511285249835,50.65097392820196,16.180091409365634
1,2026-04-28,10.0,76.0,0.4220283465320138,medium,0.0029927736802959934,0.026032092740698745,36.363849763191105,49.560095503569556,16.818978931178947
1,2026-04-28,10.0,76.25,0.42025997322154596,medium,0.010650220872586692,0.043706744122742454,36.29713191765848,49.888032527231346,16.10842129444565
1,2026-04-28,10.0,76.5,0.4243623170372045,medium,0.015719967394353912,0.0520497223376077,36.023170743901,50.198104747355195,16.32898330479526
1,2026-04-28,10.0,76.75,0.4289206744380717,medium,0.00889781070453035,0.05977665385645313,36.57646318708746,50.78227809218196,15.324601710926727
1,2026-04-28,10.0,77.0,0.4449416937817481,medium,0.025020236017836903,0.11333617209441758,36.39349413671139,52.10656034610656,15.23031889931088
1,2026-04-28,10.0,77.25,0.6971934986853177,medium,0.09417862052633144,0.22144093468412382,37.196098011692854,47.87944753929499,14.386897529122995
1,2026-04-28,10.0,77.5,0.7455368136103881,high,0.14543916050343578,0.31041023778428484,36.61404081213774,47.2431209893219,14.597811775147848
1,2026-04-28,10.0,77.75,0.7471413168702334,high,0.13551372732859202,0.327304615890173,37.8536057750024,47.38951940262127,13.26175694132199
1,2026-04-28,10.0,78.0,0.7390320911149882,high,0.13432239654445108,0.28513425028549794,36.85378111672196,47.24648342558617,13.089355386391377
1,2026-04-28,10.0,78.25,0.5786833246430736,medium,0.08463360319872057,0.2091168452579977,36.31844465450553,50.588120363223716,13.032049547155674
1,2026-04-28,10.0,78.5,0.46423581981045986,medium,0.05471692098844905,0.14349435796047746,36.14918847353384,48.44329113113528,13.762396773127008
1,2026-04-28,10.0,78.75,0.45264309659293045,medium,0.06553466181053942,0.10555989330806653,36.629922615814515,48.43351519793001,12.907245355344209
1,2026-04-28,10.0,79.0,0.43829391085381986,medium,0.037024481160220744,0.07157608796394108,36.50046387743419,48.21212559864522,13.424421485653205
1,2026-04-28,10.0,79.25,0.4188977705476668,medium,0.011899820080164677,0.04187019486258209,36.367870638172164,50.06898243254675,14.605903754856353
1,2026-04-28,10.0,79.5,0.4099489920193657,medium,0.007340926767847285,0.026113014945941534,36.26596874525679,47.732194555778214,15.521799787973189
1,2026-04-28,10.0,79.75,0.41021537413156933,medium,0.004211809460765246,0.016381785378473308,35.751810014691046,51.68680288763488,15.661251442585897
1,2026-04-28,10.0,80.0,0.40580491870348245,medium,0.0010862110396885707,0.007534955331653473,36.001340775449194,49.96914889351756,16.059307108105425
1,2026-04-28,10.0,80.25,0.40401749288167466,medium,8.790503916394161e-05,0.0021239641574784564,35.37951493901186,51.924504432351235,15.760283091306075
1,2026-04-28,10.0,80.5,0.4050144654410943,medium,2.0066188815924337e-06,0.00034240243130822,35.777936349131636,51.5422623999687,16.768420464511042
1,2026-04-28,10.25,76.0,0.42886141783802356,medium,0.01662055098024504,0.04036086091286446,36.169183977272894,48.75723992333985,17.053043586269325
1,2026-04-28,10.25,76.25,0.42027213295271915,medium,0.009816787605764432,0.03880040431386811,35.44297065405528,53.44148202944692,16.477755902979684
1,2026-04-28,10.25,76.5,0.41384342247602834,medium,0.0029630105505007104,0.0351414267430185,36.616394306151065,49.517362060392934,16.06623142725523
1,2026-04-28,10.25,76.75,0.42973236191350056,medium,0.008628520964562243,0.06474153010848349,36.387157294018515,49.00278743401754,15.805027938339261
1,2026-04-28,10.25,77.0,0.46599879966432706,medium,0.0688008003343803,0.1704825244857638,36.053372901261646,47.907312430436654,14.015675991157444
1,2026-04-28,10.25,77.25,0.7722294686525016,high,0.24373556043911285,0.32880335152246315,37.20130298194933,46.03081462832779,13.732772682879107
1,2026-04-28,10.25,77.5,0.8028674180776127,high,0.3376028127934833,0.4029232892541725,37.46233245557561,42.32024690343598,13.638750531208219
1,2026-04-28,10.25,77.75,0.760183027487162,high,0.19042938653813588,0.32381059848936544,36.876993834249724,46.90858522516434,13.724692710848382
1,2026-04-28,10.25,78.0,0.4747145006198621,medium,0.06162097528129458,0.195042494790619,36.591847005860906,48.42261518160725,13.07485761083059
1,2026-04-28,10.25,78.25,0.4509802003991661,medium,0.02439997580495249,0.11475323015581827,36.10445093308487,49.212120063092456,12.228314627184105
1,2026-04-28,10.25,78.5,0.4471804008035929,medium,0.03356291907846876,0.09727296506694844,36.143149992074825,48.157830215031794,13.738802783152872
1,2026-04-28,10.25,78.75,0.45188456003628696,medium,0.06400353246149058,0.10784453794913963,36.36948640876727,49.433336670199026,13.42118775412488
1,2026-04-28,10.25,79.0,0.44682780701820685,medium,0.04527763889389433,0.09976963578612416,36.30630586929509,49.13711579844641,14.040893723627903
1,2026-04-28,10.25,79.25,0.4345600770770427,medium,0.028989100791096324,0.07420572232240252,36.1828170775371,47.09804601877085,14.800688321781102
1,2026-04-28,10.25,79.5,0.42849132473064777,medium,0.03005039655646906,0.05328597336721804,36.13847307279351,50.62243995014846,15.752988196346779
1,2026-04-28,10.25,79.75,0.4182757125309757,medium,0.02121256541561298,0.035017652483902845,36.25670699830726,49.1592753737831,15.283465679979985
1,2026-04-28,10.25,80.0,0.40802912710277234,medium,0.0058278917228841666,0.016418240233008228,36.141343821115,50.35689727265921,15.8362625073258
1,2026-04-28,10.25,80.25,0.402105860094016,medium,0.0004777054668004899,0.004680696242158942,35.55378699713494,49.74871590451712,15.685379399115883
1,2026-04-28,10.25,80.5,0.40267256005147334,medium,1.0929594062832545e-05,0.0007592082855342737,35.66444942523417,50.53709048543823,16.638347102154476
1,2026-04-28,10.5,76.0,0.44588681517983736,medium,0.060691682970847254,0.07085711513512767,36.37804733452461,49.11542266019403,16.30892709026066
1,2026-04-28,10.5,76.25,0.4313130858412076,medium,0.034057919923123604,0.06334485792065156,36.35294222987239,49.49523591765212,16.19795287790972
1,2026-04-28,10.5,76.5,0.4208617608430998,medium,0.008344471817209813,0.051700256121928176,36.00895913996255,49.70440576479732,16.258457138374276
1,2026-04-28,10.5,76.75,0.43085112480456034,medium,0.017426542538336167,0.07787091654613315,35.85338119476049,49.00683913175606,15.6386493082278
1,2026-04-28,10.5,77.0,0.4572786042787126,medium,0.07049795107984741,0.16972334674354259,36.458075889426645,49.8787780864457,15.43629034253202
1,2026-04-28,10.5,77.25,0.7582145108308196,high,0.19376223829599568,0.2972809591006896,36.89855218929487,46.691301195233585,14.693938028790333
1,2026-04-28,10.5,77.5,0.7743894416498149,high,0.24760594709471445,0.34021454206271745,36.452469171953986,45.92524933381071,14.62792667078658
1,2026-04-28,10.5,77.75,0.7272414028218213,high,0.12904928839460209,0.2446477712587441,36.51126672671756,48.980846504441956,13.27583392901233
1,2026-04-28,10.5,78.0,0.45020211941683097,medium,0.02673386310797182,0.11849290049707648,35.652606431143624,48.62489611845716,13.749359810458964
1,2026-04-28,10.5,78.25,0.4332793595498069,medium,0.004600602849571083,0.06304573364721724,35.74977332957548,50.8188761178796,12.548161524596555
1,2026-04-28,10.5,78.5,0.4411477584142784,medium,0.01451661700155279,0.09023746555759637,35.96789050705587,49.050081539227094,12.899858835801872
1,2026-04-28,10.5,78.75,0.4547999260430804,medium,0.04354830326118709,0.15804215315675413,36.64684367103366,47.58754302602999,13.376930737467703
1,2026-04-28,10.5,79.0,0.46068333231503467,medium,0.05101935995197917,0.18663818832740148,35.65309107314293,50.20591793960955,14.727770133569221
1,2026-04-28,10.5,79.25,0.45607322008299656,medium,0.03839991427081453,0.14663327138048526,36.03031981813719,47.74623521955124,14.091169493434636
1,2026-04-28,10.5,79.5,0.4422935786839806,medium,0.03868271192910044,0.08960175517527763,36.180718728840546,53.11733957885109,15.06052216902711
1,2026-04-28,10.5,79.75,0.42771967667299426,medium,0.030369980882182443,0.048660449301473487,36.06430408745286,53.542045571128654,15.484145402666869
1,2026-04-28,10.5,80.0,0.40195503091616974,medium,0.008655115530351622,0.02086297148971116,36.018178687823834,47.67591730938595,15.79919259737308
1,2026-04-28,10.5,80.25,0.40474851480676477,medium,0.0007145718644894654,0.005775698302036387,35.453848152886316,52.22672473367542,15.876355071774348
1,2026-04-28,10.5,80.5,0.40028635105609506,medium,1.636937236258852e-05,0.0009275967096620299,35.6829878750144,49.82697640722106,16.1770079282724
1,2026-04-28,10.75,76.0,0.4541957861616441,medium,0.06277319739310885,0.08484742622864926,35.71790172654586,50.35186482383662,16.354486678532908
1,2026-04-28,10.75,76.25,0.4404870373938691,medium,0.040623747044483245,0.0964925974159712,36.21359921351216,49.82632766288456,16.844987696758643
1,2026-04-28,10.75,76.5,0.4280832203388175,medium,0.02545113869343516,0.1009162241475138,35.79888905396797,46.05438433207154,15.606089440986413
1,2026-04-28,10.75,76.75,0.4385923101191413,medium,0.03407412871939615,0.10853920878512711,35.872825487355264,49.612281890782505,14.979121999699338
1,2026-04-28,10.75,77.0,0.4468490157968919,medium,0.04511986061499999,0.1305386237084361,35.990290523490216,50.96340235979425,15.43906654533569
1,2026-04-28,10.75,77.25,0.4575030772929573,medium,0.06385659601253774,0.16872243500394102,35.68938559690239,48.87213619784653,14.845879746514878
1,2026-04-28,10.75,77.5,0.46107571550860493,medium,0.06549734647603092,0.17300005331818535,36.21370681559607,51.107275580233036,14.122609463838426
1,2026-04-28,10.75,77.75,0.45037717776228386,medium,0.03000014870761118,0.116918927488816,35.57353976936474,48.383316865957816,13.464641685537226
1,2026-04-28,10.75,78.0,0.4292152940002726,medium,0.005491483420745071,0.05655768340746338,35.75264255180854,52.97015039834146,12.087099806071103
1,2026-04-28,10.75,78.25,0.42745107783287634,medium,0.0030148805118464586,0.05865136138197604,35.50010279623459,50.278700164643205,12.45762210070899
1,2026-04-28,10.75,78.5,0.4600108370149855,medium,0.029857201700843775,0.16555820174680386,36.33851623618888,46.96380672679683,12.98234341315443
1,2026-04-28,10.75,78.75,0.7407763469295396,high,0.13793573613709256,0.34947910860438447,36.611637504140916,46.58654842476181,13.052940813699552
1,2026-04-28,10.75,79.0,0.7702373198065873,high,0.21620714804401245,0.44180640345815186,37.47383970742854,46.556681057132096,13.503534880702743
1,2026-04-28,10.75,79.25,0.7447929270609926,high,0.11369551795620911,0.33843114688993353,35.91597718851301,46.38241267785207,15.26713116027177
1,2026-04-28,10.75,79.5,0.4560576286922521,medium,0.032787302036320465,0.17028372788163637,36.402820376210826,49.05633878748292,14.136861355976812
1,2026-04-28,10.75,79.75,0.4307468459623152,medium,0.014119263182044543,0.06488976957297812,35.97421160082221,50.319641195435835,15.426550929937408
1,2026-04-28,10.75,80.0,0.40356735792500714,medium,0.0036682494155186283,0.020221474809929876,35.691092730374876,47.72923528218204,15.415220586321713
1,2026-04-28,10.75,80.25,0.4039889222617432,medium,0.0002967883729457756,0.00464624098064683,36.1842480232373,53.85393191646705,16.28104690438965
1,2026-04-28,10.75,80.5,0.39973870035179204,low,6.7587251649940995e-06,0.0006789165112438397,35.15618626276578,53.72608654836001,16.13977540883634
1,2026-04-28,11.0,76.0,0.44265346965822894,medium,0.02932225690756456,0.08679744804203511,35.7047691548812,51.900803000906585,17.332252965213122
1,2026-04-28,11.0,76.25,0.4537056908732824,medium,0.051616421221099426,0.15060429893359706,36.18172046668366,49.47012274364634,16.237991483084382
1,2026-04-28,11.0,76.5,0.659322246395795,medium,0.09836807350545697,0.20570292863353962,36.200788749493206,48.01789125546641,16.646762845049725
1,2026-04-28,11.0,76.75,0.4594296122809597,medium,0.09035887418907819,0.1938478394395093,35.88485030309505,47.63351238302324,16.05335718614488
1,2026-04-28,11.0,77.0,0.4458556284352864,medium,0.034773126812355316,0.12904573197859345,35.938275268271354,51.46345092670599,14.646082303481673
1,2026-04-28,11.0,77.25,0.43285153587637365,medium,0.014241250583138736,0.08194720611144671,35.496946068239126,51.120496845382355,14.15476927148612
1,2026-04-28,11.0,77.5,0.4250629167491071,medium,0.009566890401196584,0.059244047002988486,35.45550524137128,48.65406537182668,13.577661880356617
1,2026-04-28,11.0,77.75,0.41397486852594734,medium,0.003375518867772655,0.03824016242421982,35.3054347227644,49.92736516615063,13.26003796769191
1,2026-04-28,11.0,78.0,0.411695306265067,medium,0.0011404555141080542,0.032406565058878095,35.76861144054657,51.16005940911295,13.745768847677947
1,2026-04-28,11.0,78.25,0.43862153048837554,medium,0.009156916160420477,0.09532928605650352,35.72689958765022,49.064064708398035,13.463286051077983
1,2026-04-28,11.0,78.5,0.7233213014324531,high,0.08308448222648215,0.3133398767700811,36.98091186062492,47.63516163935337,12.799926049218598
1,2026-04-28,11.0,78.75,0.8414060823742346,high,0.3614690103985184,0.6565024875376031,37.73131768562501,43.38720033672363,13.958072785421585
1,2026-04-28,11.0,79.0,0.8965423111660702,high,0.5815685952950903,0.82853963550105,37.79648096039118,39.779717781596375,13.928272282050878
1,2026-04-28,11.0,79.25,0.8365829432503362,high,0.3355684981353443,0.6404587575329359,37.64481461037618,41.91376711926891,14.28522866341692
1,2026-04-28,11.0,79.5,0.7243594894521557,high,0.09170726337901891,0.31884825176912523,35.99651847792652,45.280772220221515,14.7883151542351
1,2026-04-28,11.0,79.75,0.4380880410932839,medium,0.016207937517913756,0.10880706334701665,35.604839856031845,51.00097604488913,15.633609857837532
1,2026-04-28,11.0,80.0,0.41119798790597506,medium,0.0014786156844076386,0.026215310908947336,35.49809386466995,49.03121733252432,14.904884956101514
1,2026-04-28,11.0,80.25,0.39474019301833463,low,5.815141030820378e-05,0.004354636812161404,35.0973842620108,50.340060711057305,16.046072541701896
1,2026-04-28,11.0,80.5,0.40020456527209197,medium,9.285364241365839e-07,0.00047609056373220575,35.25152040777428,50.1151200049568,16.39217313961455
1,2026-04-28,11.25,76.0,0.44664202168319783,medium,0.03141010940681271,0.09412942335356483,35.314957104839536,49.38829808556477,17.175950683937003
1,2026-04-28,11.25,76.25,0.709293511073279,high,0.1080330844994732,0.2153643381940499,35.94444747156596,48.15878306416349,16.696689695069903
1,2026-04-28,11.25,76.5,0.764826125365829,high,0.2472993392106549,0.32904731029529594,36.35042796454194,46.88712463860586,16.359321102025987
1,2026-04-28,11.25,76.75,0.7586029956372181,high,0.21301892175001744,0.3065479745919628,36.24067648214012,46.32089314921046,15.754152485806602
1,2026-04-28,11.25,77.0,0.4520905806781946,medium,0.05812073301946573,0.1739369666025552,36.214052520576125,46.24598299476333,15.18540679403452
1,2026-04-28,11.25,77.25,0.4321488225824381,medium,0.00669866141209752,0.07066107655284834,35.56468633854982,51.04182646520722,14.24032972858776
1,2026-04-28,11.25,77.5,0.4156086557993318,medium,0.0014805064004534147,0.031411023250751055,35.430148073581115,51.81454692806631,14.24618027382789
1,2026-04-28,11.25,77.75,0.41172546835711804,medium,0.0017701404829138818,0.024489539010464453,35.59944485087456,51.94911983357576,13.530333077698101
1,2026-04-28,11.25,78.0,0.4224882922820886,medium,0.005197853230536589,0.04579798892109583,35.87083057001813,49.54095807150985,13.01555401703758
1,2026-04-28,11.25,78.25,0.45874610343812694,medium,0.022435741502742034,0.15122364690049755,36.02422828721153,48.83065670623663,11.849830599747543
1,2026-04-28,11.25,78.5,0.7592417929230891,high,0.1545208060636986,0.44722387416265874,36.244100429282696,43.91306316261654,13.512379851378245
1,2026-04-28,11.25,78.75,0.9011757322536564,high,0.5549519961132557,0.8784845325405607,38.285176886554446,37.76828785236457,13.097452213624729
1,2026-04-28,11.25,79.0,0.9356638907164627,high,0.7881752113726335,1.0,38.96430511980793,30.873354439785476,13.943032916481565
1,2026-04-28,11.25,79.25,0.892897212148537,high,0.5114654673609275,0.8552638727902274,38.29194265563347,36.4557698937862,15.205893303040185
1,2026-04-28,11.25,79.5,0.7740328301887567,high,0.19990583729452968,0.4554565465817899,36.580701785538075,46.020693928101,15.239669837310982
1,2026-04-28,11.25,79.75,0.4545142577912582,medium,0.04119419258420726,0.16745428011103253,35.717915682591894,48.072964628869414,15.109502602978626
1,2026-04-28,11.25,80.0,0.41449301512496106,medium,0.0031370051134412304,0.0414759400039318,35.08785404296686,52.45138517081144,16.813824948743843
1,2026-04-28,11.25,80.25,0.39997932553803034,low,7.675513560367348e-05,0.006640468501710095,35.14266841654614,52.14358376789758,16.649759617793052
1,2026-04-28,11.25,80.5,0.3971256451939286,low,6.9510156553768e-07,0.0006770146193600466,34.90443616527422,48.411593030596684,16.305416322076685
1,2026-04-28,11.5,76.0,0.44373955481315086,medium,0.022996222699597543,0.08428644051667745,35.662351958471575,48.65938316622891,16.64701447914432
1,2026-04-28,11.5,76.25,0.6990729768330644,medium,0.10682319430648768,0.21317512735051114,35.59002321682062,50.43834547799927,16.829712554330726
1,2026-04-28,11.5,76.5,0.7806814441721328,high,0.281037192768855,0.34100879706116577,36.02177761599233,42.58581600875684,16.295991497281022
1,2026-04-28,11.5,76.75,0.7693388566148268,high,0.2523184653795566,0.3294811767022027,36.298954270106336,44.46920668097694,15.663031939675557
1,2026-04-28,11.5,77.0,0.4677558581850498,medium,0.07911655228634834,0.20479123895891543,35.70781580257211,48.161396307561155,14.532005489237914
1,2026-04-28,11.5,77.25,0.4349256382391934,medium,0.023312692379000754,0.10469027185783117,35.16429658745605,49.98966535324538,14.550756237972625
1,2026-04-28,11.5,77.5,0.43593091153629726,medium,0.00998808814580473,0.06211709171857412,35.33903090956733,52.544221182092166,14.499787091622855
1,2026-04-28,11.5,77.75,0.4192218622480187,medium,0.012521762249474228,0.05569662563697997,35.04574889001436,48.91975597606955,14.493200148653122
1,2026-04-28,11.5,78.0,0.43606757238751964,medium,0.0265978673837432,0.08513696528245654,35.45531238041505,50.01947414128165,13.310996831724617
1,2026-04-28,11.5,78.25,0.46889885527965064,medium,0.05337154499335954,0.1981721511204,35.61976540853846,49.337699272843906,12.709063541339921
1,2026-04-28,11.5,78.5,0.7713655698808566,high,0.19495641861686858,0.4755628288621101,36.561661847996454,43.45710583648651,12.9705060634481
1,2026-04-28,11.5,78.75,0.8974430842956745,high,0.5378065623177953,0.8421332825740665,37.755513212468514,35.81966576626191,13.72811233837524
1,2026-04-28,11.5,79.0,0.9323615322657883,high,0.6413725014189118,1.0,38.20243781348695,33.79947075787233,13.197527215805104
1,2026-04-28,11.5,79.25,0.8855737003803665,high,0.44362579287189474,0.8258584831009935,37.76816948569637,36.208221469636115,14.241067232197633
1,2026-04-28,11.5,79.5,0.7755534620662683,high,0.22149855292156923,0.49317458364959016,36.13966526400045,43.47953764502622,14.808656679833218
1,2026-04-28,11.5,79.75,0.4670290043767826,medium,0.05380350328637984,0.21138540552438728,36.048265506107136,49.61838742872243,15.462436203696521
1,2026-04-28,11.5,80.0,0.4217369614479057,medium,0.005270237407042368,0.06186590595623103,35.099082419665024,49.53654717497366,15.73281498151842
1,2026-04-28,11.5,80.25,0.40336633939959904,medium,0.0002587619022411708,0.01199829762328678,35.67830733379766,51.85218196479896,16.106873200604984
1,2026-04-28,11.5,80.5,0.3990715698593327,low,7.736362740451954e-06,0.001548690288678385,35.25879638761414,48.203657362536404,16.449601820917458
1,2026-04-28,11.75,76.0,0.43123671424660864,medium,0.00704707022782977,0.05735584374219551,35.02936550004858,47.68340087710899,16.872574770911186
1,2026-04-28,11.75,76.25,0.45022881367832557,medium,0.03860709670051264,0.13719419224582116,35.125764277960904,50.8579941475725,16.612906250153383
1,2026-04-28,11.75,76.5,0.7102227442408061,high,0.11025909880543745,0.21888308867432493,35.737022457864086,47.37276306143934,16.103033711127363
1,2026-04-28,11.75,76.75,0.7096167173680709,high,0.11005367735858897,0.23047070820804005,35.74956872903645,48.078674060519184,15.908254262830031
1,2026-04-28,11.75,77.0,0.4568946006103315,medium,0.08213983253497857,0.19043370244189078,35.60469202258246,46.06632798233933,14.864444164705064
1,2026-04-28,11.75,77.25,0.4568045207914275,medium,0.08929104984110847,0.15809856973566214,35.64870875724577,47.16465686826285,14.849867072349696
1,2026-04-28,11.75,77.5,0.4531730142209458,medium,0.05069171038596196,0.13581730073780696,35.34105865700312,50.690219002237846,13.500017551420724
1,2026-04-28,11.75,77.75,0.45153575054423667,medium,0.04228548714360129,0.12351810045813595,35.58629783598418,49.17980609366171,13.553325307389262
1,2026-04-28,11.75,78.0,0.4519578610050206,medium,0.056759313679467564,0.13670892728172587,35.10271581561664,49.88202976400711,13.841394881664463
1,2026-04-28,11.75,78.25,0.6605846450606438,medium,0.08774774699165812,0.21634257448261404,35.49846558103303,47.829124975015006,12.418599401584508
1,2026-04-28,11.75,78.5,0.759408988600512,high,0.17944010481980074,0.40031741364860396,36.30526136562244,46.55660583833008,13.359000473088908
1,2026-04-28,11.75,78.75,0.815679516563618,high,0.3012949173500232,0.6198325793515962,36.61765767265813,40.61024729412439,13.247308054012754
1,2026-04-28,11.75,79.0,0.8316398297944544,high,0.3183636607432675,0.7260898817633653,37.133375031509516,36.73090188686379,14.016856354307976
1,2026-04-28,11.75,79.25,0.8222653588897308,high,0.30326843884225496,0.6664226783148391,37.383566611201736,39.45314017658869,13.76530933826681
1,2026-04-28,11.75,79.5,0.7740371960979724,high,0.2323020558691922,0.4829030675748325,36.43568720820217,44.31182947147352,15.604494385664132
1,2026-04-28,11.75,79.75,0.7048253198333534,high,0.09050137170214273,0.2574595150140744,35.52918409119871,47.635745952741054,15.949145948750145
1,2026-04-28,11.75,80.0,0.4356090734185478,medium,0.017096076089180845,0.09419186741852315,35.475974836456224,49.395568400210685,15.461467310848999
1,2026-04-28,11.75,80.25,0.4023855712305464,medium,0.001665133829463483,0.02298831695060593,34.64528007098448,52.41061031583869,15.784422904258465
1,2026-04-28,11.75,80.5,0.3939293163839841,low,6.984232947479937e-05,0.003703656455534899,34.820755645546164,50.150022915973274,15.985625248997922
1,2026-04-28,12.0,76.0,0.43532614881508247,medium,0.01690031960474643,0.055080957736318395,35.19882404164118,48.61448145380165,16.941329024375868
1,2026-04-28,12.0,76.25,0.4303464859519669,medium,0.02180725491431379,0.08514572531569183,34.765554683281245,51.077511180602286,16.48387084876958
1,2026-04-28,12.0,76.5,0.43084421977951837,medium,0.01859857728595648,0.10423652094744358,35.09623780774881,48.65935200912163,16.19159046314836
1,2026-04-28,12.0,76.75,0.44006077847820824,medium,0.025144547575207274,0.1186626407072022,35.04883982879672,49.74446351387405,15.684956661843936
1,2026-04-28,12.0,77.0,0.45434212931874307,medium,0.07719910763380032,0.14913212212192653,35.65175014220876,46.648266439130936,14.636470375942157
1,2026-04-28,12.0,77.25,0.6988712933042405,medium,0.12957919710377294,0.19203517520603555,34.990396824492336,45.71538138384157,15.053042311932389
1,2026-04-28,12.0,77.5,0.7175030316797739,high,0.11843847530118311,0.2187986245475096,35.28820456773787,46.62995213908839,14.809796873517506
1,2026-04-28,12.0,77.75,0.7133185667618069,high,0.10954609936872566,0.21308337304047006,35.322884425101044,50.80489376254324,13.570728772174988
1,2026-04-28,12.0,78.0,0.46717745427743596,medium,0.07288986296569591,0.18973729804634343,35.41210844740232,48.88687195321835,13.003803359750817
1,2026-04-28,12.0,78.25,0.4647972284941596,medium,0.0781679006993728,0.21133122066331256,35.522352521461,47.52926436327317,12.708143670830157
1,2026-04-28,12.0,78.5,0.741428857247871,high,0.14013223723293258,0.30906555951419074,35.810186744658765,45.726062271593094,12.90717713677377
1,2026-04-28,12.0,78.75,0.7612595012978751,high,0.17431619628865902,0.43448950818018456,36.44424607754064,44.85811919103285,13.888197754832825
1,2026-04-28,12.0,79.0,0.7828330741822382,high,0.18657755118770178,0.5334548280707125,36.495791962556524,43.42103323956388,14.351929871771745
1,2026-04-28,12.0,79.25,0.8005885257576015,high,0.2759189229863679,0.5714858360551276,36.16174772651895,43.17447062592114,14.682024640226285
1,2026-04-28,12.0,79.5,0.7874151528964612,high,0.29407101774959726,0.49610382693459565,35.953726933374284,45.84071251453663,14.740737319363912
1,2026-04-28,12.0,79.75,0.7465481111350954,high,0.15564086076010863,0.31627981514693065,35.579576323158726,45.66050924188493,15.341306346600035
1,2026-04-28,12.0,80.0,0.4500382191327211,medium,0.03927993858395464,0.1395065934514368,34.99150654425748,52.802307106590845,16.199324154842483
1,2026-04-28,12.0,80.25,0.40603616279642635,medium,0.004640386690844634,0.04134558179920315,34.727856318511506,47.81724986800661,16.48455556413786
1,2026-04-28,12.0,80.5,0.39540912100348474,low,0.0002137697013429184,0.00802447405713129,35.05559910625828,51.27818107934756,16.760456518256404
1,2026-04-28,12.25,76.0,0.44186064314359763,medium,0.060574043885479344,0.07948030184240462,34.679497942488645,48.656791516620196,16.997353301478174
1,2026-04-28,12.25,76.25,0.43819055738980284,medium,0.06656883573404174,0.08926129210988781,35.19891722844903,50.258261042513155,16.882316958705246
1,2026-04-28,12.25,76.5,0.4276765046216213,medium,0.020741698619716007,0.06695350396815827,35.09395457846797,48.219753584038905,15.795969970362956
1,2026-04-28,12.25,76.75,0.4183854026872792,medium,0.006974056534180058,0.060471010104710204,34.74672602282061,49.109062635370414,15.071923018519957
1,2026-04-28,12.25,77.0,0.43122536220488406,medium,0.02973475872832884,0.10033853561509735,34.72080146242946,49.67489831667721,14.904464725326399
1,2026-04-28,12.25,77.25,0.45724167166079654,medium,0.07624962703477314,0.17883046057758673,35.483140789944436,46.42287776561,15.397421849238247
1,2026-04-28,12.25,77.5,0.7317332062079512,high,0.16063305115353588,0.2610019629481579,35.20087718727102,51.18514107457105,13.81602420922703
1,2026-04-28,12.25,77.75,0.7504243754505703,high,0.19495804184296753,0.285621696451197,35.6782369594473,47.88190365549418,14.215092479077299
1,2026-04-28,12.25,78.0,0.7049486045440561,high,0.10241533961963509,0.24359788452431805,35.393572893543144,48.53973785014361,12.788487128241401
1,2026-04-28,12.25,78.25,0.4698150838474545,medium,0.06030813396898086,0.2250537704396431,35.578749444386865,48.442252955086616,12.814757702118948
1,2026-04-28,12.25,78.5,0.7157265071128782,high,0.09454948761282857,0.2863418252246064,35.512852186260154,47.61698348613387,13.351262883676437
1,2026-04-28,12.25,78.75,0.7494753885564813,high,0.1456098235078966,0.3988602563374109,35.76412577352564,44.9701470656686,13.36258919568263
1,2026-04-28,12.25,79.0,0.7753693774334159,high,0.23577069676558354,0.5151296040858134,36.460750370871345,43.49209856557366,13.703547718169967
1,2026-04-28,12.25,79.25,0.8058270222273016,high,0.30275398343873566,0.5736390437144904,36.29248371109538,41.63857624114686,14.593991650524357
1,2026-04-28,12.25,79.5,0.7902281935855621,high,0.2701513147414091,0.5269567343393099,36.397714642565795,41.28352967561693,14.434045867300743
1,2026-04-28,12.25,79.75,0.7516335896251763,high,0.16815473407167866,0.38476199678888484,35.79053202503578,44.93522568373178,15.777583900322263
1,2026-04-28,12.25,80.0,0.46580211664910154,medium,0.05700137079127629,0.2086627212686191,35.180327682623,50.15828681814088,15.52296668653319
1,2026-04-28,12.25,80.25,0.42121683901435814,medium,0.009079959652171109,0.07751637397093075,34.36781754474456,50.514303814280375,16.426393978717616
1,2026-04-28,12.25,80.5,0.4014303757281089,medium,0.0005790323642574333,0.01842674189754532,34.62447372449669,53.13981257615232,16.42346364855133
1,2026-04-28,12.5,76.0,0.4462269253591641,medium,0.06730503774546553,0.08116653158874829,34.423819237422094,51.05023297630939,16.799546712713568
1,2026-04-28,12.5,76.25,0.439933779149283,medium,0.07471088619659108,0.0870171219803274,34.879555465684646,52.71059488699824,16.341013349663918
1,2026-04-28,12.5,76.5,0.42711555506458837,medium,0.023248445455746045,0.05772655645592838,35.25389315674443,50.529192929743765,16.362571181934218
1,2026-04-28,12.5,76.75,0.4115653882595609,medium,0.005126251249634718,0.04381276049799317,34.46859180206364,50.74355965371282,15.746309826557077
1,2026-04-28,12.5,77.0,0.4245558329543345,medium,0.010657324184014095,0.0735771831410009,34.86936368276775,49.52001297641857,14.565588015713333
1,2026-04-28,12.5,77.25,0.4530267063209474,medium,0.04090863944486406,0.15120638383070376,35.127182556807284,50.66282573756086,13.992860551083087
1,2026-04-28,12.5,77.5,0.7196808973674398,high,0.12996432248142056,0.25581963419309,34.89903185749685,46.45877568205351,13.653688844302737
1,2026-04-28,12.5,77.75,0.7563384139560162,high,0.18128219643018584,0.31524502878965893,35.63489169687942,46.89953055545594,13.346380577770537
1,2026-04-28,12.5,78.0,0.7380578958374162,high,0.13001420303630146,0.30482076444951495,35.254429581218695,44.05177000949906,13.688435030230874
1,2026-04-28,12.5,78.25,0.7153575651102779,high,0.09525179510145693,0.3062066493215336,35.176718873637626,46.015416743396194,12.864804025886627
1,2026-04-28,12.5,78.5,0.7438883090886643,high,0.13418564545901213,0.3741459307190721,35.749192025350105,47.59733976738014,13.526788255875196
1,2026-04-28,12.5,78.75,0.7702770154031091,high,0.21412737776034743,0.48275431653424455,35.73839318412989,44.433286370050595,13.184354830700277
1,2026-04-28,12.5,79.0,0.8149391446680598,high,0.3305270626038801,0.5770791442484032,36.13944650383956,43.66472219636981,13.847415853763273
1,2026-04-28,12.5,79.25,0.8126472859598036,high,0.3145961429383047,0.6029981164234575,36.53691681448532,40.82127030605229,14.228817014874549
1,2026-04-28,12.5,79.5,0.7885792120348227,high,0.2510122321034265,0.5760221163009405,36.534632123861506,41.98834537759282,14.215328919223829
1,2026-04-28,12.5,79.75,0.7746728543563426,high,0.247480096593528,0.5020300035821872,36.004648846570106,40.865976667124905,15.820837702640233
1,2026-04-28,12.5,80.0,0.7495311221881488,high,0.14495436092162936,0.3380011573741729,35.631345202300786,45.93291348891101,15.307609943851114
1,2026-04-28,12.5,80.25,0.4425601050240588,medium,0.03464597078683047,0.14974684093368137,34.43563808211515,50.167365496752915,15.691917380984007
1,2026-04-28,12.5,80.5,0.40558784419919597,medium,0.0028391397956784694,0.04021935857040315,34.49155047894706,50.248330520590095,16.787952243184147
1,2026-04-28,12.75,76.0,0.42912551177875413,medium,0.02194879799428338,0.0472566369313627,34.52541210408122,50.48777602385334,17.276622081566142
1,2026-04-28,12.75,76.25,0.4193978734496256,medium,0.02464930097017693,0.05232294821988749,34.18032488057331,48.93292092708985,16.731684507755805
1,2026-04-28,12.75,76.5,0.4081393350127639,medium,0.010155092800397272,0.04220919317010483,34.552592954417946,49.29339405318159,16.158446141370604
1,2026-04-28,12.75,76.75,0.4135452761865791,medium,0.01785923566120428,0.04780248478145067,34.475178736309054,50.383732951368955,16.13268976876835
1,2026-04-28,12.75,77.0,0.42896154031065553,medium,0.03580758842202482,0.07879192652497319,34.576645167820544,50.964236776331184,14.791820215588807
1,2026-04-28,12.75,77.25,0.45397419414655726,medium,0.05649134440125903,0.13872738470508436,35.003952766814876,48.47996974090108,13.887016303464907
1,2026-04-28,12.75,77.5,0.7194597226426236,high,0.12491956763826292,0.22761362187758,35.337048143980844,48.43162735769282,14.373852062526064
1,2026-04-28,12.75,77.75,0.7508156760923679,high,0.17698253305883474,0.3042054932891424,34.9008349457303,47.776265544417086,13.544779971954595
1,2026-04-28,12.75,78.0,0.7530026450216984,high,0.1878898050355764,0.34961710578884253,35.184335180844734,44.84021150179951,13.50712790710463
1,2026-04-28,12.75,78.25,0.7616568026774783,high,0.2211225618137736,0.40614406683790694,35.70236361502632,42.96741353887591,13.596305418532168
1,2026-04-28,12.75,78.5,0.7932176965150337,high,0.30403988008999555,0.4828852576666898,35.767155928038136,39.93111557528996,13.51413173425824
1,2026-04-28,12.75,78.75,0.8090765409166757,high,0.32937267302023776,0.543245369904501,36.59147833709565,42.52236697497525,13.656832699513755
1,2026-04-28,12.75,79.0,0.8266811081299946,high,0.34288826536040357,0.5696567892793997,36.42709187757423,40.73223096981875,13.731186054345988
1,2026-04-28,12.75,79.25,0.80571752766088,high,0.280853520458389,0.5693232966090942,35.80433688873228,42.29850436415764,14.881384717413454
1,2026-04-28,12.75,79.5,0.8071253694847779,high,0.29418609894964187,0.5960270636432484,35.906126367450355,40.8130731011071,15.316448167019567
1,2026-04-28,12.75,79.75,0.8493502476290955,high,0.43468773122343984,0.608219987956262,35.98047137621727,40.320732062442076,15.659990783710862
1,2026-04-28,12.75,80.0,0.7964961411581714,high,0.3191261338115501,0.4624542204678346,35.92505183969888,43.777484561764716,15.879958472800086
1,2026-04-28,12.75,80.25,0.658000233826044,medium,0.08380779773712665,0.22059773908033864,34.74122207235144,47.27927088209175,15.842901167937114
1,2026-04-28,12.75,80.5,0.4181784612645794,medium,0.007096705633422321,0.06185028132478492,34.227325880593646,51.699100850654084,16.787774732123875
1,2026-04-28,13.0,76.0,0.412083387453109,medium,0.002050799475900813,0.015449681213841767,33.77845043851505,49.759232937597474,17.38787385948225
1,2026-04-28,13.0,76.25,0.3982607714321329,low,0.002495919470206339,0.019626036572978012,34.392773697927396,49.919477101170685,16.112191389471064
1,2026-04-28,13.0,76.5,0.40230131927372126,medium,0.005350358777436999,0.02658893842637658,33.955500593712706,50.13266087495634,16.220988941507485
1,2026-04-28,13.0,76.75,0.4154706814736903,medium,0.030510674257592428,0.04877706470011182,33.9992837450964,50.871303115767404,16.350686755452394
1,2026-04-28,13.0,77.0,0.43063531997907745,medium,0.05843004634598062,0.07857408025171705,33.835434548178576,48.1735082209501,15.34343785670804
1,2026-04-28,13.0,77.25,0.4345611786078039,medium,0.055924565090883796,0.11237127885623362,34.55712590112672,50.92313664187255,14.865781225135667
1,2026-04-28,13.0,77.5,0.4506213047691463,medium,0.08234410491112737,0.16464171279156423,34.67256227516709,45.97895418730582,14.231649028850985
1,2026-04-28,13.0,77.75,0.7143470833000946,high,0.12046489061119398,0.22953035785692183,35.023762006122695,47.18878362075406,14.026030335271109
1,2026-04-28,13.0,78.0,0.750050446398135,high,0.16538413401888108,0.29840192098184126,35.45081364092424,46.76996672814937,14.558714680248151
1,2026-04-28,13.0,78.25,0.7612953403872051,high,0.23316921005889635,0.3745702281570479,35.38515863241266,42.780265518415945,12.504141620181313
1,2026-04-28,13.0,78.5,0.7945933978976863,high,0.2880311224233602,0.42842492525570997,35.436731154063224,44.37610435262,12.794608536639537
1,2026-04-28,13.0,78.75,0.7613520323064787,high,0.2306692896835859,0.42977262293435775,35.01112714862524,45.388653447706176,13.667502614722235
1,2026-04-28,13.0,79.0,0.7626162339180069,high,0.19509601227080692,0.40872748236490664,35.39103595723925,45.05214781729284,13.562161018508968
1,2026-04-28,13.0,79.25,0.758097871571943,high,0.1902280432995264,0.411003410953908,35.458748432121226,44.6328477759057,14.086667708656563
1,2026-04-28,13.0,79.5,0.7738413084449269,high,0.24168047779086424,0.4729414736725197,35.653424841333745,43.496048914892825,14.467266830437561
1,2026-04-28,13.0,79.75,0.8276704413548883,high,0.3840696551648569,0.5250899373185773,35.35438884455272,42.00184426113275,15.331510776481714
1,2026-04-28,13.0,80.0,0.7918725468453143,high,0.29236958136873237,0.41788206266606553,35.858806002991905,45.30009858754971,14.918793600058361
1,2026-04-28,13.0,80.25,0.45062086153092085,medium,0.07761269839927719,0.20411526145800118,34.873173415617515,47.66348779431329,15.930652402786198
1,2026-04-28,13.0,80.5,0.41258868391686426,medium,0.006583358730036627,0.05796539394625547,34.13461840070582,49.619855985239965,16.1839544423968
1,2026-04-28,13.25,76.0,0.4120201619176858,medium,5.489650952516192e-05,0.0029595448705862118,33.85717899602823,52.25094256586127,16.671452270418555
1,2026-04-28,13.25,76.25,0.39544546719206664,low,0.00015626980858466104,0.0055045581321304885,33.40549228999488,51.831032505923886,16.586189263121184
1,2026-04-28,13.25,76.5,0.40206843543114984,medium,0.002291176824895989,0.01397245378569648,34.057390997658864,52.35866049873437,16.134394766532836
1,2026-04-28,13.25,76.75,0.4070062568175596,medium,0.01487186594508734,0.03207981135004611,33.932196091980344,48.9819369092675,15.5323556148479
1,2026-04-28,13.25,77.0,0.417130899078394,medium,0.027569298739311236,0.04958861074085279,33.771993035639696,51.837966798569276,15.271918869049918
1,2026-04-28,13.25,77.25,0.42353476167632614,medium,0.019627965262490218,0.06074043636387405,34.658276804565894,49.94700262605282,14.464126456608458
1,2026-04-28,13.25,77.5,0.42687826129505835,medium,0.019185847228979508,0.07963230016129541,34.58413135775586,48.66137479691539,14.106190866217236
1,2026-04-28,13.25,77.75,0.43730209649765844,medium,0.032579124616954204,0.11436539070002869,34.45785567208288,50.51572430660148,13.370298403089253
1,2026-04-28,13.25,78.0,0.4515569504737543,medium,0.05754364160459066,0.16119148514648685,34.398123838345676,49.16273067292001,13.30223151942042
1,2026-04-28,13.25,78.25,0.4568636953540729,medium,0.0828284462681172,0.2085587130928307,34.207102420087956,46.425890564263185,12.647049902352975
1,2026-04-28,13.25,78.5,0.689960514859496,medium,0.08985107905369148,0.2288926210963943,34.60884869431173,47.31596208428382,12.357996327510925
1,2026-04-28,13.25,78.75,0.4633082873600698,medium,0.06060369684046853,0.2112336774174449,34.66326965409978,48.95278798970034,13.518512927291816
1,2026-04-28,13.25,79.0,0.44300526553417463,medium,0.046633706730382106,0.18977144125121173,34.42978625159042,45.934597722154734,14.902539946856864
1,2026-04-28,13.25,79.25,0.46098017136570446,medium,0.05624648622602966,0.19744340512261813,34.48197671054275,49.020961237990875,13.750560027648035
1,2026-04-28,13.25,79.5,0.6813743857541228,medium,0.07707414047542877,0.24292890232985295,34.68417568700054,47.26408138186159,14.885719702488341
1,2026-04-28,13.25,79.75,0.7253484809775552,high,0.12000073854878401,0.27923649558435437,34.458454573783996,47.54420871629678,14.556468604117336
1,2026-04-28,13.25,80.0,0.6804920917928645,medium,0.09069461231351438,0.22522878738489382,34.83607880443849,44.56698289614752,16.413186195793347
1,2026-04-28,13.25,80.25,0.42602096440383186,medium,0.023969434351564838,0.11069333891723233,34.516636147452026,51.78086434795894,16.99359854684719
1,2026-04-28,13.25,80.5,0.40394297848218635,medium,0.0020279902365949666,0.031532054782871154,33.88948781515406,49.80917396193331,17.110709562771582
1,2026-04-28,13.5,76.0,0.409141049356936,medium,5.42468653126811e-07,0.00038067625370321776,33.57337946517816,50.24660465095816,17.46199140323603
1,2026-04-28,13.5,76.25,0.3946881770086011,low,1.3335434227757387e-05,0.001323835461043671,34.36397796334464,50.71731177298323,16.313019280495485
1,2026-04-28,13.5,76.5,0.3977804564669563,low,0.00030617142224815375,0.00492375452991519,34.098978123971925,51.775765199502786,15.646573144008284
1,2026-04-28,13.5,76.75,0.39819163004545194,low,0.0019997680971991904,0.012030651330932228,33.149646504617,50.70860990152813,14.917037683789085
1,2026-04-28,13.5,77.0,0.40379115744314675,medium,0.0036467555831495467,0.01786881876587875,33.787248074644225,53.0007096716275,15.013274910033086
1,2026-04-28,13.5,77.25,0.3990433325299397,low,0.002190002613210957,0.019498151995809454,33.53233504725655,50.484731740187335,14.964419765215704
1,2026-04-28,13.5,77.5,0.4075456605356733,medium,0.001447409609336061,0.023189962378380308,33.57076745535825,53.076372363216,14.322979035679516
1,2026-04-28,13.5,77.75,0.4091843250686348,medium,0.0030537964657241057,0.034323574555355084,33.662537858448054,50.341090828841466,13.589282589461318
1,2026-04-28,13.5,78.0,0.41844006926106114,medium,0.00656448879800416,0.05133607589004814,33.914404655566926,50.40108058233511,13.94684735675951
1,2026-04-28,13.5,78.25,0.4297587856444227,medium,0.009153764476318481,0.06699241112400915,33.907570950042604,47.952821724151065,12.247925110881368
1,2026-04-28,13.5,78.5,0.4279563819241634,medium,0.008839619696431596,0.07072145541482366,33.59075056968547,49.01032145472143,12.707761956014167
1,2026-04-28,13.5,78.75,0.42562636007284343,medium,0.0055507157708071094,0.06140118729504811,33.62174552711586,50.68730194623658,13.901513329662995
1,2026-04-28,13.5,79.0,0.4235201400349045,medium,0.00401529046741624,0.05343342202513622,33.32732771757728,48.34810381091505,13.156644472043498
1,2026-04-28,13.5,79.25,0.4249723620330537,medium,0.005434902601291335,0.05778471147591641,33.89151228164386,52.68542791932733,13.867038844199838
1,2026-04-28,13.5,79.5,0.42425061419076693,medium,0.007734964180242369,0.07414305804437482,34.035430043289985,50.403388705930446,14.800429817464408
1,2026-04-28,13.5,79.75,0.4255044880970149,medium,0.011659188862373871,0.08623626259392433,34.23648656520129,49.42745487115437,15.561026637602783
1,2026-04-28,13.5,80.0,0.4228826387987956,medium,0.008656336770167044,0.06965518055939984,34.22513748411286,50.026710705986865,16.013625236277367
1,2026-04-28,13.5,80.25,0.40928567992436415,medium,0.0022687180673014195,0.03423048580049332,33.8819984855285,52.975890236383464,16.706834297129824
1,2026-04-28,13.5,80.5,0.3998456293042974,low,0.0001912933675106435,0.009747570702180137,33.67810834975072,52.04280940326259,16.879726398646554
2,2026-04-29,8.0,76.0,0.3943658187321,low,8.278902746670485e-11,3.90475555877152e-06,37.7847521450918,51.457612789759295,17.064342718991117
2,2026-04-29,8.0,76.25,0.38941238037272485,low,5.027044138504665e-10,9.084196014076374e-06,37.408540812757096,53.36987517825832,15.780957835283976
2,2026-04-29,8.0,76.5,0.3845794871822845,low,8.396429650516484e-10,1.1579072393373669e-05,37.47139231422454,51.03300098504993,15.664517693460597
2,2026-04-29,8.0,76.75,0.38699592257080156,low,4.144142814850616e-10,1.026830588062319e-05,37.698107768791644,53.12803110846543,16.139556976781787
2,2026-04-29,8.0,77.0,0.3909687765821314,low,9.180535631629025e-09,3.662925539716782e-05,37.61075172351104,52.36826234545371,14.663303688552512
2,2026-04-29,8.0,77.25,0.3861772178856013,low,8.044895982618253e-07,0.0002728220386573579,37.54265569835626,51.3098055814621,14.789598109875028
2,2026-04-29,8.0,77.5,0.3935989653612391,low,1.9517094353354004e-05,0.001231744423117532,37.27677353804385,52.0250448837723,14.166298480457636
2,2026-04-29,8.0,77.75,0.392318064983912,low,0.0001302960735433735,0.0030963195130352247,37.10240954376491,53.06518656602084,13.373453087311457
2,2026-04-29,8.0,78.0,0.3949678387228191,low,0.00023960645406450478,0.004331901448977191,37.49621869912205,49.81118389298286,13.883004158017835
2,2026-04-29,8.0,78.25,0.3957370330777582,low,0.0001218807024708033,0.003403204173236524,37.245092287993565,52.021544063035456,12.75377692179264
2,2026-04-29,8.0,78.5,0.3944418667019029,low,1.7421367276570452e-05,0.0015247746468944581,37.61528806116111,52.80436439819777,13.398363412891538
2,2026-04-29,8.0,78.75,0.3947723352684791,low,7.402225638534897e-07,0.0003974293023848401,37.44000681535218,50.020182141842014,14.399798694647938
2,2026-04-29,8.0,79.0,0.3922962867634291,low,1.0921810041288963e-08,6.137058753862033e-05,37.17134211643661,52.96896716898924,13.343527091007552
2,2026-04-29,8.0,79.25,0.39579664547596133,low,6.833836559178661e-11,5.658866775580506e-06,37.454849986112414,52.006580710928205,14.388212641473185
2,2026-04-29,8.0,79.5,0.3878416857691397,low,1.73412641578527e-13,3.093611699537621e-07,37.57844423209263,49.931514724697664,15.261256522210363
2,2026-04-29,8.0,79.75,0.3902582996014966,low,1.4439908807059466e-16,9.847078720139053e-09,37.42957859190613,51.72258460228526,15.282341771518908
2,2026-04-29,8.0,80.0,0.3865021800790303,low,3.4930526446306677e-20,1.7879694445989274e-10,37.16075358804151,49.07049023343621,16.268769471717803
2,2026-04-29,8.0,80.25,0.38339095161413467,low,2.3597140533638046e-24,1.8222906019216575e-12,37.45332505493803,49.34077708330675,16.490357343581817
2,2026-04-29,8.0,80.5,0.3833909516138151,low,4.406028064923268e-29,1.0479860666149652e-14,37.479833412347055,48.93314796885018,16.768559659499427
2,2026-04-29,8.25,76.0,0.3967949550020024,low,3.741620338348993e-08,7.456478290831741e-05,37.4483576250758,51.42053414693015,17.053361695190468
2,2026-04-29,8.25,76.25,0.3846079761789958,low,2.2636074824103586e-07,0.00017290412616946383,37.41996994762108,50.51422996903254,16.063273529374182
2,2026-04-29,8.25,76.5,0.38595552588914345,low,3.768458325792315e-07,0.00021869609102363638,36.96360151194389,49.96668125760463,15.291664037620118
2,2026-04-29,8.25,76.75,0.3866500748180545,low,1.7325952674683036e-07,0.00016518759548994632,37.078405199084266,50.28650747480845,14.72662276123559
2,2026-04-29,8.25,77.0,0.38546874713652846,low,1.8925278024421498e-07,0.0002480520122138366,37.38758555102836,50.90456096777855,15.164201010812198
2,2026-04-29,8.25,77.25,0.38880211799865894,low,1.4186033207755304e-05,0.0014427696829131748,36.74560543498243,50.53415058583949,14.171612228571837
2,2026-04-29,8.25,77.5,0.3897039590526166,low,0.00034216167246182457,0.00629755216793061,37.45100703097929,50.23553500438223,14.717757268265027
2,2026-04-29,8.25,77.75,0.3916760084501308,low,0.0022935950476439633,0.01594370144068525,37.024758390263116,51.03087692774609,13.182913554623253
2,2026-04-29,8.25,78.0,0.39736365710690275,low,0.0042821873211815395,0.023055540899188702,37.161918249895585,49.35889450803655,12.503653263943608
2,2026-04-29,8.25,78.25,0.39747404733450103,low,0.0022786562292584724,0.01914887491612042,37.671836450442555,49.99945983366608,11.938879880156119
2,2026-04-29,8.25,78.5,0.3958552671041092,low,0.0003727936238055376,0.00925802752360282,37.2226808699365,52.53194617308811,13.657396317274147
2,2026-04-29,8.25,78.75,0.3946395275560019,low,2.230568534252561e-05,0.002641463352195356,37.13940085544382,51.47130653849139,13.534665027902935
2,2026-04-29,8.25,79.0,0.39478112993270814,low,5.662244595888634e-07,0.00044742238836139827,37.297274490292466,48.458833841903996,14.198706861472361
2,2026-04-29,8.25,79.25,0.39550151780579995,low,5.478099388201007e-09,4.472576463668124e-05,37.191178842812576,53.19872403846062,13.888757494746715
2,2026-04-29,8.25,79.5,0.38650263849658645,low,1.6723012198425218e-11,2.598904637738148e-06,37.042124828463336,49.80824258449167,15.51566148964125
2,2026-04-29,8.25,79.75,0.39337899579030655,low,1.466981439587926e-14,8.625045769033402e-08,37.28733326076725,53.34430446509897,14.675684936878982
2,2026-04-29,8.25,80.0,0.3840855136652468,low,3.587914460187087e-18,1.6123746622783091e-09,37.81568529250804,51.15224994525672,15.742787836390216
2,2026-04-29,8.25,80.25,0.38822428495017447,low,2.4270080912463664e-22,1.7165129829740866e-11,37.47486954107375,52.37732160419979,16.01904366483189
2,2026-04-29,8.25,80.5,0.3858076182805067,low,7.095184156183137e-27,1.5200532834045236e-13,37.33998654043882,48.50987444802794,17.099457483601356
2,2026-04-29,8.5,76.0,0.39692342620358545,low,4.771600990850526e-06,0.000799139859844258,37.12889273443032,49.901463537784934,16.354928674691777
2,2026-04-29,8.5,76.25,0.38490703989223674,low,2.86799560189106e-05,0.0018459202539270656,37.282851441931896,50.06596224071098,16.21159416625779
2,2026-04-29,8.5,76.5,0.38499383348933297,low,4.7470474088926216e-05,0.0023231834698664838,37.23541901082545,50.17076691563404,15.804650130623742
2,2026-04-29,8.5,76.75,0.38487569883198053,low,2.165332940272007e-05,0.001673770765223937,36.819149980546705,49.86366786215033,15.458144490495721
2,2026-04-29,8.5,77.0,0.3856870541350631,low,4.625546440883213e-06,0.0014821343718130762,37.20051619209666,50.076921277948635,15.043053933003824
2,2026-04-29,8.5,77.25,0.38715778741636275,low,9.647507397440072e-05,0.005756436481780713,37.08384626300057,50.738345151333434,14.897176395829025
2,2026-04-29,8.5,77.5,0.39525081430051123,low,0.0020498724851089702,0.02270061261348087,37.59410964955766,49.824200553476906,14.540698335449685
2,2026-04-29,8.5,77.75,0.40798773478885186,medium,0.01379911540553983,0.05608081835718095,37.152644090658676,49.98302116362891,13.553484218852239
2,2026-04-29,8.5,78.0,0.4228942650410687,medium,0.027664980280734927,0.08268210520845043,37.646385462033855,50.235551148463514,13.180974105502175
2,2026-04-29,8.5,78.25,0.41834172043599865,medium,0.017627185989419505,0.07196557582823854,36.932480309158876,47.47810312113907,12.86484395655762
2,2026-04-29,8.5,78.5,0.399146139493652,low,0.00414950752649451,0.037026577806523596,37.239462976196755,50.154000518512994,13.229951969658888
2,2026-04-29,8.5,78.75,0.3937996291943196,low,0.00039672915569114207,0.011285869315880808,36.884073265918886,49.464531353145695,13.470808122345765
2,2026-04-29,8.5,79.0,0.39132225542116916,low,1.3851997962091357e-05,0.0020296010498554707,36.814238406944135,50.80490516493405,14.193911510829782
2,2026-04-29,8.5,79.25,0.39473970990905494,low,1.5133949490372785e-07,0.00021294097908094387,37.27528946346574,51.81846466652596,14.542407543672894
2,2026-04-29,8.5,79.5,0.3878438981259169,low,4.771148412410814e-10,1.285069151683773e-05,36.77962469269543,49.00540754828419,15.209697451184285
2,2026-04-29,8.5,79.75,0.3878417090607229,low,4.214282861304763e-13,4.4139942876276636e-07,37.01620333214889,50.42335339868059,15.053880226053327
2,2026-04-29,8.5,80.0,0.3913355149342878,low,1.0350732713560316e-16,8.80648451387536e-09,36.85831744064188,52.25404046169433,15.858109501369212
2,2026-04-29,8.5,80.25,0.3882242849742567,low,1.2785426227287551e-20,1.5368548977463204e-10,37.16573077831632,52.432148708906325,15.977057673847193
2,2026-04-29,8.5,80.5,0.3833909516154125,low,1.159310270842529e-22,9.06618709919258e-12,37.132606162889545,50.227445980783365,15.9158101822886
2,2026-04-29,8.75,76.0,0.405320189591755,medium,0.0001760308712699611,0.004882184505711951,36.29852734726447,52.15564929621355,16.550713355704474
2,2026-04-29,8.75,76.25,0.3919391512398157,low,0.0010464781812449114,0.011227628884604551,37.117857541075146,51.2348617192138,16.465089961522143
2,2026-04-29,8.75,76.5,0.39253178249641996,low,0.0017148901715660257,0.014062035657539771,36.75875827202787,50.85936041000088,15.732688535631258
2,2026-04-29,8.75,76.75,0.39301340821946307,low,0.0007750632437457893,0.009937515163913224,37.480134623251345,50.136235656781324,15.07946445762773
2,2026-04-29,8.75,77.0,0.3918915381652148,low,0.00013276090440487117,0.00687109898874516,37.157108954977794,51.26224563799252,15.332826571551191
2,2026-04-29,8.75,77.25,0.3964378572317581,low,0.0007598466369766244,0.018451248180027295,37.20682053458464,51.68439920950965,15.115061306572818
2,2026-04-29,8.75,77.5,0.4205418465838972,medium,0.007940941445270043,0.06211997556196729,36.397655800197896,49.21862275672409,14.433769359648243
2,2026-04-29,8.75,77.75,0.4395128241071937,medium,0.04468276248458505,0.14177461977982314,37.79302390257642,49.574468476388454,13.990351346053181
2,2026-04-29,8.75,78.0,0.619691517403338,medium,0.09937651297686148,0.20409564024172647,37.54744319926997,46.17305836056689,12.690697772424857
2,2026-04-29,8.75,78.25,0.45506441260566,medium,0.08114792678558838,0.17958206763678033,37.079774215561315,46.55914242123536,13.028160688538785
2,2026-04-29,8.75,78.5,0.4332243002305469,medium,0.025464047837281414,0.09510163679235475,37.254166562814234,50.38916116053266,13.763798215564911
2,2026-04-29,8.75,78.75,0.40994862325928877,medium,0.0029312166029139093,0.030059128917201042,37.33415217503088,50.26787740130107,14.074638960155884
2,2026-04-29,8.75,79.0,0.39799663008808706,low,0.00010988674357476686,0.005620598006218811,36.47455408013071,49.76431576562265,14.009948381919255
2,2026-04-29,8.75,79.25,0.3969262995011227,low,1.2287073980391305e-06,0.000615502594824326,37.19325720190267,51.44371227353309,14.91662778197621
2,2026-04-29,8.75,79.5,0.3986220237518511,low,3.9441237216290584e-09,3.929432177223625e-05,36.810097415832125,51.95436442123108,14.7701296019512
2,2026-04-29,8.75,79.75,0.393078009799948,low,3.6347236180170884e-12,1.5163862125862975e-06,36.74368488861882,51.035227658057124,15.181295003440512
2,2026-04-29,8.75,80.0,0.39657163385820704,low,2.1731587131891353e-15,5.3096778606983914e-08,36.78319556142528,53.018701368827266,15.970170665183002
2,2026-04-29,8.75,80.25,0.3886270636603043,low,6.806808171637859e-17,5.302607684724486e-09,36.672256404602,50.00935778873412,16.40569967846648
2,2026-04-29,8.75,80.5,0.38862706285126913,low,1.4447854372227983e-18,7.162404798073094e-10,36.95378617795532,50.05644117654504,16.414284086206813
2,2026-04-29,9.0,76.0,0.4289355810071491,medium,0.001983900160805187,0.0173409812269025,36.850156238435844,52.02399395405053,16.77350856734989
2,2026-04-29,9.0,76.25,0.4203108331789191,medium,0.011597494648378193,0.03969749581690836,37.13476843209802,48.9991939347324,16.855984766496903
2,2026-04-29,9.0,76.5,0.4232354074238698,medium,0.018706299268965772,0.04947418401300745,37.26646775151892,51.22551646469324,15.747847553463933
2,2026-04-29,9.0,76.75,0.4206397519004256,medium,0.008328874056899638,0.03451280425496124,36.74429231706798,48.23915692368139,15.57075543144524
2,2026-04-29,9.0,77.0,0.41158755270776104,medium,0.001343683777833582,0.020897671753609067,37.083962433085894,49.3147252950013,15.191672886309986
2,2026-04-29,9.0,77.25,0.4228008952177027,medium,0.005502276791193569,0.043703995256057414,36.533011952831394,50.14586582029667,15.016540687475848
2,2026-04-29,9.0,77.5,0.45411162754630996,medium,0.03303514563231425,0.12816395466734218,37.27036927742009,48.59644425425171,14.123885224962935
2,2026-04-29,9.0,77.75,0.7195123374076386,high,0.10859974677642098,0.26318832559067196,37.22983641842593,49.11860420150467,13.827847998526881
2,2026-04-29,9.0,78.0,0.7608057088632134,high,0.20793984870471874,0.35393025723633764,37.73227842796566,43.87982748802424,13.760039863140179
2,2026-04-29,9.0,78.25,0.7477487707370459,high,0.17545402098267238,0.30187664296716765,37.87945302896283,46.02445681506806,12.606719469741199
2,2026-04-29,9.0,78.5,0.46727385674805716,medium,0.058257167695454755,0.15981638918146174,37.00560258941911,48.82143472340553,12.805745484314741
2,2026-04-29,9.0,78.75,0.43125108932123873,medium,0.007026983301236691,0.05192041735832411,37.006369291878435,50.129067452170794,12.935876237455092
2,2026-04-29,9.0,79.0,0.4216357419909135,medium,0.00028113039641859694,0.010286829029979848,36.36294534433422,52.41685307305585,14.285698654915427
2,2026-04-29,9.0,79.25,0.41275283155448095,medium,3.576237343216775e-06,0.0012480454132864844,36.54368155293863,50.15784091233959,14.22690197717415
2,2026-04-29,9.0,79.5,0.4114559107714326,medium,1.5260543157188956e-08,9.778388287542664e-05,36.87988646908196,50.244897742564646,14.643965863812555
2,2026-04-29,9.0,79.75,0.40842020148589175,medium,5.3101262071774514e-11,6.896797789086889e-06,37.143144375437,49.592576246226606,14.57056055171417
2,2026-04-29,9.0,80.0,0.412905560779023,medium,3.45778038162877e-12,1.0239778656920097e-06,36.418533762414725,52.18700234505645,15.587068377911873
2,2026-04-29,9.0,80.25,0.4032643280597277,medium,2.2712470111333122e-13,2.199822645801131e-07,37.162773720479805,51.328599735321866,15.817612902836883
2,2026-04-29,9.0,80.5,0.40496082416762025,medium,4.979677518433222e-15,3.2799217631957565e-08,36.804973461885396,51.34988979862687,16.540060400404336
2,2026-04-29,9.25,76.0,0.43068820613829073,medium,0.0076525269416738316,0.036522501215450365,37.28694762246725,50.762291059917644,16.706415427648675
2,2026-04-29,9.25,76.25,0.4464616587978305,medium,0.043851480220294246,0.08326317588804877,36.75197130566041,48.103463396319285,16.41224746525047
2,2026-04-29,9.25,76.5,0.4512215520567914,medium,0.06933151810891874,0.10332143541205407,36.78011221757408,49.92333846879192,16.631476279225414
2,2026-04-29,9.25,76.75,0.44078750520577387,medium,0.030256442568530207,0.07140113745547408,36.8751924214166,50.32954305907512,15.04242776788713
2,2026-04-29,9.25,77.0,0.42534943140596027,medium,0.004470341001702419,0.03963224864480014,36.380019172037485,52.43847787156134,15.016292837059751
2,2026-04-29,9.25,77.25,0.44093861895701436,medium,0.01407086369703268,0.07007281210566682,36.79612725473091,50.599553736062724,14.364861263546564
2,2026-04-29,9.25,77.5,0.47626835405432666,medium,0.07673648489610002,0.19094961840237543,37.126306655019924,47.01601727386337,14.028128296541741
2,2026-04-29,9.25,77.75,0.754770853063256,high,0.18853041741516685,0.3651043563481009,38.0827699729941,44.7872297012011,13.772388346435518
2,2026-04-29,9.25,78.0,0.7728786281495071,high,0.2592702149366732,0.4585187266435017,38.14018507554023,46.077303598019284,13.624570375715136
2,2026-04-29,9.25,78.25,0.7506630103881915,high,0.18000557191574226,0.3739992974879915,37.391959368718084,43.497361644342824,12.852771722532953
2,2026-04-29,9.25,78.5,0.4737338183550293,medium,0.06058585900688805,0.19796832847463358,36.782757149404674,46.245059625607915,13.169301980702505
2,2026-04-29,9.25,78.75,0.4408170161476645,medium,0.009440384197803312,0.06853471897800825,36.490831765430585,50.39705831553429,13.807517213970517
2,2026-04-29,9.25,79.0,0.4210215267472787,medium,0.0005899198434295344,0.015775218648538664,36.04849571662369,52.77690696395299,14.045565785611464
2,2026-04-29,9.25,79.25,0.41540038415925845,medium,1.4737550690750385e-05,0.002548153010116398,35.991360794330916,51.04539397697243,14.257218089236714
2,2026-04-29,9.25,79.5,0.40980445338495547,medium,2.5119244929185786e-07,0.00035310724100233996,37.14641553480922,49.35472478454644,14.883307139455198
2,2026-04-29,9.25,79.75,0.4161551945380084,medium,1.8555742592951903e-08,7.058425907510563e-05,36.342881037901094,54.00795546666611,15.393992271425146
2,2026-04-29,9.25,80.0,0.40941528038830993,medium,2.931946385616119e-09,2.1440000638380548e-05,36.920768790149154,49.92404635966771,15.131917313586042
2,2026-04-29,9.25,80.25,0.4122117617680509,medium,2.1182203945341768e-10,5.34782797506947e-06,36.36722425203633,52.11715400156423,16.563229058442413
2,2026-04-29,9.25,80.5,0.4097942969332342,medium,4.731836676796754e-12,8.232279336884124e-07,36.458899314714245,52.978694650131814,16.768613549938486
2,2026-04-29,9.5,76.0,0.4403108407019921,medium,0.011713893529472965,0.046252607951143505,36.07046485963366,50.46263428920145,17.172389888980696
2,2026-04-29,9.5,76.25,0.4467648893413421,medium,0.06627308265687595,0.1049587213126138,37.100170404083734,50.07966478217608,16.522702682133062
2,2026-04-29,9.5,76.5,0.47951114884149837,medium,0.10331550519709388,0.12994867680810926,36.75837183719924,50.7346030368129,15.470596363611302
2,2026-04-29,9.5,76.75,0.441619176224894,medium,0.0443947713275693,0.0903251204963184,37.145929278443575,47.794628387467256,15.259082558738712
2,2026-04-29,9.5,77.0,0.4295705007311619,medium,0.005928816381823908,0.050956572456711514,36.34914711497477,51.40060995571869,15.077295493415651
2,2026-04-29,9.5,77.25,0.44229160206904305,medium,0.011535181808129714,0.08278881982017114,36.97954326299862,51.5180986060095,14.12823004916995
2,2026-04-29,9.5,77.5,0.47341381137032607,medium,0.07208609913225802,0.2107897086578069,37.43179494955593,49.63862366886718,14.6741366248541
2,2026-04-29,9.5,77.75,0.7675059964329939,high,0.20681516188913868,0.38874660619850016,37.231024605618494,44.22952989167653,13.23902716532639
2,2026-04-29,9.5,78.0,0.7895579427933263,high,0.2776959587564021,0.473200049969539,38.070442379904,43.91835217064434,13.961090965089216
2,2026-04-29,9.5,78.25,0.7520057790702379,high,0.18223187808574803,0.37986212428438343,37.30519030085099,44.284555203278664,12.952476702368887
2,2026-04-29,9.5,78.5,0.4774891262664906,medium,0.07764824321178157,0.20883462106323278,36.70918579794462,47.05718285003954,13.338853105811722
2,2026-04-29,9.5,78.75,0.4460680384712027,medium,0.018736179598551957,0.08353500446212425,36.67098634883193,48.533809012078926,13.066686126093272
2,2026-04-29,9.5,79.0,0.42170419123731295,medium,0.0021662126879408547,0.025947365574588464,36.69660159434114,51.51419718158918,13.887169418175688
2,2026-04-29,9.5,79.25,0.41242208536069475,medium,0.00016199597397637588,0.006789276970467462,36.79456364191768,51.168778782313105,14.306105978527663
2,2026-04-29,9.5,79.5,0.4163998875647793,medium,1.4175583400832837e-05,0.0018635868958609414,36.317100823172005,52.52877394294219,15.480245615208968
2,2026-04-29,9.5,79.75,0.4054335763200907,medium,3.551215312593646e-06,0.0007034341583008676,36.6805876784061,47.68042529039406,16.181887732148343
2,2026-04-29,9.5,80.0,0.4101902158837576,medium,7.166455455829836e-07,0.0002708893833762542,36.561359210702825,49.74690058151965,16.560872484107907
2,2026-04-29,9.5,80.25,0.4107998903067073,medium,5.4812737536159065e-08,7.177810034306687e-05,36.40292676741682,51.43641283756928,15.268784300602448
2,2026-04-29,9.5,80.5,0.4129599470252012,medium,1.2381627348342093e-09,1.1276569042972138e-05,36.14513700090374,53.384838971617505,16.74464606819929
2,2026-04-29,9.75,76.0,0.42929415209651534,medium,0.00724582476357003,0.036479934866698045,36.35369704074517,49.499258105389345,16.38759150720156
2,2026-04-29,9.75,76.25,0.4345468628814695,medium,0.04084244635636475,0.08042360253099937,37.46507951852011,47.278379642250044,16.42545016798735
2,2026-04-29,9.75,76.5,0.4478406537012564,medium,0.06351883101822074,0.09965702113853656,36.31563154192667,48.533911738607934,15.82766740345198
2,2026-04-29,9.75,76.75,0.43815189695718376,medium,0.02737630434373147,0.07597259974242829,36.41925989152292,49.77239387849954,14.882269833253174
2,2026-04-29,9.75,77.0,0.4327374937237792,medium,0.005540623060427802,0.06522403584887496,36.16407586039506,51.289052473426175,14.621021292870559
2,2026-04-29,9.75,77.25,0.4436032599565909,medium,0.012454683119262329,0.11562161317483238,36.923641526129025,51.06047114751423,14.920436600199933
2,2026-04-29,9.75,77.5,0.46543774161954193,medium,0.04722751777281642,0.22374914334553894,37.35571356302377,48.92180330744318,14.150426884392447
2,2026-04-29,9.75,77.75,0.7446169387935079,high,0.14803074755099377,0.34839143519778926,37.669169008988554,45.596723343412386,13.500541849121118
2,2026-04-29,9.75,78.0,0.7693239333988635,high,0.22275359950271403,0.3965874239067715,38.06487341963293,47.53245832817023,13.35151945102067
2,2026-04-29,9.75,78.25,0.7456347386518234,high,0.15149404215871917,0.3166847725677741,37.20381413943252,45.14430112390175,12.4193953317096
2,2026-04-29,9.75,78.5,0.47394861104189767,medium,0.0728223029413295,0.18949800554713275,37.269349499032046,48.1946271228754,13.377517867975692
2,2026-04-29,9.75,78.75,0.4493667765877879,medium,0.03120724590052897,0.0976209584469272,36.295546838890004,50.42732277716575,13.42718489041783
2,2026-04-29,9.75,79.0,0.42558673321295803,medium,0.010319706863305926,0.045561341582468703,36.796980499252435,49.68356637927815,14.457137151568066
2,2026-04-29,9.75,79.25,0.4107587054555647,medium,0.001855663686460233,0.018941826892749956,36.7019667523245,50.462996023165516,13.66293655683759
2,2026-04-29,9.75,79.5,0.412065559765464,medium,0.0004982422454543916,0.008494983977993314,36.08937545174464,51.80704793051502,15.063003089999508
2,2026-04-29,9.75,79.75,0.4064789912282707,medium,0.00021159651750930482,0.0044501647831705375,36.513026374251204,49.72447440326675,15.201701016214853
2,2026-04-29,9.75,80.0,0.40842688816367273,medium,4.949350507744408e-05,0.0019201066553840179,35.94608733473311,50.74907522644694,15.263719346990918
2,2026-04-29,9.75,80.25,0.40504746924606116,medium,3.920861073372112e-06,0.0005279947839105316,35.85268894868563,50.81239533379078,15.874141154414449
2,2026-04-29,9.75,80.5,0.4092995332086871,medium,8.91544563480428e-08,8.419198022680315e-05,35.85402838590228,54.17063412086447,16.748318092758993
2,2026-04-29,10.0,76.0,0.42197857072016315,medium,0.002633640838660474,0.026032092740698745,35.83849274267531,51.838489080200375,17.148117202033475
2,2026-04-29,10.0,76.25,0.42008283874799307,medium,0.009372194367876289,0.043706744122742454,35.880488344666084,49.49912065226822,16.275674743677953
2,2026-04-29,10.0,76.5,0.42410086253950163,medium,0.013833571307031443,0.0520497223376077,36.19234793934938,51.35987301058662,15.926291370062373
2,2026-04-29,10.0,76.75,0.42805343717778327,medium,0.007830073419986708,0.05977665385645313,36.717887022444174,48.811864907013344,15.356334992587382
2,2026-04-29,10.0,77.0,0.44281290659421807,medium,0.022017807695696476,0.11333617209441758,36.31414543864451,50.10156819364123,14.891704382449001
2,2026-04-29,10.0,77.25,0.6716263106586119,medium,0.08287718606317167,0.22144093468412382,36.49669912142648,45.51350625858981,15.430219090149636
2,2026-04-29,10.0,77.5,0.743117869492895,high,0.12798646124302349,0.31041023778428484,37.20145172765993,47.389300273251195,14.494406913530606
2,2026-04-29,10.0,77.75,0.7413421790927672,high,0.11925208004916098,0.327304615890173,36.9732462203337,46.014086055446604,14.38901877104782
2,2026-04-29,10.0,78.0,0.7360253528666241,high,0.11820370895911694,0.28513425028549794,36.96180112299639,44.93686757269142,13.141006796666925
2,2026-04-29,10.0,78.25,0.4775837344100624,medium,0.0744775708148741,0.2091168452579977,36.8004548680015,48.57585874267096,13.016932258864621
2,2026-04-29,10.0,78.5,0.4592493587219304,medium,0.04815089046983516,0.14349435796047746,36.61460912978423,50.150515943441,13.072173428283811
2,2026-04-29,10.0,78.75,0.45291912725320327,medium,0.05767050239327469,0.10555989330806653,36.22092587768116,49.928544856634446,13.998578537390928
2,2026-04-29,10.0,79.0,0.4408140352224804,medium,0.03258154342099426,0.07157608796394108,36.22585856936134,50.223484511660246,14.129841439467292
2,2026-04-29,10.0,79.25,0.4155791700288416,medium,0.010471841670544916,0.04187019486258209,36.451525178449046,48.69208980010796,15.129322420682026
2,2026-04-29,10.0,79.5,0.41599968220901085,medium,0.006460015555705611,0.026113014945941534,36.04267922683334,51.82882377037782,14.99757461610243
2,2026-04-29,10.0,79.75,0.4066514411335993,medium,0.003706392325473416,0.016381785378473308,36.05252248812661,47.8760759640426,15.217771247411099
2,2026-04-29,10.0,80.0,0.40578685284147037,medium,0.0009558657149259422,0.007534955331653473,36.17945040355678,50.19998510501497,15.421714425230075
2,2026-04-29,10.0,80.25,0.40593024603012945,medium,7.735643446426862e-05,0.0021239641574784564,36.19703199301579,53.769806770048454,16.028439155105875
2,2026-04-29,10.0,80.5,0.4025977654003425,medium,1.7658246158013416e-06,0.00034240243130822,35.98667192812268,49.17333926898789,17.029050968811116
2,2026-04-29,10.25,76.0,0.4261683181674534,medium,0.014626084862615634,0.04036086091286446,36.187654897789194,48.037929910368426,16.694049262822297
2,2026-04-29,10.25,76.25,0.4152755268079267,medium,0.0086387730930727,0.03880040431386811,36.01719002168,49.26388713911329,16.478922944343232
2,2026-04-29,10.25,76.5,0.4137941416845524,medium,0.002607449284440625,0.0351414267430185,35.636096549501865,51.135500519630384,16.31141496243965
2,2026-04-29,10.25,76.75,0.4303081012254686,medium,0.007593098448814774,0.06474153010848349,36.262831959451326,50.102411446699236,16.055073883264487
2,2026-04-29,10.25,77.0,0.4612074119100021,medium,0.06054470429425466,0.1704825244857638,36.1705052570982,49.923269601818156,14.651512102728848
2,2026-04-29,10.25,77.25,0.7595803302037476,high,0.21448729318641932,0.32880335152246315,37.86564195463023,45.64139698646623,14.527568419990438
2,2026-04-29,10.25,77.5,0.7972524080952316,high,0.2970904752582653,0.4029232892541725,37.383551848044,42.669346529913774,13.679963098186796
2,2026-04-29,10.25,77.75,0.758089580819355,high,0.16757786015355958,0.32381059848936544,36.85652129212618,47.214392134642246,13.798375949549566
2,2026-04-29,10.25,78.0,0.4703273523481153,medium,0.05422645824753923,0.195042494790619,36.704330656372505,47.51421726160659,13.255658627340019
2,2026-04-29,10.25,78.25,0.44887696220756224,medium,0.02147197870835819,0.11475323015581827,36.63432435344828,50.41169520430405,12.905004049195535
2,2026-04-29,10.25,78.5,0.44518966839812624,medium,0.02953536878905251,0.09727296506694844,36.61614626035209,51.563288535970095,12.581525002132837
2,2026-04-29,10.25,78.75,0.4515393021570381,medium,0.05632310856611172,0.10784453794913963,36.33963960353207,50.04659501625631,13.362286025812017
2,2026-04-29,10.25,79.0,0.4404847341055903,medium,0.03984432222662701,0.09976963578612416,36.51252075875469,51.34412064711078,13.302636963191098
2,2026-04-29,10.25,79.25,0.4387870933008386,medium,0.025510408696164767,0.07420572232240252,36.328150137129505,48.318077228724825,14.690914068163146
2,2026-04-29,10.25,79.5,0.42869554257970566,medium,0.02644434896969277,0.05328597336721804,36.10623285281301,49.65200037510496,14.67979112250172
2,2026-04-29,10.25,79.75,0.4179229051429832,medium,0.018667057565739425,0.035017652483902845,35.60255782141791,50.76500146247745,15.067740659443844
2,2026-04-29,10.25,80.0,0.4079321976076373,medium,0.005128544716138067,0.016418240233008228,35.968260664582935,49.22465855926375,15.899643721276103
2,2026-04-29,10.25,80.25,0.40209791489669217,medium,0.0004203808107844311,0.004680696242158942,35.20779680832342,52.83174322838248,16.506497521226056
2,2026-04-29,10.25,80.5,0.40750571160379817,medium,9.61804277529264e-06,0.0007592082855342737,35.668495602117574,52.756713839465085,16.462544867948434
2,2026-04-29,10.5,76.0,0.445596639981317,medium,0.05340868101434559,0.07085711513512767,36.379308458714284,50.49673212634771,16.870970055964357
2,2026-04-29,10.5,76.25,0.4307466345170462,medium,0.029970969532348773,0.06334485792065156,35.99853393356188,50.923640761953656,16.520631634627303
2,2026-04-29,10.5,76.5,0.42072297558783595,medium,0.0073431351991446354,0.051700256121928176,35.87758078932494,50.2234470002115,15.832696656367242
2,2026-04-29,10.5,76.75,0.4329779532157294,medium,0.015335357433735828,0.07787091654613315,35.7205825411469,48.57036454391434,15.122330368830957
2,2026-04-29,10.5,77.0,0.45822284109010364,medium,0.062038196950265724,0.16972334674354259,36.014650716316964,47.737533525935305,14.768025585587079
2,2026-04-29,10.5,77.25,0.7510862908086202,high,0.17051076970047618,0.2972809591006896,36.521453188037434,45.93767994486086,14.90035727362629
2,2026-04-29,10.5,77.5,0.761042368620998,high,0.2178932334433487,0.34021454206271745,36.492741742330985,45.756099519703824,14.22790714634951
2,2026-04-29,10.5,77.75,0.7202617217239089,high,0.11356337378724983,0.2446477712587441,35.87145786270638,47.132911359999916,13.234419193736471
2,2026-04-29,10.5,78.0,0.4507416345369324,medium,0.023525799535015202,0.11849290049707648,36.3643445001129,49.856619911904744,13.043524554498081
2,2026-04-29,10.5,78.25,0.43731692678389544,medium,0.004048530507622553,0.06304573364721724,36.375709742916555,48.48264313993009,13.063312116133643
2,2026-04-29,10.5,78.5,0.43848965137364193,medium,0.012774622961366455,0.09023746555759637,35.812897052816936,48.866464823528204,13.064099652335461
2,2026-04-29,10.5,78.75,0.4555766256677646,medium,0.03832250686984464,0.15804215315675413,36.407574552671704,49.121234514179484,13.18771176663378
2,2026-04-29,10.5,79.0,0.4637599137492302,medium,0.04489703675774167,0.18663818832740148,35.927082390257794,49.80904760371906,13.483144235159884
2,2026-04-29,10.5,79.25,0.453060330599233,medium,0.03379192455831679,0.14663327138048526,36.25646424326276,46.83660721222836,14.476061510891444
2,2026-04-29,10.5,79.5,0.437867163354098,medium,0.03404078649760838,0.08960175517527763,35.629872757106355,50.22214505593929,15.527454974450638
2,2026-04-29,10.5,79.75,0.4223812298176284,medium,0.02672558317632055,0.048660449301473487,36.16161738010759,51.31967983929338,15.234839040011439
2,2026-04-29,10.5,80.0,0.40664441236800225,medium,0.007616501666709427,0.02086297148971116,35.82756208503082,50.70428461317173,15.409272285303564
2,2026-04-29,10.5,80.25,0.3999032967141813,low,0.0006288232407507295,0.005775698302036387,35.408970543016046,51.13621940076689,15.846854801871018
2,2026-04-29,10.5,80.5,0.40028607880069395,medium,1.4405047679077897e-05,0.0009275967096620299,35.90680856579731,50.54155959464903,17.048571081233323
2,2026-04-29,10.75,76.0,0.44831840900926856,medium,0.05524041370593579,0.08484742622864926,36.333644549222385,49.63345704162645,16.03003262874559
2,2026-04-29,10.75,76.25,0.4390921343603746,medium,0.03574889739914525,0.0964925974159712,35.87576858905944,49.16227096252717,16.171330019528572
2,2026-04-29,10.75,76.5,0.4300765836667349,medium,0.022397002050222943,0.1009162241475138,35.85583574571486,47.6512897842159,15.886266800208672
2,2026-04-29,10.75,76.75,0.4380255892102803,medium,0.029985233273068613,0.10853920878512711,35.89922495145441,51.411464197149094,15.216428103928012
2,2026-04-29,10.75,77.0,0.4460985822751432,medium,0.039705477341199995,0.1305386237084361,35.99852176247787,49.66317281415778,15.84569917710657
2,2026-04-29,10.75,77.25,0.4572362474643883,medium,0.05619380449103321,0.16872243500394102,36.429680373252815,47.93249213247462,14.651675929059577
2,2026-04-29,10.75,77.5,0.46124858833584614,medium,0.05763766489890721,0.17300005331818535,36.45369405930463,50.39276023117304,14.175751677670467
2,2026-04-29,10.75,77.75,0.4474615486223122,medium,0.026400130862697838,0.116918927488816,35.32134563979827,49.11040527613284,14.084797158180752
2,2026-04-29,10.75,78.0,0.42559284122857877,medium,0.004832505410255663,0.05655768340746338,36.07259565060452,51.24983796134274,13.199096013284207
2,2026-04-29,10.75,78.25,0.4281613480287524,medium,0.0026530948504248837,0.05865136138197604,35.67947846399185,48.08818070450182,12.08404763167439
2,2026-04-29,10.75,78.5,0.45776864806076195,medium,0.026274337496742524,0.16555820174680386,36.49875768981808,48.07248316358502,13.135766492777762
2,2026-04-29,10.75,78.75,0.7377626970721833,high,0.12138344780064146,0.34947910860438447,36.74170367757934,47.45718069288349,13.291859248671788
2,2026-04-29,10.75,79.0,0.768227601307524,high,0.19026229027873096,0.44180640345815186,37.2020138216529,46.39225720209361,13.706037092583847
2,2026-04-29,10.75,79.25,0.7349324405124208,high,0.10005205580146402,0.33843114688993353,36.41295855124509,48.82806688398932,14.890930268370717
2,2026-04-29,10.75,79.5,0.45714279052449,medium,0.02885282579196201,0.17028372788163637,35.67178215678105,50.76881151898211,14.489125596187213
2,2026-04-29,10.75,79.75,0.4353453477104048,medium,0.012424951600199198,0.06488976957297812,35.83204825542706,52.68900828930296,15.30150118749716
2,2026-04-29,10.75,80.0,0.40592301426739485,medium,0.003228059485656393,0.020221474809929876,35.91238585205778,49.905873254248455,15.740478847483171
2,2026-04-29,10.75,80.25,0.39965310422579153,low,0.00026117376819228253,0.00464624098064683,35.806017147808255,49.136630218720576,16.31096434617319
2,2026-04-29,10.75,80.5,0.3978243727556089,low,5.947678145194808e-06,0.0006789165112438397,35.80895658259833,47.8170819384704,17.473329948645855
2,2026-04-29,11.0,76.0,0.444582448548009,medium,0.025803586078656814,0.08679744804203511,35.737381722084116,50.016841199991276,16.465153246372672
2,2026-04-29,11.0,76.25,0.455036555486265,medium,0.045422450674567495,0.15060429893359706,36.05917714972643,48.62526035954397,16.3503030546549
2,2026-04-29,11.0,76.5,0.46624669089846993,medium,0.08656390468480213,0.20570292863353962,35.817138988833136,50.103569103229155,16.36409744948119
2,2026-04-29,11.0,76.75,0.46223803169453004,medium,0.07951580928638881,0.1938478394395093,35.9694876472625,47.88437381818513,15.49280764444448
2,2026-04-29,11.0,77.0,0.4452772817901433,medium,0.03060035159487268,0.12904573197859345,35.348111180138744,51.56321005793527,14.734049375316093
2,2026-04-29,11.0,77.25,0.4318991583233733,medium,0.012532300513162087,0.08194720611144671,35.628881067233145,47.86485588202466,14.38391016033181
2,2026-04-29,11.0,77.5,0.429664881156976,medium,0.008418863553052994,0.059244047002988486,35.49547375449654,52.769503027868254,14.585308408579914
2,2026-04-29,11.0,77.75,0.4156595615166515,medium,0.0029704566036399364,0.03824016242421982,35.538253762381856,50.536743264077366,13.164325961720344
2,2026-04-29,11.0,78.0,0.4165096715422897,medium,0.0010036008524150876,0.032406565058878095,35.79866464307166,52.61268412786685,13.912070351203777
2,2026-04-29,11.0,78.25,0.4367718148647795,medium,0.008058086221170019,0.09532928605650352,35.68878247746527,51.26374067369357,13.504740485852688
2,2026-04-29,11.0,78.5,0.7168947005685897,high,0.07311434435930429,0.3133398767700811,35.481732669458154,45.58223998801115,13.089553975956633
2,2026-04-29,11.0,78.75,0.8197953887117491,high,0.3180927291506962,0.6565024875376031,37.853830554872886,42.16128267463245,13.654650071106515
2,2026-04-29,11.0,79.0,0.8872733663799997,high,0.5117803638596795,0.82853963550105,38.19492423716623,36.6684523367993,14.139026373148676
2,2026-04-29,11.0,79.25,0.809810983690716,high,0.295300278359103,0.6404587575329359,37.617352527746704,42.502967628164654,14.273225635077509
2,2026-04-29,11.0,79.5,0.7263794877121729,high,0.08070239177353664,0.31884825176912523,36.09767335315233,47.484698401414754,14.995242345085632
2,2026-04-29,11.0,79.75,0.4409391533877379,medium,0.014262985015764106,0.10880706334701665,35.94456191873344,50.29469316735391,14.466831146153895
2,2026-04-29,11.0,80.0,0.41046937952532675,medium,0.001301181802278722,0.026215310908947336,35.92137498863447,50.59309745507857,15.083495086167613
2,2026-04-29,11.0,80.25,0.3947392258440784,low,5.117324107121933e-05,0.004354636812161404,34.98211221091724,50.7576668509629,15.83099458169684
2,2026-04-29,11.0,80.5,0.40020454982867415,medium,8.171120532401938e-07,0.00047609056373220575,35.77077888055706,51.2313135878165,16.36278466032053
2,2026-04-29,11.25,76.0,0.4429945446472737,medium,0.027640896277995184,0.09412942335356483,35.26926940661233,46.4715521303384,17.02684345392398
2,2026-04-29,11.25,76.25,0.6864636722971716,medium,0.09506911435953641,0.2153643381940499,35.704753786189606,49.218663889053985,16.455463799585626
2,2026-04-29,11.25,76.5,0.7543974984629084,high,0.2176234185053763,0.32904731029529594,36.36491862927612,45.53264701864779,16.243463693950222
2,2026-04-29,11.25,76.75,0.7522305127995598,high,0.18745665114001533,0.3065479745919628,36.85409372352836,46.42095345399025,15.476355836036062
2,2026-04-29,11.25,77.0,0.4535405833132815,medium,0.05114624505712984,0.1739369666025552,35.252752719898716,47.373501350805654,15.03087669412774
2,2026-04-29,11.25,77.25,0.42891234634956216,medium,0.0058948220426458175,0.07066107655284834,35.26539620497031,50.660177655746914,14.759588025313947
2,2026-04-29,11.25,77.5,0.41154219996050856,medium,0.0013028456323990049,0.031411023250751055,35.35328860699501,50.10921300267733,13.799651551833406
2,2026-04-29,11.25,77.75,0.4120103804176825,medium,0.001557723624964216,0.024489539010464453,35.50766297248495,53.03685666326466,13.319310357485755
2,2026-04-29,11.25,78.0,0.4240992593811743,medium,0.004574110842872198,0.04579798892109583,35.349587220728125,48.59476177016918,12.979466851351495
2,2026-04-29,11.25,78.25,0.45425886772477064,medium,0.01974345252241299,0.15122364690049755,35.782579126451836,50.88066900530031,12.214273425592664
2,2026-04-29,11.25,78.5,0.7525579722372284,high,0.1359783093360548,0.44722387416265874,36.25718627793263,43.60490003533675,12.833386658856714
2,2026-04-29,11.25,78.75,0.8963882422449317,high,0.48835775657966507,0.8784845325405607,38.29859801421969,37.553497156732526,13.395398973081049
2,2026-04-29,11.25,79.0,0.9327280863268557,high,0.6935941860079174,1.0,38.95083120652667,33.825640363309574,13.523030548901012
2,2026-04-29,11.25,79.25,0.8881939045196752,high,0.45008961127761615,0.8552638727902274,37.663951476384646,36.236264624418126,14.044107593682591
2,2026-04-29,11.25,79.5,0.7651799772294493,high,0.1759171368191861,0.4554565465817899,36.40003098053659,41.4787934115377,14.597669738100334
2,2026-04-29,11.25,79.75,0.4545483648528482,medium,0.03625088947410239,0.16745428011103253,35.835771495328494,49.86005906527349,15.73101428433732
2,2026-04-29,11.25,80.0,0.41444084045591434,medium,0.0027605644998282826,0.0414759400039318,35.4622134383773,48.20800671296104,16.26891390782257
2,2026-04-29,11.25,80.25,0.399978048946615,low,6.754451933123266e-05,0.006640468501710095,35.42781774273359,50.40160572233582,15.86440519881052
2,2026-04-29,11.25,80.5,0.399542300299666,low,6.116893776731584e-07,0.0006770146193600466,34.921073387458364,52.946379273503005,17.064607179525886
2,2026-04-29,11.5,76.0,0.43853459974692527,medium,0.020236675975645838,0.08428644051667745,35.224919960301655,51.820088045696664,16.791428553279
2,2026-04-29,11.5,76.25,0.6810838926684679,medium,0.09400441098970916,0.21317512735051114,35.6140136848594,48.27290722004155,15.95853497654887
2,2026-04-29,11.5,76.5,0.7655349386088084,high,0.24731272963659243,0.34100879706116577,36.653607521102074,43.00899357942456,15.816305093634666
2,2026-04-29,11.5,76.75,0.7573937052187605,high,0.2220402495340098,0.3294811767022027,36.1832331599756,45.39567745643527,15.179825330080996
2,2026-04-29,11.5,77.0,0.4657446859337001,medium,0.06962256601198653,0.20479123895891543,35.55708715643751,48.22881405872997,14.71089275435674
2,2026-04-29,11.5,77.25,0.436318423180921,medium,0.020515169293520662,0.10469027185783117,35.131296027696955,48.5675905818234,14.006387275710608
2,2026-04-29,11.5,77.5,0.43263972555798635,medium,0.008789517568308163,0.06211709171857412,35.266096449638404,52.16172117804087,14.160156213587513
2,2026-04-29,11.5,77.75,0.4256225876398943,medium,0.01101915077953732,0.05569662563697997,35.589075422201745,50.68469325193285,13.033890703350695
2,2026-04-29,11.5,78.0,0.43251946336842306,medium,0.023406123297694016,0.08513696528245654,34.90472784122077,50.34823527556992,12.939254014529743
2,2026-04-29,11.5,78.25,0.47042784640998775,medium,0.04696695959415639,0.1981721511204,35.68530049488837,48.20675051024108,12.958908366790917
2,2026-04-29,11.5,78.5,0.7681230547264208,high,0.17156164838284435,0.4755628288621101,36.64728329717409,42.19664142339791,13.711376176909965
2,2026-04-29,11.5,78.75,0.8890886439653705,high,0.4732697748396599,0.8421332825740665,38.371660445928285,36.26452837321651,13.413108776410827
2,2026-04-29,11.5,79.0,0.9224301505254653,high,0.5644078012486423,1.0,38.513601306781084,33.64195711888897,13.948994326050054
2,2026-04-29,11.5,79.25,0.8733619828599879,high,0.39039069772726737,0.8258584831009935,38.0419717019534,40.01049684408168,14.651834396419291
2,2026-04-29,11.5,79.5,0.774467059307808,high,0.19491872657098092,0.49317458364959016,36.590910533552034,43.77806111531643,14.73981598207176
2,2026-04-29,11.5,79.75,0.4638334663961238,medium,0.04734708289201426,0.21138540552438728,35.29383689947318,48.81660260055732,15.775093859777334
2,2026-04-29,11.5,80.0,0.4216556588430989,medium,0.004637808918197284,0.06186590595623103,34.85845670994469,50.892487232327845,14.803156688160652
2,2026-04-29,11.5,80.25,0.3978310382774695,low,0.0002277104739722303,0.01199829762328678,34.927824481797266,51.52444566686266,16.2830821744954
2,2026-04-29,11.5,80.5,0.39907144118814764,low,6.8079992115977195e-06,0.001548690288678385,35.142852033469566,53.4251411208196,16.259152475468625
2,2026-04-29,11.75,76.0,0.4318387562472301,medium,0.006201421800490197,0.05735584374219551,35.00699457276856,51.54749538128021,16.83607284751055
2,2026-04-29,11.75,76.25,0.4488783030163993,medium,0.033974245096451125,0.13719419224582116,35.19036093338137,49.61126913544378,16.838867815014694
2,2026-04-29,11.75,76.5,0.6890555815761408,medium,0.09702800694878495,0.21888308867432493,36.11867955245809,47.97513156398553,15.887924333201587
2,2026-04-29,11.75,76.75,0.7005472889463343,high,0.09684723607555829,0.23047070820804005,34.960014710649254,49.659744163502175,15.250997636617178
2,2026-04-29,11.75,77.0,0.4517124624506347,medium,0.07228305263078115,0.19043370244189078,35.20830252627711,45.76590811493598,15.006696539059009
2,2026-04-29,11.75,77.25,0.4598006761309772,medium,0.07857612386017546,0.15809856973566214,36.10877122033547,50.51105550863092,14.34185343484962
2,2026-04-29,11.75,77.5,0.4542305881997367,medium,0.04460870513964652,0.13581730073780696,35.419904308840074,48.41282410323725,14.103769761606378
2,2026-04-29,11.75,77.75,0.4460099764317784,medium,0.037211228686369134,0.12351810045813595,35.10307328278604,50.02551210918302,13.462343361578302
2,2026-04-29,11.75,78.0,0.45033226642928614,medium,0.04994819603793146,0.13670892728172587,35.0248585043821,48.716997616158224,12.865955582255948
2,2026-04-29,11.75,78.25,0.5802268830846837,medium,0.07721801735265914,0.21634257448261404,35.802445163065656,47.97699409806126,12.166871532762254
2,2026-04-29,11.75,78.5,0.7507421745325512,high,0.15790729224142466,0.40031741364860396,36.334204207943664,44.77655054773323,13.211679037206665
2,2026-04-29,11.75,78.75,0.8029897067784109,high,0.26513952726802037,0.6198325793515962,37.050521362105016,36.623759893796176,13.301741997221425
2,2026-04-29,11.75,79.0,0.8332513910145298,high,0.2801600214540754,0.7260898817633653,36.737813073656135,38.68085383631629,13.36551989847797
2,2026-04-29,11.75,79.25,0.8119593921617316,high,0.2668762261811844,0.6664226783148391,36.97695210388028,39.9288313563475,13.842356537369318
2,2026-04-29,11.75,79.5,0.7715561788530697,high,0.20442580916488914,0.4829030675748325,36.340213586993315,41.884962310570806,14.800562237709503
2,2026-04-29,11.75,79.75,0.6977140795368331,medium,0.07964120709788561,0.2574595150140744,35.804800678992585,44.727221148593216,14.874619743413643
2,2026-04-29,11.75,80.0,0.43051298295951174,medium,0.015044546958479144,0.09419186741852315,34.733799970388795,50.509981917411466,15.742413753287485
2,2026-04-29,11.75,80.25,0.39822220745219955,low,0.001465317769927865,0.02298831695060593,35.164500370818004,49.30983602844395,16.552004531124517
2,2026-04-29,11.75,80.5,0.39945915216053174,low,6.146124993782345e-05,0.003703656455534899,35.380825343051534,51.13298653613221,17.823774816874707
2,2026-04-29,12.0,76.0,0.431941583414959,medium,0.014872281252176859,0.055080957736318395,34.544102524108474,51.92245956652536,16.890415958126148
2,2026-04-29,12.0,76.25,0.4372122028764194,medium,0.019190384324596136,0.08514572531569183,35.258640990705025,48.333617351357226,16.925507562068905
2,2026-04-29,12.0,76.5,0.4346598241458285,medium,0.016366748011641702,0.10423652094744358,35.52815272242935,49.37477177658392,15.242851320655666
2,2026-04-29,12.0,76.75,0.44447590769627077,medium,0.022127201866182403,0.1186626407072022,35.34914292406746,50.99836618062488,15.152750044200918
2,2026-04-29,12.0,77.0,0.4525718681230214,medium,0.06793521471774429,0.14913212212192653,35.221499461586305,48.28944627654374,15.029817536458099
2,2026-04-29,12.0,77.25,0.6719309408038061,medium,0.11402969345132019,0.19203517520603555,35.43951262734303,47.35869180769293,14.682076019521817
2,2026-04-29,12.0,77.5,0.6995409721156036,medium,0.10422585826504113,0.2187986245475096,35.305882442152125,44.635857495934104,13.447055535500485
2,2026-04-29,12.0,77.75,0.6904635635223941,medium,0.09640056744447857,0.21308337304047006,35.49406311989022,49.61428609781972,14.016183641606057
2,2026-04-29,12.0,78.0,0.4633943831426847,medium,0.0641430794098124,0.18973729804634343,35.03685435098324,47.87898882826771,13.378214422805033
2,2026-04-29,12.0,78.25,0.46274065237571693,medium,0.06878775261544806,0.21133122066331256,35.4063688146286,46.04042153276709,12.851372014464038
2,2026-04-29,12.0,78.5,0.7387273183851477,high,0.12331636876498067,0.30906555951419074,35.46699852115282,47.528322557463966,13.166507116745676
2,2026-04-29,12.0,78.75,0.7568398648722872,high,0.15339825273401994,0.43448950818018456,35.64418778994442,43.999732100839786,13.231916236046231
2,2026-04-29,12.0,79.0,0.7797299163508844,high,0.16418824504517757,0.5334548280707125,36.73865038235387,43.19103180250931,14.271022555756133
2,2026-04-29,12.0,79.25,0.7873565612342222,high,0.24280865222800374,0.5714858360551276,35.98747114049659,41.37935188659409,14.409386235675065
2,2026-04-29,12.0,79.5,0.7740555581296117,high,0.2587824956196456,0.49610382693459565,36.853678831991374,44.14788821966467,14.645483607063472
2,2026-04-29,12.0,79.75,0.739474802206459,high,0.1369639574688956,0.31627981514693065,35.12436990803824,47.08636378962995,15.44434342907366
2,2026-04-29,12.0,80.0,0.45108233298820877,medium,0.034566345953880084,0.1395065934514368,35.43433774128934,48.36076097435135,15.268193768360549
2,2026-04-29,12.0,80.25,0.4059589838849842,medium,0.004083540287943278,0.04134558179920315,34.93945908414098,50.45514500644881,15.969351546106084
2,2026-04-29,12.0,80.5,0.39954123485830717,low,0.0001881173371817682,0.00802447405713129,34.34027316826414,53.030548375122535,16.414694582265447
2,2026-04-29,12.25,76.0,0.441572424518345,medium,0.053305158619221825,0.07948030184240462,34.73955326481954,49.84435631893919,16.85129554727008
2,2026-04-29,12.25,76.25,0.43495807415078214,medium,0.058580575445956726,0.08926129210988781,34.62555187463548,48.833406008211846,16.17447553143953
2,2026-04-29,12.25,76.5,0.4290613827390542,medium,0.018252694785350087,0.06695350396815827,34.53576833584019,51.98053784760208,15.943722937983516
2,2026-04-29,12.25,76.75,0.41967109028442595,medium,0.006137169750078451,0.060471010104710204,35.023791031098405,49.269181450601515,14.887626637432168
2,2026-04-29,12.25,77.0,0.4331474803643811,medium,0.02616658768092938,0.10033853561509735,34.5653597049829,49.65372624630979,14.488442497052784
2,2026-04-29,12.25,77.25,0.45607976717028953,medium,0.06709967179060036,0.17883046057758673,34.60151930142355,46.61599747118035,14.692815740053186
2,2026-04-29,12.25,77.5,0.7329708665491677,high,0.14135708501511157,0.2610019629481579,35.76538902073029,45.57233066967864,14.052938319647584
2,2026-04-29,12.25,77.75,0.7512587840506932,high,0.17156307682181143,0.285621696451197,35.66062747879735,45.516519884019544,13.322405824141926
2,2026-04-29,12.25,78.0,0.6984118992821688,medium,0.09012549886527887,0.24359788452431805,35.33858204366256,48.128339301837904,13.274388790170953
2,2026-04-29,12.25,78.25,0.4626683401614501,medium,0.053071157892703155,0.2250537704396431,35.1624755661366,49.2827652649149,12.848214843847783
2,2026-04-29,12.25,78.5,0.7163729290197614,high,0.08320354909928913,0.2863418252246064,35.63193439190735,46.252865610843386,13.3861403582698
2,2026-04-29,12.25,78.75,0.7432956939813221,high,0.12813664468694902,0.3988602563374109,35.87761758326086,46.23499323134099,13.613905447412902
2,2026-04-29,12.25,79.0,0.7809110976325866,high,0.2074782131537135,0.5151296040858134,36.13237791653673,43.09207776118126,13.60842811118744
2,2026-04-29,12.25,79.25,0.785862945254907,high,0.2664235054260874,0.5736390437144904,36.22012718384896,43.08975365802703,14.376958932731956
2,2026-04-29,12.25,79.5,0.7825610135281362,high,0.23773315697244,0.5269567343393099,36.540345583711265,41.774724452205675,15.216272778900473
2,2026-04-29,12.25,79.75,0.7473164306391813,high,0.14797616598307722,0.38476199678888484,36.176901953822544,45.61130630298193,15.484825300822171
2,2026-04-29,12.25,80.0,0.4630262549119557,medium,0.05016120629632313,0.2086627212686191,35.3324778087465,47.842612697466016,15.46188555008396
2,2026-04-29,12.25,80.25,0.42659681851959463,medium,0.007990364493910575,0.07751637397093075,35.669493226191776,50.14579974504548,16.623170796432834
2,2026-04-29,12.25,80.5,0.40091829378022614,medium,0.0005095484805465413,0.01842674189754532,34.72774563285081,54.23225422207901,16.32813397273378
2,2026-04-29,12.5,76.0,0.44269084130471487,medium,0.05922843321600967,0.08116653158874829,34.786834714902305,49.986870474620886,16.71166957937266
2,2026-04-29,12.5,76.25,0.4369721850842327,medium,0.06574557985300016,0.0870171219803274,35.18890932499935,51.4342012521613,15.628460340156376
2,2026-04-29,12.5,76.5,0.42290615876266047,medium,0.02045863200105652,0.05772655645592838,34.70854586867603,51.63911287442428,15.918300757296258
2,2026-04-29,12.5,76.75,0.413177546242793,medium,0.004511101099678552,0.04381276049799317,34.643651444082344,48.27960377355847,15.558806382298895
2,2026-04-29,12.5,77.0,0.424378580338506,medium,0.009378445281932404,0.0735771831410009,34.5479050932914,50.59006602415356,14.902163978149051
2,2026-04-29,12.5,77.25,0.44993475698161745,medium,0.03599960271148037,0.15120638383070376,35.01274688754134,50.386461843490764,14.530465093877822
2,2026-04-29,12.5,77.5,0.7151026640892622,high,0.1143686037836501,0.25581963419309,34.76087793339307,44.903794975141324,13.802602805322998
2,2026-04-29,12.5,77.75,0.7422935597568251,high,0.15952833285856355,0.31524502878965893,35.23854836693966,44.916228169336584,13.835229471667587
2,2026-04-29,12.5,78.0,0.7314058719916123,high,0.11441249867194528,0.30482076444951495,35.05298623347686,51.28458922668524,12.97846742864962
2,2026-04-29,12.5,78.25,0.7173404493517734,high,0.0838215796892821,0.3062066493215336,34.70155724437451,46.792423482665434,12.959750426107984
2,2026-04-29,12.5,78.5,0.7371867841451474,high,0.11808336800393067,0.3741459307190721,35.84632114420981,44.988830142165135,13.172810827517932
2,2026-04-29,12.5,78.75,0.7717298766965971,high,0.18843209242910575,0.48275431653424455,35.803819719598415,43.844718329533244,13.492710432213652
2,2026-04-29,12.5,79.0,0.8029785775327571,high,0.2908638150914145,0.5770791442484032,36.016698000064565,40.75959725478032,14.040863208881136
2,2026-04-29,12.5,79.25,0.8067556391204412,high,0.27684460578570813,0.6029981164234575,36.420399793456774,41.876430770930384,14.48189029216653
2,2026-04-29,12.5,79.5,0.7876668606495609,high,0.2208907642510153,0.5760221163009405,35.81743387137924,42.74699927869672,14.759470922597236
2,2026-04-29,12.5,79.75,0.7766005111287683,high,0.21778248500230463,0.5020300035821872,36.23991817317227,42.96819266569373,14.685145042089754
2,2026-04-29,12.5,80.0,0.745919168920647,high,0.12755983761103384,0.3380011573741729,35.85987534534064,47.97632495671374,16.364975241720142
2,2026-04-29,12.5,80.25,0.4395672065712656,medium,0.030488454292410812,0.14974684093368137,34.45857355733642,51.356368196937474,17.07056479350114
2,2026-04-29,12.5,80.5,0.41037395695944756,medium,0.002498443020197053,0.04021935857040315,34.89546956156109,51.96001142942249,16.745935411285117
2,2026-04-29,12.75,76.0,0.4280412104978625,medium,0.019314942234969375,0.0472566369313627,34.49321924057814,49.22616388959745,16.53126997546291
2,2026-04-29,12.75,76.25,0.41970715514854023,medium,0.0216913848537557,0.05232294821988749,34.77325082193418,49.499319418136466,16.471692777823502
2,2026-04-29,12.75,76.5,0.41038710217597446,medium,0.0089364816643496,0.04220919317010483,34.46530280602559,48.55504088205058,15.404272606634985
2,2026-04-29,12.75,76.75,0.4132482413790619,medium,0.015716127381859766,0.04780248478145067,34.19147439111686,50.87363716813458,15.700286937623261
2,2026-04-29,12.75,77.0,0.42694272358278446,medium,0.031510677811381844,0.07879192652497319,34.07547426592559,49.16938919225611,15.67257434617884
2,2026-04-29,12.75,77.25,0.44821713996049095,medium,0.04971238307310795,0.13872738470508436,34.38540918318803,48.18752136229853,14.780822181045826
2,2026-04-29,12.75,77.5,0.7029120264897581,high,0.10992921952167137,0.22761362187758,34.85840451085608,46.51388191437076,14.352255975607099
2,2026-04-29,12.75,77.75,0.7457754377260465,high,0.15574462909177458,0.3042054932891424,35.551224074785615,46.547494833542814,12.928085860718639
2,2026-04-29,12.75,78.0,0.7481556808577714,high,0.16534302843130724,0.34961710578884253,35.55713136495476,45.80671958134291,13.111919844755485
2,2026-04-29,12.75,78.25,0.7564292282034567,high,0.19458785439612078,0.40614406683790694,35.64096065293588,43.08372746246748,12.289915587901266
2,2026-04-29,12.75,78.5,0.7700108156388359,high,0.26755509447919607,0.4828852576666898,36.258811383514725,45.393670238129246,13.722740482252972
2,2026-04-29,12.75,78.75,0.796176921609278,high,0.28984795225780924,0.543245369904501,35.497081299875,42.61126496556338,13.480641963614197
2,2026-04-29,12.75,79.0,0.8061896364149456,high,0.30174167351715514,0.5696567892793997,35.767517613929854,40.05459049911714,13.848391745481143
2,2026-04-29,12.75,79.25,0.7875769522604094,high,0.24715109800338234,0.5693232966090942,35.70286299163729,43.52090642970554,14.634117343089475
2,2026-04-29,12.75,79.5,0.7958368071016814,high,0.25888376707568483,0.5960270636432484,36.12899475187837,40.72133517577507,15.290404323569668
2,2026-04-29,12.75,79.75,0.8421205212833872,high,0.38252520347662705,0.608219987956262,35.83102077066746,43.49836868114252,15.575946661728336
2,2026-04-29,12.75,80.0,0.7851730710130624,high,0.2808309977541641,0.4624542204678346,35.64300871722878,45.30909471504705,15.49166057643165
2,2026-04-29,12.75,80.25,0.5753916230445602,medium,0.07375086200867145,0.22059773908033864,35.324848476942286,48.556431622449175,16.373934694120553
2,2026-04-29,12.75,80.5,0.420477095523151,medium,0.006245100957411642,0.06185028132478492,34.738605620932205,53.48099605302991,16.896271070485163
2,2026-04-29,13.0,76.0,0.41204927855622586,medium,0.0018047035387927155,0.015449681213841767,34.61172522792923,49.55869050524375,16.745994285599995
2,2026-04-29,13.0,76.25,0.39821925929950447,low,0.002196409133781578,0.019626036572978012,34.02183422142129,51.18358125353018,16.695751970457824
2,2026-04-29,13.0,76.5,0.40221233210653495,medium,0.004708315724144559,0.02658893842637658,33.91075702201347,50.284462325452175,15.679854353268711
2,2026-04-29,13.0,76.75,0.4142439790667873,medium,0.026849393346681336,0.04877706470011182,34.364478247624135,48.9754025319377,15.743049667198088
2,2026-04-29,13.0,77.0,0.4272468447815845,medium,0.05141844078446294,0.07857408025171705,34.131936108990956,47.89897734756389,15.519693047249625
2,2026-04-29,13.0,77.25,0.4336310412412123,medium,0.049213617279977744,0.11237127885623362,34.44962774127261,50.86197682996267,14.798131918876674
2,2026-04-29,13.0,77.5,0.45806989669128095,medium,0.07246281232179208,0.16464171279156423,34.59678115980316,48.15807852409495,13.830044938615687
2,2026-04-29,13.0,77.75,0.6961544747297147,medium,0.1060091037378507,0.22953035785692183,34.992141804875004,46.13120380443195,13.917505273120558
2,2026-04-29,13.0,78.0,0.7425220075948378,high,0.14553803793661535,0.29840192098184126,35.47177846534454,45.617865487691176,13.620945487890763
2,2026-04-29,13.0,78.25,0.7640786058946983,high,0.20518890485182878,0.3745702281570479,35.72480478568047,49.37024127112138,13.117282660494036
2,2026-04-29,13.0,78.5,0.7632713053394453,high,0.253467387732557,0.42842492525570997,35.794266182009224,44.07117447895051,12.740495752806105
2,2026-04-29,13.0,78.75,0.7621088865361421,high,0.2029889749215556,0.42977262293435775,35.40640865586402,43.364867226955276,13.544093105343311
2,2026-04-29,13.0,79.0,0.7551262613921745,high,0.17168449079831008,0.40872748236490664,35.558951418001314,44.50261475405843,14.04033934485999
2,2026-04-29,13.0,79.25,0.7635629466220912,high,0.16740067810358322,0.411003410953908,35.26350001754977,46.4812119699418,15.676366644151605
2,2026-04-29,13.0,79.5,0.7679398253267435,high,0.21267882045596054,0.4729414736725197,35.32553406588974,43.59158775191718,15.192269446488973
2,2026-04-29,13.0,79.75,0.813921032264094,high,0.3379812965450741,0.5250899373185773,35.44777350247278,42.00467950842213,15.2785706723864
2,2026-04-29,13.0,80.0,0.7653348456062186,high,0.25728523160448447,0.41788206266606553,35.34520253612995,44.03121409821514,16.285671260562754
2,2026-04-29,13.0,80.25,0.4540420042519285,medium,0.06829917459136392,0.20411526145800118,34.87168500360815,47.288794069644126,16.186203355533358
2,2026-04-29,13.0,80.5,0.41247918949446627,medium,0.005793355682432231,0.05796539394625547,34.480009658856964,49.8805064541597,16.723149703785445
2,2026-04-29,13.25,76.0,0.41201924887893937,medium,4.830892838214249e-05,0.0029595448705862118,33.99163380966901,52.894183830963236,17.550718044314465
2,2026-04-29,13.25,76.25,0.3954428681126103,low,0.00013751743155450172,0.0055045581321304885,34.151438404050516,50.616121195431234,16.96946422242298
2,2026-04-29,13.25,76.5,0.3971969952448648,low,0.0020162356059084704,0.01397245378569648,33.84948031157063,50.68818774260883,16.136613558865882
2,2026-04-29,13.25,76.75,0.4115922412764943,medium,0.01308724203167686,0.03207981135004611,34.54270597397565,46.4458089796072,15.26212941137512
2,2026-04-29,13.25,77.0,0.4181678838233094,medium,0.024260982890593887,0.04958861074085279,34.17092352183018,51.19287916852061,13.92181275658099
2,2026-04-29,13.25,77.25,0.4232083093580804,medium,0.017272609430991393,0.06074043636387405,34.0557248473529,51.858305073724075,14.706069977853685
2,2026-04-29,13.25,77.5,0.42655916228394597,medium,0.016883545561501966,0.07963230016129541,34.38177191731522,48.932955638590805,13.830218476682212
2,2026-04-29,13.25,77.75,0.43596873922006685,medium,0.0286696296629197,0.11436539070002869,34.25096387640745,50.047136002007726,14.18395041074102
2,2026-04-29,13.25,78.0,0.4514782215502574,medium,0.050638404612039785,0.16119148514648685,34.53532692095251,47.13321684803626,13.762994561758658
2,2026-04-29,13.25,78.25,0.46618616860993745,medium,0.07288903271594313,0.2085587130928307,35.0082284759041,48.368338872395285,12.348288399768098
2,2026-04-29,13.25,78.5,0.6722578424756116,medium,0.07906894956724851,0.2288926210963943,34.41669633197089,48.13134126772701,12.602728563174036
2,2026-04-29,13.25,78.75,0.45207817838649456,medium,0.0533312532196123,0.2112336774174449,34.489820660025224,44.88461233761546,13.3993131801586
2,2026-04-29,13.25,79.0,0.45823814276300256,medium,0.04103766192273625,0.18977144125121173,34.449111505241085,49.887844148662516,14.060855800353806
2,2026-04-29,13.25,79.25,0.45684736330621156,medium,0.0494969078789061,0.19744340512261813,34.544218719450974,50.05565145998014,14.839217331295984
2,2026-04-29,13.25,79.5,0.6759568193772403,medium,0.06782524361837731,0.24292890232985295,35.20629210523923,47.322059108090606,14.387334631028994
2,2026-04-29,13.25,79.75,0.7110476465432538,high,0.10560064992292993,0.27923649558435437,35.066742768901975,45.29196154604797,14.507869628085079
2,2026-04-29,13.25,80.0,0.6741203595714387,medium,0.07981125883589266,0.22522878738489382,35.01322700187915,47.652271005626424,15.668869394535095
2,2026-04-29,13.25,80.25,0.42490305589904603,medium,0.021093102229377058,0.11069333891723233,33.55733509598882,49.26100092717316,16.03087133684869
2,2026-04-29,13.25,80.5,0.406325915615238,medium,0.0017846314082035706,0.031532054782871154,34.20434564915185,51.882659540839796,16.630379041146966
2,2026-04-29,13.5,76.0,0.4091410403345974,medium,4.773724147515937e-07,0.00038067625370321776,33.9009992022204,50.89481780265265,17.428384223442865
2,2026-04-29,13.5,76.25,0.394687955213659,low,1.17351821204265e-05,0.001323835461043671,33.978280134569665,50.782327494779096,16.19397580259871
2,2026-04-29,13.5,76.5,0.4001920308905282,medium,0.0002694308515783753,0.00492375452991519,33.84063831989992,52.32501325541325,16.36190568076469
2,2026-04-29,13.5,76.75,0.3992355854188113,low,0.0017597959255352875,0.012030651330932228,33.66677605577037,51.74947050734702,15.412086513550529
2,2026-04-29,13.5,77.0,0.3988971712709544,low,0.003209144913171601,0.01786881876587875,34.07307411308753,50.883457168863195,15.244430892580626
2,2026-04-29,13.5,77.25,0.39900690840647673,low,0.0019272022996256423,0.019498151995809454,33.81810471341652,49.778193456902684,14.94786327761662
2,2026-04-29,13.5,77.5,0.4034797551626799,medium,0.0012737204562157337,0.023189962378380308,33.88029510270254,49.641408075156185,14.106397355830342
2,2026-04-29,13.5,77.75,0.41008286766936747,medium,0.002687340889837213,0.034323574555355084,33.74178578519288,49.61027883671622,13.050045021680175
2,2026-04-29,13.5,78.0,0.41856097315427276,medium,0.005776750142243661,0.05133607589004814,33.899202142659476,49.20158237209268,12.838098755177564
2,2026-04-29,13.5,78.25,0.4296078083381268,medium,0.008055312739160263,0.06699241112400915,34.14834884569895,49.59838277864062,12.717561184613956
2,2026-04-29,13.5,78.5,0.4278106294738466,medium,0.007778865332859805,0.07072145541482366,34.238542887413836,51.73569902825219,12.443295553377885
2,2026-04-29,13.5,78.75,0.4264833739116941,medium,0.004884629878310257,0.06140118729504811,33.970474745467186,49.740037245276255,12.957097945201404
2,2026-04-29,13.5,79.0,0.4215245873544603,medium,0.003533455611326291,0.05343342202513622,33.98271868474317,49.975825249399634,13.738277200507667
2,2026-04-29,13.5,79.25,0.4169127198603384,medium,0.004782714289136374,0.05778471147591641,33.91385430421093,47.38794385697246,13.991477081875487
2,2026-04-29,13.5,79.5,0.42341795022193585,medium,0.006806768478613285,0.07414305804437482,34.26598120034828,51.511091113608906,15.147505323531432
2,2026-04-29,13.5,79.75,0.4253105724678559,medium,0.010260086198889006,0.08623626259392433,33.92530960411923,49.358901032937794,15.585396799258675
2,2026-04-29,13.5,80.0,0.42344268265021945,medium,0.007617576357746999,0.06965518055939984,33.92068125745284,51.000851339374655,14.71682832041026
2,2026-04-29,13.5,80.25,0.40441461327213546,medium,0.001996471899225249,0.03423048580049332,33.9386803053519,51.28518083725806,16.434822835980995
2,2026-04-29,13.5,80.5,0.3950091143796757,low,0.00016833816340936628,0.009747570702180137,33.72415324761272,49.98158700653322,16.346345881087156
3,2026-04-30,8.0,76.0,0.396782485397202,low,7.1499614630336e-11,3.90475555877152e-06,37.28842910652302,51.033045449358866,16.861025763899118
3,2026-04-30,8.0,76.25,0.39075183151353843,low,4.341538119617665e-10,9.084196014076374e-06,37.24224372699352,52.81309948881357,15.09815819804863
3,2026-04-30,8.0,76.5,0.38591893831672996,low,7.251461970900599e-10,1.1579072393373669e-05,37.45453152812806,51.14247464323496,15.10072029054714
3,2026-04-30,8.0,76.75,0.38457925589630254,low,3.57903243100735e-10,1.026830588062319e-05,37.65293980891194,49.437614522769465,15.814749211044854
3,2026-04-30,8.0,77.0,0.38301476036403403,low,7.928644409134159e-09,3.662925539716782e-05,37.37513257157733,47.99330775534291,15.06045053592207
3,2026-04-30,8.0,77.25,0.39030651996949595,low,6.94786471226122e-07,0.0002728220386573579,37.49079197287577,52.50019112505159,15.072936271968908
3,2026-04-30,8.0,77.5,0.3943900977651182,low,1.6855672396078456e-05,0.001231744423117532,37.568553596878104,48.57087916368999,13.922631921536015
3,2026-04-30,8.0,77.75,0.392315602388122,low,0.0001125284271510953,0.0030963195130352247,37.617565335423365,49.37646677014168,14.104802512212974
3,2026-04-30,8.0,78.0,0.39175514221720825,low,0.0002069328466920723,0.004331901448977191,37.1778651099509,49.78497131598944,13.34413682351779
3,2026-04-30,8.0,78.25,0.3923687295222641,low,0.00010526060667933014,0.003403204173236524,37.55643734918004,49.681582553174216,13.854912998259849
3,2026-04-30,8.0,78.5,0.3929742041149453,low,1.5045726284310844e-05,0.0015247746468944581,37.41542738768227,50.592658726769336,12.218654764292369
3,2026-04-30,8.0,78.75,0.39314715588856836,low,6.392831233280138e-07,0.0003974293023848401,37.249203904557696,51.213239296621005,13.78502104094087
3,2026-04-30,8.0,79.0,0.39308778783396925,low,9.432472308385922e-09,6.137058753862033e-05,37.22703551052565,49.8379470037487,14.145162900874151
3,2026-04-30,8.0,79.25,0.3941714800849655,low,5.901949755654298e-11,5.658866775580506e-06,37.353015403829424,52.75399014725281,13.897290842204244
3,2026-04-30,8.0,79.5,0.38784168576913636,low,1.4976546318145514e-13,3.093611699537621e-07,37.138426970362936,51.26130845698211,15.234726638953674
3,2026-04-30,8.0,79.75,0.3913355151178486,low,1.247083033336954e-16,9.847078720139053e-09,37.00812893545085,52.126918981213215,15.824811554130783
3,2026-04-30,8.0,80.0,0.3865021800790303,low,3.0167272839992134e-20,1.7879694445989274e-10,37.43447378725301,50.401905193525664,16.032237255919473
3,2026-04-30,8.0,80.25,0.38339095161413467,low,2.0379348642687406e-24,1.8222906019216575e-12,37.633486710294264,50.942355146830366,16.668946261673177
3,2026-04-30,8.0,80.5,0.3833909516138151,low,3.805206056070095e-29,1.0479860666149652e-14,37.34910484108029,50.25618584564222,16.515282687117836
3,2026-04-30,8.25,76.0,0.39679495429483613,low,3.231399383119585e-08,7.456478290831741e-05,37.46151906855082,48.77255427873522,17.563646137041626
3,2026-04-30,8.25,76.25,0.38460797190077767,low,1.954933734808946e-07,0.00017290412616946383,37.14255868370147,49.103934725870026,16.081158688376078
3,2026-04-30,8.25,76.5,0.3846160676164425,low,3.2545776450024537e-07,0.00021869609102363638,36.97596160722881,49.694457097636764,15.92136599137869
3,2026-04-30,8.25,76.75,0.3883627221655309,low,1.4963322764498984e-07,0.00016518759548994632,36.82830534843821,51.37255769352968,15.231783408477582
3,2026-04-30,8.25,77.0,0.3861727596042361,low,1.6344558293818567e-07,0.0002480520122138366,37.02506421623827,50.94928057872939,14.8365526025539
3,2026-04-30,8.25,77.25,0.38880184988263133,low,1.225157413397049e-05,0.0014427696829131748,37.66462072372358,50.33228170603689,14.438288001968209
3,2026-04-30,8.25,77.5,0.3929056601406361,low,0.0002955032625806667,0.00629755216793061,37.20612029010541,51.96845514120325,13.738031199191349
3,2026-04-30,8.25,77.75,0.3924241607806927,low,0.0019808320866016044,0.01594370144068525,36.787549191248196,49.83620787671532,13.534367688891848
3,2026-04-30,8.25,78.0,0.39554188914601945,low,0.003698252686474966,0.023055540899188702,37.315631197690216,49.228727677068775,13.299145794795844
3,2026-04-30,8.25,78.25,0.396353765215416,low,0.0019679303798141356,0.01914887491612042,37.19569607489928,51.03340442580236,12.569959650114123
3,2026-04-30,8.25,78.5,0.3958482213046192,low,0.00032195812965023706,0.00925802752360282,37.14447265198576,52.281157402054816,13.42450424832397
3,2026-04-30,8.25,78.75,0.3914309380349199,low,1.9264000977635755e-05,0.002641463352195356,37.08131037660254,51.29704285616643,13.184207299363432
3,2026-04-30,8.25,79.0,0.39073928717469486,low,4.890120332812912e-07,0.00044742238836139827,37.0185626686997,50.05120777270493,13.617365743839963
3,2026-04-30,8.25,79.25,0.39229334975863484,low,4.7310858352645065e-09,4.472576463668124e-05,37.15038190461851,50.712010525709054,14.549228193096994
3,2026-04-30,8.25,79.5,0.39217297149831787,low,1.4442601444094505e-11,2.598904637738148e-06,36.74601349443026,53.79752005798457,15.05164463090211
3,2026-04-30,8.25,79.75,0.3885456624569729,low,1.2669385160077542e-14,8.625045769033402e-08,36.93318882556605,48.85216632960645,14.587022725453338
3,2026-04-30,8.25,80.0,0.38784163148222817,low,3.0986533974343026e-18,1.6123746622783091e-09,37.161889579580645,51.16997972940037,15.317156732379754
3,2026-04-30,8.25,80.25,0.3809742849501745,low,2.0960524424400438e-22,1.7165129829740866e-11,37.46811164886326,47.712298078814726,16.419933633826655
3,2026-04-30,8.25,80.5,0.38339095161384,low,6.127659043976345e-27,1.5200532834045236e-13,37.38218163175513,49.85866224280324,16.179804137968954
3,2026-04-30,8.5,76.0,0.3969233360203267,low,4.120928128461818e-06,0.000799139859844258,37.612174657135654,50.68312836745775,16.555061762881817
3,2026-04-30,8.5,76.25,0.384906497841068,low,2.476905292542279e-05,0.0018459202539270656,37.43487977103755,51.326523780540484,15.424637596564455
3,2026-04-30,8.5,76.5,0.3849929362973727,low,4.099722762225446e-05,0.0023231834698664838,36.57637982411262,50.972453262328564,16.357021980317782
3,2026-04-30,8.5,76.75,0.38933542344562133,low,1.8700602665985513e-05,0.001673770765223937,37.243102623027035,51.82789887427758,14.862362720632431
3,2026-04-30,8.5,77.0,0.380853633378902,low,3.994790108035502e-06,0.0014821343718130762,37.369447027577664,47.66711075499346,15.177659430417082
3,2026-04-30,8.5,77.25,0.3864519479928794,low,8.331938206880062e-05,0.005756436481780713,37.169280916350345,50.726122993313496,15.247082419375689
3,2026-04-30,8.5,77.5,0.3984202396541717,low,0.001770344418957747,0.02270061261348087,36.630645806300116,51.99853680119247,14.133346699567928
3,2026-04-30,8.5,77.75,0.4093520968973915,medium,0.011917417850238943,0.05608081835718095,37.143885559872814,49.73575024563642,14.249527019683605
3,2026-04-30,8.5,78.0,0.42418821573793664,medium,0.02389248296972562,0.08268210520845043,37.098370528268866,48.06227649490018,13.16709175172694
3,2026-04-30,8.5,78.25,0.4180085666207986,medium,0.015223478809044117,0.07196557582823854,37.392984322135234,47.32375448890718,12.32185277899924
3,2026-04-30,8.5,78.5,0.403225215088581,medium,0.00358366559106344,0.037026577806523596,37.510461764956275,48.32854000489397,12.599248642128167
3,2026-04-30,8.5,78.75,0.39379213101327704,low,0.0003426297253696227,0.011285869315880808,37.30038585204451,50.80749741767166,13.384003393192186
3,2026-04-30,8.5,79.0,0.388905326951741,low,1.1963089149078899e-05,0.0020296010498554707,36.806572827283105,49.4857099709681,14.639202042061688
3,2026-04-30,8.5,79.25,0.38920235767081995,low,1.307022910532195e-07,0.00021294097908094387,37.31296984270467,49.8044507842221,15.150674021095488
3,2026-04-30,8.5,79.5,0.3902605647835661,low,4.1205372652638846e-10,1.285069151683773e-05,37.09353963436059,51.91033657345946,14.9691593198433
3,2026-04-30,8.5,79.75,0.3889189245770669,low,3.6396079256722957e-13,4.4139942876276636e-07,37.368862488320985,48.301947189037314,15.720095596569493
3,2026-04-30,8.5,80.0,0.3913355149342878,low,8.939269161711182e-17,8.80648451387536e-09,37.00721544442899,51.99054963964872,16.07768709934836
3,2026-04-30,8.5,80.25,0.38339095164092335,low,1.1041959014475612e-20,1.5368548977463204e-10,37.14576232928684,51.260359191730416,15.505683767667922
3,2026-04-30,8.5,80.5,0.3833909516154125,low,1.0012225066367296e-22,9.06618709919258e-12,37.071383105753675,50.35065103293676,17.033305406227022
3,2026-04-30,8.75,76.0,0.4004835292749546,medium,0.00015202666155133003,0.004882184505711951,36.875527240578215,48.090795726207915,16.46075157818416
3,2026-04-30,8.75,76.25,0.39191937280219014,low,0.0009037766110751508,0.011227628884604551,37.376061122070425,50.12728218036283,16.079252881183223
3,2026-04-30,8.75,76.5,0.39249937107217736,low,0.0014810415118070221,0.014062035657539771,37.21078215667506,51.30420464582509,16.02740182126009
3,2026-04-30,8.75,76.75,0.3892426417071749,low,0.000669372801416818,0.009937515163913224,37.067213262606444,48.052236739630644,16.89548243424701
3,2026-04-30,8.75,77.0,0.3918890289841216,low,0.00011465714471329783,0.00687109898874516,36.5520678099852,50.42158885679656,14.96220767362203
3,2026-04-30,8.75,77.25,0.3940068294636526,low,0.000656231186479812,0.018451248180027295,36.774003010758676,50.359018888951866,14.945212710643085
3,2026-04-30,8.75,77.5,0.4147284971438554,medium,0.00685808579364231,0.06211997556196729,37.088770637936044,46.23555470735904,13.598739580514538
3,2026-04-30,8.75,77.75,0.44116097076656247,medium,0.03858965850941436,0.14177461977982314,37.48581991222589,47.20075222602509,14.009869500097809
3,2026-04-30,8.75,78.0,0.4609434462623715,medium,0.08582517029819856,0.20409564024172647,37.05865059496571,48.33725320443198,13.280296724099232
3,2026-04-30,8.75,78.25,0.452473355387779,medium,0.07008230040573542,0.17958206763678033,37.68783599786682,47.55249913705476,12.83155732891175
3,2026-04-30,8.75,78.5,0.4312756964033063,medium,0.02199167767765213,0.09510163679235475,36.86714228277243,51.620513409113656,12.596183091741842
3,2026-04-30,8.75,78.75,0.4091017219885313,medium,0.0025315052479711036,0.030059128917201042,36.65373256278174,52.35122014843131,13.352707423574026
3,2026-04-30,8.75,79.0,0.3955778865619668,low,9.49021876327532e-05,0.005620598006218811,37.222656536908204,48.81459185137477,13.398965195729039
3,2026-04-30,8.75,79.25,0.4008384602667671,medium,1.0611563892156129e-06,0.000615502594824326,36.74662136961117,48.35845055208806,14.117339954414065
3,2026-04-30,8.75,79.5,0.39862202367730715,low,3.406288668679641e-09,3.929432177223625e-05,37.008108825639155,51.967227931606864,14.609942281487854
3,2026-04-30,8.75,79.75,0.39378202584446453,low,3.1390794882874857e-12,1.5163862125862975e-06,37.191407452606285,50.986435853341995,14.710674605992178
3,2026-04-30,8.75,80.0,0.39415496719154036,low,1.8768188886633444e-15,5.3096778606983914e-08,37.08040973713543,51.90623632957764,15.858493967815921
3,2026-04-30,8.75,80.25,0.39104373032697104,low,5.878607057323605e-17,5.302607684724486e-09,36.60281508170832,51.59974194715087,16.638966314923767
3,2026-04-30,8.75,80.5,0.38862706285126913,low,1.2477692412378712e-18,7.162404798073094e-10,36.74264029935674,51.08228008871667,17.3558279987244
3,2026-04-30,9.0,76.0,0.42648141862744327,medium,0.001713368320695389,0.0173409812269025,36.61697845947985,49.37215706331228,17.878911151823395
3,2026-04-30,9.0,76.25,0.42178816965707766,medium,0.01001601810541753,0.03969749581690836,36.962483155177566,51.24825757795626,16.45517554636023
3,2026-04-30,9.0,76.5,0.4301318583676863,medium,0.01615544027774317,0.04947418401300745,36.97930230078023,52.641356846825865,15.58097098436746
3,2026-04-30,9.0,76.75,0.41878580705373725,medium,0.00719311850368605,0.03451280425496124,37.148019942619534,48.987079967685666,15.490597405744658
3,2026-04-30,9.0,77.0,0.41879603558929146,medium,0.0011604541717653665,0.020897671753609067,36.939083908196594,52.892190204836126,14.823388830851544
3,2026-04-30,9.0,77.25,0.4210003730593363,medium,0.004751966319667174,0.043703995256057414,37.12672215297647,49.85474677815289,14.975471515808858
3,2026-04-30,9.0,77.5,0.4509992328898841,medium,0.028530353046089578,0.12816395466734218,37.04461079210338,49.406529580384934,14.373835377945955
3,2026-04-30,9.0,77.75,0.6997704473778608,medium,0.09379069039781812,0.26318832559067196,37.429957999360965,46.067434860279185,13.419109624587636
3,2026-04-30,9.0,78.0,0.7494811259768994,high,0.1795844147904389,0.35393025723633764,37.426499702864625,43.889227326736375,13.258880454870518
3,2026-04-30,9.0,78.25,0.7419535446679331,high,0.1515284726668534,0.30187664296716765,37.50767535582852,47.659088642848765,12.623568043868021
3,2026-04-30,9.0,78.5,0.47041333251183837,medium,0.05031300846425638,0.15981638918146174,36.733298038157145,46.831682630264616,12.022785522948295
3,2026-04-30,9.0,78.75,0.43016894599329475,medium,0.0060687583056135055,0.05192041735832411,36.65009238751626,50.50727537839556,13.506733340826598
3,2026-04-30,9.0,79.0,0.4127552632367169,medium,0.00024279443327060644,0.010286829029979848,37.19502753014121,50.12443824974069,13.908297331519833
3,2026-04-30,9.0,79.25,0.41466697914866135,medium,3.088568614596306e-06,0.0012480454132864844,36.81958443873079,53.5867141640107,14.732782953687117
3,2026-04-30,9.0,79.5,0.41145591048300834,medium,1.3179559999390462e-08,9.778388287542664e-05,36.76713907710813,50.09322547142444,14.805972249225183
3,2026-04-30,9.0,79.75,0.40941271456731576,medium,4.58601808801689e-11,6.896797789086889e-06,36.721268144395786,50.02329366534897,15.027652703443488
3,2026-04-30,9.0,80.0,0.4129055607789577,medium,2.9862648750430286e-12,1.0239778656920097e-06,36.61164966299556,52.864845763011616,16.179672558159144
3,2026-04-30,9.0,80.25,0.40496085718673624,medium,1.9615315096151333e-13,2.199822645801131e-07,36.72958293572951,50.27266004692467,16.821605412416897
3,2026-04-30,9.0,80.5,0.40326429504060735,medium,4.300630584101419e-15,3.2799217631957565e-08,37.04002148861166,49.728778000227976,16.011355350775723
3,2026-04-30,9.25,76.0,0.4329602400457597,medium,0.006609000540536491,0.036522501215450365,36.39428045665182,51.285115483204144,17.04457988201853
3,2026-04-30,9.25,76.25,0.443935448027651,medium,0.03787173291752685,0.08326317588804877,36.665375319182765,50.30448924568824,16.62606487848709
3,2026-04-30,9.25,76.5,0.44919193749188224,medium,0.05987722018497528,0.10332143541205407,36.66688545913081,49.24396902533369,15.69506369640031
3,2026-04-30,9.25,76.75,0.439496409568578,medium,0.026130564036457905,0.07140113745547408,36.705551497168194,48.78477446315377,14.922817731532325
3,2026-04-30,9.25,77.0,0.4187189580056133,medium,0.0038607490469248157,0.03963224864480014,37.4305379413707,50.431403704136244,14.689527432226324
3,2026-04-30,9.25,77.25,0.43663084757676945,medium,0.012152109556528222,0.07007281210566682,37.310721916954286,51.12177090140706,14.021356586541408
3,2026-04-30,9.25,77.5,0.4726110899194511,medium,0.06627241877390457,0.19094961840237543,37.71087259341994,48.01157142735929,14.549927681512656
3,2026-04-30,9.25,77.75,0.7482689446261118,high,0.16282172413128046,0.3651043563481009,37.3451840416466,47.533504302956544,13.683349436590516
3,2026-04-30,9.25,78.0,0.765053445034079,high,0.2239151856271268,0.4585187266435017,37.63062161091047,42.46714031270076,12.969484571975947
3,2026-04-30,9.25,78.25,0.7453304377159128,high,0.15545935756359558,0.3739992974879915,37.991202387682804,41.07229771750741,12.455922187700416
3,2026-04-30,9.25,78.5,0.47801487605324045,medium,0.052324150960494226,0.19796832847463358,36.89575984931793,49.26286330383472,12.476965469876944
3,2026-04-30,9.25,78.75,0.43984709160936375,medium,0.008153059079921043,0.06853471897800825,36.86531495837896,51.81715727564235,13.193867227128054
3,2026-04-30,9.25,79.0,0.41859371059557116,medium,0.0005094762284164161,0.015775218648538664,36.24921423545485,50.582154624503104,14.018996974260583
3,2026-04-30,9.25,79.25,0.417816772286217,medium,1.2727884687466243e-05,0.002548153010116398,36.925896964518586,52.667663131020156,14.317415439010393
3,2026-04-30,9.25,79.5,0.41150097776443106,medium,2.169389334793318e-07,0.00035310724100233996,36.565774315892085,48.68221272970437,14.712778843428039
3,2026-04-30,9.25,79.75,0.4107470968192201,medium,1.6025414057549373e-08,7.058425907510563e-05,36.48919548445773,51.34361969396811,15.040490128436932
3,2026-04-30,9.25,80.0,0.40565916251591483,medium,2.5321355148502847e-09,2.1440000638380548e-05,37.40002979168782,50.285800577006086,15.829635352915622
3,2026-04-30,9.25,80.25,0.40496176176404747,medium,1.82937215891588e-10,5.34782797506947e-06,36.65203586793972,50.10770181230872,16.22705823738474
3,2026-04-30,9.25,80.5,0.41221096359981146,medium,4.086586220869924e-12,8.232279336884124e-07,36.299226300713585,53.03005416081499,17.00054603674497
3,2026-04-30,9.5,76.0,0.4400894481142851,medium,0.01011654441181756,0.046252607951143505,36.304601165618315,50.65952335259226,17.259455535453977
3,2026-04-30,9.5,76.25,0.4399597458731432,medium,0.057235844112756507,0.1049587213126138,37.116459025871706,45.894545522041085,15.999137074793536
3,2026-04-30,9.5,76.5,0.45768191953421467,medium,0.089227027215672,0.12994867680810926,36.60457484346564,49.37821159729342,15.942122146699663
3,2026-04-30,9.5,76.75,0.4439160305861204,medium,0.03834093887380985,0.0903251204963184,37.142611064062045,52.25804482319527,15.500123123281357
3,2026-04-30,9.5,77.0,0.4229884463497914,medium,0.005120341420666103,0.050956572456711514,36.21949905678904,47.56040915827948,14.643147787312495
3,2026-04-30,9.5,77.25,0.4365247367262345,medium,0.00996220247065748,0.08278881982017114,36.693866994604285,47.1846715875668,14.778379529033206
3,2026-04-30,9.5,77.5,0.47234894642069114,medium,0.06225617652331375,0.2107897086578069,36.68553402364402,46.73703001903851,14.323721000529416
3,2026-04-30,9.5,77.75,0.7575668049612542,high,0.1786130943588016,0.38874660619850016,37.903557104013935,42.6002556927736,14.250085879810339
3,2026-04-30,9.5,78.0,0.7676681021326056,high,0.23982832801689272,0.473200049969539,38.233778286149125,43.11680048010365,12.386386013408009
3,2026-04-30,9.5,78.25,0.7459364434712547,high,0.15738207652860056,0.37986212428438343,37.68714230570436,45.018101344347286,12.70898929224158
3,2026-04-30,9.5,78.5,0.48041379656832484,medium,0.06705984641017498,0.20883462106323278,36.932025456692315,50.08470751098829,13.745669253508694
3,2026-04-30,9.5,78.75,0.4468502180043014,medium,0.016181246016931237,0.08353500446212425,36.447634324475594,52.92550788858062,13.48007268901906
3,2026-04-30,9.5,79.0,0.4192465831508441,medium,0.0018708200486761927,0.025947365574588464,36.40778862839382,48.30001673527612,13.610701888703167
3,2026-04-30,9.5,79.25,0.41725235697011986,medium,0.00013990561388868827,0.006789276970467462,36.049541288463544,52.46283545731971,14.867944811598722
3,2026-04-30,9.5,79.5,0.415322404129901,medium,1.2242549300719267e-05,0.0018635868958609414,36.17542378509161,51.582060948239295,15.017611094644078
3,2026-04-30,9.5,79.75,0.41026684253545453,medium,3.066958679058149e-06,0.0007034341583008676,36.7593128745718,50.86883503654294,15.878376515302461
3,2026-04-30,9.5,80.0,0.4174402023391568,medium,6.18921153003486e-07,0.0002708893833762542,36.25460192744279,52.2293874124703,15.841843283255576
3,2026-04-30,9.5,80.25,0.40704377145376525,medium,4.733827332668283e-08,7.177810034306687e-05,36.39676880270916,49.54499377853126,16.526620830811314
3,2026-04-30,9.5,80.5,0.4057099470018,medium,1.0693223619022715e-09,1.1276569042972138e-05,36.79838723798796,51.03712657037304,16.909484194175583
3,2026-04-30,9.75,76.0,0.42915720600848384,medium,0.0062577577503559354,0.036479934866698045,36.43896674810444,49.43886445109659,16.203116052333026
3,2026-04-30,9.75,76.25,0.43860827397866753,medium,0.0352730218532241,0.08042360253099937,36.50138525859382,49.29810666087048,16.883954079489428
3,2026-04-30,9.75,76.5,0.44494273000099605,medium,0.05485717224300883,0.09965702113853656,36.86985239093278,51.59188412892855,15.602033583393512
3,2026-04-30,9.75,76.75,0.4369304687605021,medium,0.023643171933222632,0.07597259974242829,36.60409929044743,50.467868344768625,15.328350492286038
3,2026-04-30,9.75,77.0,0.43120951103070126,medium,0.004785083552187648,0.06522403584887496,36.5305013642151,49.45685902998746,14.986396507307596
3,2026-04-30,9.75,77.25,0.44093596695090465,medium,0.01075631723936292,0.11562161317483238,36.61049734653414,47.90836258947162,14.846433901484279
3,2026-04-30,9.75,77.5,0.4645451415336357,medium,0.0407874017128869,0.22374914334553894,37.27055984006785,48.98445299997574,14.367020165581513
3,2026-04-30,9.75,77.75,0.7377053270253848,high,0.12784473652131279,0.34839143519778926,37.76293861764748,45.510398653974754,13.137636004409723
3,2026-04-30,9.75,78.0,0.7594936213535785,high,0.19237810866143484,0.3965874239067715,36.823898905667015,42.91908780845382,13.167614501898376
3,2026-04-30,9.75,78.25,0.7422029440801514,high,0.1308357636825302,0.3166847725677741,37.764956127055754,47.224944556069715,12.58908851090919
3,2026-04-30,9.75,78.5,0.46881243991170374,medium,0.06289198890387548,0.18949800554713275,37.03534859924366,46.43463323753325,12.74106764198445
3,2026-04-30,9.75,78.75,0.4473096263171518,medium,0.026951712368638654,0.0976209584469272,36.44675174346746,50.00725025811125,13.022380230717488
3,2026-04-30,9.75,79.0,0.42376652536353726,medium,0.008912474109218756,0.045561341582468703,36.63556395919357,50.929061480668295,13.720011541940943
3,2026-04-30,9.75,79.25,0.41476546546826154,medium,0.001602618638306565,0.018941826892749956,35.89945185857308,50.70115590664535,14.318385165254579
3,2026-04-30,9.75,79.5,0.41313335850337685,medium,0.0004303001210742473,0.008494983977993314,36.37112184852396,52.49683402764603,15.394804203790326
3,2026-04-30,9.75,79.75,0.40647499205408977,medium,0.00018274244693985416,0.0044501647831705375,36.613662293416475,49.97535525117937,15.13044540336359
3,2026-04-30,9.75,80.0,0.4070865015861121,medium,4.27443907487017e-05,0.0019201066553840179,36.18410167003556,49.948981491863485,15.533414842369655
3,2026-04-30,9.75,80.25,0.40746406180845357,medium,3.3861981997304607e-06,0.0005279947839105316,35.60458146989147,51.574635440574504,15.600285255031768
3,2026-04-30,9.75,80.5,0.4073853163386017,medium,7.69970304824006e-08,8.419198022680315e-05,36.30162580832541,51.516070933029305,16.6188271771898
3,2026-04-30,10.0,76.0,0.4243454615749792,medium,0.002274507997024955,0.026032092740698745,36.10932487367859,52.01395113104104,17.57140128176876
3,2026-04-30,10.0,76.25,0.4199057042744402,medium,0.008094167863165887,0.043706744122742454,36.63818191441818,50.326422792473856,15.951769018083713
3,2026-04-30,10.0,76.5,0.4238394080417987,medium,0.011947175219708974,0.0520497223376077,36.513308909995196,50.735733700551684,15.744294856946919
3,2026-04-30,10.0,76.75,0.43416204704071476,medium,0.0067623361354430655,0.05977665385645313,36.83280222351404,52.22676608075608,14.68918761772973
3,2026-04-30,10.0,77.0,0.44005608756576353,medium,0.019015379373556046,0.11333617209441758,36.4499124074387,48.02889312394393,14.671902173349226
3,2026-04-30,10.0,77.25,0.5826631354789304,medium,0.0715757516000119,0.22144093468412382,36.96739083176739,46.965819447936234,14.147285321488955
3,2026-04-30,10.0,77.5,0.7358655920420685,high,0.1105337619826112,0.31041023778428484,37.21676413351658,47.51204771988844,14.234295820957138
3,2026-04-30,10.0,77.75,0.7318383147798382,high,0.10299043276972994,0.327304615890173,36.892202146120155,45.27198930343706,13.852211418961959
3,2026-04-30,10.0,78.0,0.7217079694339634,high,0.10208502137378282,0.28513425028549794,37.05078488307947,45.10174726351516,13.056508962310998
3,2026-04-30,10.0,78.25,0.4676380054678303,medium,0.06432153843102763,0.2091168452579977,37.45744858748974,46.74097927759685,12.488506753115665
3,2026-04-30,10.0,78.5,0.4600367246860666,medium,0.04158485995122128,0.14349435796047746,36.377742878864375,48.90363304848489,12.922979693946035
3,2026-04-30,10.0,78.75,0.44850082994978624,medium,0.049806342976009964,0.10555989330806653,36.61548173521836,50.6802338812886,13.598287549902137
3,2026-04-30,10.0,79.0,0.4401982440518236,medium,0.028138605681767764,0.07157608796394108,36.31350379362035,50.39238666919668,13.968877919863893
3,2026-04-30,10.0,79.25,0.42171010287614924,medium,0.009043863260925154,0.04187019486258209,36.47224681463984,51.549321885686425,13.911705631521894
3,2026-04-30,10.0,79.5,0.41899827062625983,medium,0.0055791043435639365,0.026113014945941534,35.964456448791694,52.09287295195848,14.893808195754055
3,2026-04-30,10.0,79.75,0.4097020730298997,medium,0.0032009751901815866,0.016381785378473308,36.568947710734484,51.655335059797395,14.878800373194137
3,2026-04-30,10.0,80.0,0.4057687869794583,medium,0.0008255203901633137,0.007534955331653473,36.11689004475779,51.33014277761908,16.202686677050856
3,2026-04-30,10.0,80.25,0.4015979021417852,medium,6.680782976459563e-05,0.0021239641574784564,36.061714770586775,50.28908098982334,16.152572243130827
3,2026-04-30,10.0,80.5,0.40259773202625726,medium,1.5250303500102495e-06,0.00034240243130822,35.97981421026041,51.25415570332798,16.75071623731037
3,2026-04-30,10.25,76.0,0.43072521849688333,medium,0.01263161874498623,0.04036086091286446,36.196896349459614,52.3007883240497,17.08033842815591
3,2026-04-30,10.25,76.25,0.419945587329801,medium,0.007460758580380969,0.03880040431386811,35.80942644078804,52.452908515480594,15.544259744083437
3,2026-04-30,10.25,76.5,0.4161615275597432,medium,0.0022518880183805398,0.0351414267430185,36.29439623227901,51.38405014189814,17.026906609908057
3,2026-04-30,10.25,76.75,0.430164591664786,medium,0.006557675933067305,0.06474153010848349,35.945221230004705,49.47929868889291,15.4573535146365
3,2026-04-30,10.25,77.0,0.46212347548873045,medium,0.052288608254129024,0.1704825244857638,36.40564266399235,48.12356270375291,14.668896191720874
3,2026-04-30,10.25,77.25,0.7543600986283147,high,0.18523902593372576,0.32880335152246315,37.37353350074209,45.56887604296524,14.188367764942058
3,2026-04-30,10.25,77.5,0.7826380554321819,high,0.25657813772304733,0.4029232892541725,37.70597523953137,46.02436481508176,14.686434316601726
3,2026-04-30,10.25,77.75,0.7482118973675255,high,0.14472633376898328,0.32381059848936544,37.01016780420575,48.83390987335221,14.306703563954521
3,2026-04-30,10.25,78.0,0.4698218793760325,medium,0.04683194121378388,0.195042494790619,36.34831412410089,50.03162413631783,13.928477154401127
3,2026-04-30,10.25,78.25,0.44856049280739174,medium,0.018543981611763894,0.11475323015581827,36.27378309307748,46.48943682610927,12.83314642069877
3,2026-04-30,10.25,78.5,0.4446314499280132,medium,0.02550781849963626,0.09727296506694844,36.4598959105121,49.947035031510374,12.846988762902365
3,2026-04-30,10.25,78.75,0.4511618933515005,medium,0.04864268467073284,0.10784453794913963,36.329177194469004,49.384106766648344,14.152622430139791
3,2026-04-30,10.25,79.0,0.44290502497137363,medium,0.03441100555935969,0.09976963578612416,36.40289763516407,48.96445997031822,14.153654668906528
3,2026-04-30,10.25,79.25,0.4373990300594275,medium,0.022031716601233205,0.07420572232240252,36.50778239790028,51.75030208322569,14.107754955952892
3,2026-04-30,10.25,79.5,0.42989316217819457,medium,0.022838301382916485,0.05328597336721804,35.60802269205845,49.42170155630541,14.448984680549962
3,2026-04-30,10.25,79.75,0.41757009775499077,medium,0.016121549715865865,0.035017652483902845,36.08523467110105,49.00107984952032,15.603955869677376
3,2026-04-30,10.25,80.0,0.4078352681125023,medium,0.004429197709391966,0.016418240233008228,36.036822086880726,49.96626075870994,16.15720247887831
3,2026-04-30,10.25,80.25,0.40692330303270174,medium,0.00036305615476837233,0.004680696242158942,35.81808889545277,53.42170606779875,15.525782339964715
3,2026-04-30,10.25,80.5,0.4075055298227897,medium,8.306491487752735e-06,0.0007592082855342737,36.10385098343679,52.745005750123326,16.651481570071475
3,2026-04-30,10.5,76.0,0.4445872159101458,medium,0.04612567905784391,0.07085711513512767,35.79962780052982,50.634858439747966,17.255023593561774
3,2026-04-30,10.5,76.25,0.4301801831928848,medium,0.02588401914157394,0.06334485792065156,35.87376980091166,50.7714934493039,15.832297916385166
3,2026-04-30,10.5,76.5,0.4205841903325721,medium,0.006341798581079458,0.051700256121928176,35.83059040449826,49.86123963149279,16.30809014496104
3,2026-04-30,10.5,76.75,0.4278547816268984,medium,0.013244172329135486,0.07787091654613315,36.529402879951824,47.9280574215288,15.597341648685157
3,2026-04-30,10.5,77.0,0.45805196175788165,medium,0.05357844282068403,0.16972334674354259,35.96578052598746,48.51753828390101,14.824210456521396
3,2026-04-30,10.5,77.25,0.7482112167695638,high,0.14725930110495672,0.2972809591006896,36.68435389516887,46.69861528324625,15.027770527558337
3,2026-04-30,10.5,77.5,0.7564626365263607,high,0.188180519791983,0.34021454206271745,37.16580403942091,43.5994582118941,14.329455369109029
3,2026-04-30,10.5,77.75,0.7043348766532541,high,0.09807745917989759,0.2446477712587441,36.69883124491424,46.25071161336195,12.948335218875933
3,2026-04-30,10.5,78.0,0.4454636635923872,medium,0.020317735962058582,0.11849290049707648,35.75563727997506,51.284920002258595,13.173458872762463
3,2026-04-30,10.5,78.25,0.43380215714277237,medium,0.003496458165674023,0.06304573364721724,35.974637914835455,51.12540005372493,13.18441421726868
3,2026-04-30,10.5,78.5,0.4406648776663388,medium,0.011032628921180121,0.09023746555759637,35.509987250738845,48.52734588720549,12.766852498773433
3,2026-04-30,10.5,78.75,0.45564383156488697,medium,0.03309671047850219,0.15804215315675413,36.4472054769114,48.85341716096317,13.729286918483522
3,2026-04-30,10.5,79.0,0.46123333962323765,medium,0.03877471356350417,0.18663818832740148,36.4768830466721,47.14028841055979,14.089890844128211
3,2026-04-30,10.5,79.25,0.45229749283990084,medium,0.029183934845819045,0.14663327138048526,36.02970006201302,49.36781539485852,14.258980129987783
3,2026-04-30,10.5,79.5,0.43100014759217764,medium,0.029398861066116333,0.08960175517527763,35.74684294097331,47.4227862885979,15.126229737599482
3,2026-04-30,10.5,79.75,0.42115686742294534,medium,0.023081185470458655,0.048660449301473487,35.96037808042783,49.3340009134224,15.272754003291567
3,2026-04-30,10.5,80.0,0.40854392768140135,medium,0.006577887803067233,0.02086297148971116,35.63956872139827,49.19156539375261,14.837442364451952
3,2026-04-30,10.5,80.25,0.39989141195493105,low,0.0005430746170119936,0.005775698302036387,35.51683956942011,51.102157233127336,15.750197039346629
3,2026-04-30,10.5,80.5,0.40511913987862613,medium,1.2440722995567274e-05,0.0009275967096620299,35.819248908802805,52.51961136790114,16.37584382600091
3,2026-04-30,10.75,76.0,0.4472743651902264,medium,0.04770763001876273,0.08484742622864926,36.19473739258645,52.46609917303806,17.626667398327616
3,2026-04-30,10.75,76.25,0.4384164801995307,medium,0.03087404775380727,0.0964925974159712,35.7684900360232,48.84127274990604,16.11879894991337
3,2026-04-30,10.75,76.5,0.42965328032798566,medium,0.019342865407010724,0.1009162241475138,35.63936072891996,47.427076294246895,16.25248803367969
3,2026-04-30,10.75,76.75,0.43673961942876866,medium,0.025896337826741073,0.10853920878512711,35.681835031690774,48.916550591189264,16.135752133125763
3,2026-04-30,10.75,77.0,0.4436354981313132,medium,0.034291094067399996,0.1305386237084361,36.3391647623662,51.16475341700176,14.884052006532512
3,2026-04-30,10.75,77.25,0.4531426767414604,medium,0.04853101296952868,0.16872243500394102,35.82198367160634,47.36959706888002,14.61200235948861
3,2026-04-30,10.75,77.5,0.45961397926071407,medium,0.0497779833217835,0.17300005331818535,35.81924215481729,49.888354842573854,13.810721673221668
3,2026-04-30,10.75,77.75,0.4469625861490072,medium,0.022800113017784496,0.116918927488816,36.12100659656067,48.26142113645316,13.68416135594542
3,2026-04-30,10.75,78.0,0.4241064259575207,medium,0.004173527399766254,0.05655768340746338,35.817071297973875,48.69900883469271,13.120007326603616
3,2026-04-30,10.75,78.25,0.42904820864154625,medium,0.0022913091890033087,0.05865136138197604,36.09035373134275,49.05294441996922,12.40512739408313
3,2026-04-30,10.75,78.5,0.4579441633288781,medium,0.02269147329264127,0.16555820174680386,36.14779475604098,48.867974731182485,13.423057727431805
3,2026-04-30,10.75,78.75,0.7261654672871751,high,0.10483115946419035,0.34947910860438447,36.416303398125045,46.12330346860954,13.476569252490906
3,2026-04-30,10.75,79.0,0.7580331410935034,high,0.16431743251344946,0.44180640345815186,37.27105961976914,44.777459991837674,14.356027781921727
3,2026-04-30,10.75,79.25,0.7270795165265695,high,0.08640859364671892,0.33843114688993353,36.200287178488196,46.11390020668077,14.115770919627199
3,2026-04-30,10.75,79.5,0.4534615565777046,medium,0.024918349547603552,0.17028372788163637,36.24423418064311,49.40961935619883,14.701114613910836
3,2026-04-30,10.75,79.75,0.43027718279182764,medium,0.010730640018353853,0.06488976957297812,35.70469473958733,49.56261047676578,15.104254745644116
3,2026-04-30,10.75,80.0,0.4082786706097826,medium,0.0027878695557941578,0.020221474809929876,35.997672713423704,51.71973507695325,15.660631440933233
3,2026-04-30,10.75,80.25,0.404481501374906,medium,0.00022555916343878945,0.00464624098064683,35.57376364885634,52.109329167775556,15.971883940964233
3,2026-04-30,10.75,80.5,0.40024092701115865,medium,5.1366311253955155e-06,0.0006789165112438397,35.74027064396004,51.170257516220914,16.789801953263883
3,2026-04-30,11.0,76.0,0.44337551189847163,medium,0.022284915249749064,0.08679744804203511,35.63520899662653,48.7711246094585,17.56038054994478
3,2026-04-30,11.0,76.25,0.4493447378351823,medium,0.039228480128035564,0.15060429893359706,35.94394785071135,47.543201754591145,15.958365730546454
3,2026-04-30,11.0,76.5,0.46732577692823907,medium,0.0747597358641473,0.20570292863353962,36.20479505355071,48.44879264266738,16.749180526500265
3,2026-04-30,11.0,76.75,0.4648732104786275,medium,0.06867274438369943,0.1938478394395093,35.911113697401674,48.16612157850581,15.841448035484465
3,2026-04-30,11.0,77.0,0.4471915860153277,medium,0.02642757637739004,0.12904573197859345,35.75211312335413,45.56421136188732,14.47796062563006
3,2026-04-30,11.0,77.25,0.43328373143402976,medium,0.010823350443185439,0.08194720611144671,36.090100407947325,48.11123995742566,14.559701011995733
3,2026-04-30,11.0,77.5,0.42395318242983937,medium,0.007270836704909404,0.059244047002988486,35.60532011236643,49.46146956141496,14.789371145362285
3,2026-04-30,11.0,77.75,0.4129218493615136,medium,0.002565394339507218,0.03824016242421982,36.23133898864319,49.14505600824122,13.570514253044214
3,2026-04-30,11.0,78.0,0.41338960733462415,medium,0.0008667461907221212,0.032406565058878095,35.543006117378525,51.19310750851405,13.390817981914314
3,2026-04-30,11.0,78.25,0.43858183868787776,medium,0.006959256281919562,0.09532928605650352,35.285012603409,48.795946965079956,13.02953835722716
3,2026-04-30,11.0,78.5,0.712178972417801,high,0.06314420649212643,0.3133398767700811,35.80063692391538,45.46212361895493,12.841079393326542
3,2026-04-30,11.0,78.75,0.812402871024545,high,0.27471644790287403,0.6565024875376031,37.836962498605345,43.85028165594426,13.623447580201594
3,2026-04-30,11.0,79.0,0.8831062320601739,high,0.44199213242426866,0.82853963550105,37.974071831732964,36.505089675809536,13.897717054609195
3,2026-04-30,11.0,79.25,0.8014166239805274,high,0.25503205858286165,0.6404587575329359,37.080862812260726,41.33063134261136,14.129856704034717
3,2026-04-30,11.0,79.5,0.7237256057097827,high,0.06969752016805437,0.31884825176912523,36.80909540492098,45.5574349522697,14.807512520117134
3,2026-04-30,11.0,79.75,0.4368296513870374,medium,0.012318032513614454,0.10880706334701665,35.67916798048197,49.04891852850516,15.663525414002871
3,2026-04-30,11.0,80.0,0.40910533603894905,medium,0.0011237479201498053,0.026215310908947336,35.391276011788484,49.720694468344114,15.771554541222512
3,2026-04-30,11.0,80.25,0.3995715920031555,low,4.4195071834234876e-05,0.004354636812161404,35.680765446098405,50.998800150308966,16.027239032757816
3,2026-04-30,11.0,80.5,0.4002045343852564,medium,7.056876823438038e-07,0.00047609056373220575,35.4549004554306,51.2237605700823,16.565044892169347
3,2026-04-30,11.25,76.0,0.44319138058027036,medium,0.023871683149177658,0.09412942335356483,35.65866748028689,51.15728393126798,15.963208391775128
3,2026-04-30,11.25,76.25,0.5746566815695705,medium,0.08210514421959964,0.2153643381940499,35.971535572353915,46.829806827302164,16.884615385074145
3,2026-04-30,11.25,76.5,0.7531481196780421,high,0.18794749780009773,0.32904731029529594,36.1411882366182,47.26376033544651,15.349959287055215
3,2026-04-30,11.25,76.75,0.7360314856346413,high,0.16189438053001326,0.3065479745919628,35.9758059555268,42.85261742745438,15.359594828961585
3,2026-04-30,11.25,77.0,0.45509004382080187,medium,0.044171757094793956,0.1739369666025552,36.013335271314844,50.07772393846424,15.058800155618739
3,2026-04-30,11.25,77.25,0.42808168534030555,medium,0.005090982673194115,0.07066107655284834,35.582381867224704,48.24232309197459,14.771878776635512
3,2026-04-30,11.25,77.5,0.4107260749010938,medium,0.0011251848643445952,0.031411023250751055,35.31678754455699,49.862639109257074,14.594971268316929
3,2026-04-30,11.25,77.75,0.4085522556765896,medium,0.00134530676701455,0.024489539010464453,34.573963403887305,52.406873308375175,13.823335842420711
3,2026-04-30,11.25,78.0,0.419633820366899,medium,0.003950368455207807,0.04579798892109583,35.21211041946863,52.85885080561525,13.82373957210451
3,2026-04-30,11.25,78.25,0.4538857164720971,medium,0.017051163542083945,0.15122364690049755,35.650431900336386,49.79165248835129,12.909407351590346
3,2026-04-30,11.25,78.5,0.749987982190777,high,0.11743581260841095,0.44722387416265874,36.90096315899791,46.05501052742229,13.02832086983556
3,2026-04-30,11.25,78.75,0.8864954657675894,high,0.42176351704607434,0.8784845325405607,38.15706852680095,36.90293513685168,13.264361192544408
3,2026-04-30,11.25,79.0,0.92719704487152,high,0.5990131606432014,1.0,39.06134348849491,38.13218991114636,13.360214256068259
3,2026-04-30,11.25,79.25,0.87898793116662,high,0.3887137551943049,0.8552638727902274,37.33251617506188,35.13932922998001,14.771862832565345
3,2026-04-30,11.25,79.5,0.757918067227985,high,0.15192843634384257,0.4554565465817899,36.40939694793135,46.2017320798594,14.882625756745448
3,2026-04-30,11.25,79.75,0.45155549393223554,medium,0.03130758636399752,0.16745428011103253,35.80358951408341,47.360351191277964,14.602364335686794
3,2026-04-30,11.25,80.0,0.40955533245353426,medium,0.002384123886215335,0.0414759400039318,35.01370811336675,50.97305123055151,15.771774948120175
3,2026-04-30,11.25,80.25,0.40481010568853293,medium,5.833390305879185e-05,0.006640468501710095,35.312999397275604,52.52185833759881,16.25241945140338
3,2026-04-30,11.25,80.5,0.40023995279957486,medium,5.282771898086368e-07,0.0006770146193600466,35.40763244343235,50.01220975909694,16.1080923387021
3,2026-04-30,11.5,76.0,0.4405687932376522,medium,0.017477129251694132,0.08428644051667745,35.499269807684406,51.63658963560617,16.6134417007695
3,2026-04-30,11.5,76.25,0.5787548149964312,medium,0.08118562767293064,0.21317512735051114,36.022466163613494,48.820052567988895,16.11993267385595
3,2026-04-30,11.5,76.5,0.7566273752085743,high,0.21358826650432983,0.34100879706116577,35.77545908417574,45.68365532719198,16.270967650186268
3,2026-04-30,11.5,76.75,0.7544559890063544,high,0.191762033688463,0.3294811767022027,35.85324512399015,47.161866164098726,15.274357610224946
3,2026-04-30,11.5,77.0,0.4651610197494268,medium,0.06012857973762474,0.20479123895891543,35.655511225380316,50.2378571653022,15.061316579808247
3,2026-04-30,11.5,77.25,0.43827510074362847,medium,0.017717646208040574,0.10469027185783117,35.459928748063,50.66122752332807,14.234577870310401
3,2026-04-30,11.5,77.5,0.42450435480329474,medium,0.007590946990811595,0.06211709171857412,35.00409924239364,49.24396951705278,14.232424852986293
3,2026-04-30,11.5,77.75,0.41952458722120295,medium,0.009516539309600414,0.05569662563697997,35.08633941760273,51.211945691269214,14.169823817293677
3,2026-04-30,11.5,78.0,0.43665875168871743,medium,0.020214379211644835,0.08513696528245654,35.24398902417616,49.91468766334456,13.981672380457514
3,2026-04-30,11.5,78.25,0.4572606276955128,medium,0.04056237419495325,0.1981721511204,35.877514449604234,46.166290050015,12.278020590848705
3,2026-04-30,11.5,78.5,0.7633601301230702,high,0.14816687814882012,0.4755628288621101,36.60616827512632,44.27182583430968,13.556152290819274
3,2026-04-30,11.5,78.75,0.8787930250413899,high,0.40873298736152447,0.8421332825740665,38.02074711370261,38.122512169947264,13.511572623556571
3,2026-04-30,11.5,79.0,0.9093778115228642,high,0.48744310107837296,1.0,38.34824740279441,33.869750192180476,14.418172685377014
3,2026-04-30,11.5,79.25,0.8660291029528184,high,0.33715560258264,0.8258584831009935,38.37914956597232,38.04886181704104,13.916034573814102
3,2026-04-30,11.5,79.5,0.7707830953756165,high,0.1683389002203926,0.49317458364959016,36.49064325108103,41.265718528990234,14.908424464717061
3,2026-04-30,11.5,79.75,0.4598049723775102,medium,0.04089066249764868,0.21138540552438728,35.720803369845385,47.878342216298066,15.202435836804444
3,2026-04-30,11.5,80.0,0.4256757367314805,medium,0.0040053804293522,0.06186590595623103,35.32622901133304,48.98463818947881,15.690223184243365
3,2026-04-30,11.5,80.25,0.40094106527701623,medium,0.00019665904570328983,0.01199829762328678,35.573508642694435,48.66772593434566,15.972708499926584
3,2026-04-30,11.5,80.5,0.4039046458502958,medium,5.879635682743485e-06,0.001548690288678385,35.833896920901545,51.97739862215603,16.25234087952641
3,2026-04-30,11.75,76.0,0.4310023005025501,medium,0.005355773373150625,0.05735584374219551,35.203603593296435,49.447938056300984,16.766908792815794
3,2026-04-30,11.75,76.25,0.445324468186155,medium,0.02934139349238961,0.13719419224582116,35.435432952751064,46.17844530100247,16.120339640870053
3,2026-04-30,11.75,76.5,0.6579043199835963,medium,0.08379691509213247,0.21888308867432493,35.988942066910376,48.047478917081065,15.623389101076835
3,2026-04-30,11.75,76.75,0.681955082634303,medium,0.08364079479252762,0.23047070820804005,35.51644946383596,44.36350539381757,15.217936402901525
3,2026-04-30,11.75,77.0,0.45517964608924627,medium,0.062426272726583715,0.19043370244189078,35.43509832028786,45.85427917917561,15.362003103587023
3,2026-04-30,11.75,77.25,0.4541496427320151,medium,0.06786119787924244,0.15809856973566214,34.65404040261793,48.429814395480875,14.79894656741021
3,2026-04-30,11.75,77.5,0.45168432425411753,medium,0.038525699893331086,0.13581730073780696,35.457199499317426,48.19795870292886,14.56076294435999
3,2026-04-30,11.75,77.75,0.4445874353369554,medium,0.03213697022913698,0.12351810045813595,35.13499200587674,49.44935334196719,13.921966472515427
3,2026-04-30,11.75,78.0,0.45327224551395195,medium,0.04313707839639535,0.13670892728172587,35.61281367897902,48.5892836043606,13.605520942198062
3,2026-04-30,11.75,78.25,0.46785242277888595,medium,0.06668828771366017,0.21634257448261404,35.59585082631226,47.15073753783193,12.74731375257121
3,2026-04-30,11.75,78.5,0.7443385818098704,high,0.13637447966304855,0.40031741364860396,35.81107982098823,45.68718419994991,12.932211931459303
3,2026-04-30,11.75,78.75,0.7904816984459055,high,0.22898413718601762,0.6198325793515962,36.7760943453912,40.81037373950989,14.06254966575588
3,2026-04-30,11.75,79.0,0.8166782205034355,high,0.2419563821648833,0.7260898817633653,37.04291359547536,38.76265517070443,13.597479852259779
3,2026-04-30,11.75,79.25,0.8037414080962606,high,0.23048401352011377,0.6664226783148391,36.85897029909591,40.39784035772663,15.623976835879022
3,2026-04-30,11.75,79.5,0.77010919772652,high,0.17654956246058606,0.4829030675748325,36.3617060677679,44.454399709444,15.681820420556022
3,2026-04-30,11.75,79.75,0.7042315488717199,high,0.06878104249362847,0.2574595150140744,35.75500793652104,48.80495812779576,15.706106867607273
3,2026-04-30,11.75,80.0,0.4350403895435173,medium,0.012993017827777443,0.09419186741852315,35.258036299903765,48.6648989989899,15.889076428508313
3,2026-04-30,11.75,80.25,0.4006111796130145,medium,0.001265501710392247,0.02298831695060593,34.99959128155424,48.62766936445654,15.967719541259811
3,2026-04-30,11.75,80.5,0.39462465720957457,low,5.3080170400847526e-05,0.003703656455534899,35.09773807415266,50.94043940533305,15.924862048543334
3,2026-04-30,12.0,76.0,0.4347748280267976,medium,0.012844242899607287,0.055080957736318395,34.962087930328316,52.385696880825165,17.027188395897703
3,2026-04-30,12.0,76.25,0.4303187534853352,medium,0.01657351373487848,0.08514572531569183,35.0829284291024,50.73041835239388,16.158950318321224
3,2026-04-30,12.0,76.5,0.4302364081477258,medium,0.014134918737326923,0.10423652094744358,35.096126120884556,51.40728334196267,15.908931940804543
3,2026-04-30,12.0,76.75,0.4392243702476666,medium,0.019109856157157528,0.1186626407072022,34.9768019140914,49.51490430280303,15.40351834839622
3,2026-04-30,12.0,77.0,0.4502944908154253,medium,0.05867132180168824,0.14913212212192653,35.03529506379249,50.236694474685336,14.844771360460133
3,2026-04-30,12.0,77.25,0.4687898844546329,medium,0.09848018979886744,0.19203517520603555,35.39134622793358,49.190709631654855,15.103037355509372
3,2026-04-30,12.0,77.5,0.6908722134231272,medium,0.09001324122889916,0.2187986245475096,35.321109436570026,48.459573152982315,14.377405051723686
3,2026-04-30,12.0,77.75,0.5804189372468607,medium,0.0832550355202315,0.21308337304047006,35.771306470999036,49.05459509259713,14.048542678757398
3,2026-04-30,12.0,78.0,0.46218207894183927,medium,0.05539629585392889,0.18973729804634343,35.46377009812303,47.413253923179305,13.650290793119622
3,2026-04-30,12.0,78.25,0.4677973492068508,medium,0.05940760453152332,0.21133122066331256,35.020383454224174,49.277601772212186,12.520197174171537
3,2026-04-30,12.0,78.5,0.7271008318418881,high,0.10650050029702876,0.30906555951419074,35.88553535789069,44.224510904445786,13.490013622706755
3,2026-04-30,12.0,78.75,0.7546601405895383,high,0.13248030917938086,0.43448950818018456,35.999340094486186,43.23989462163237,13.547860633447746
3,2026-04-30,12.0,79.0,0.773409185097873,high,0.14179893890265335,0.5334548280707125,36.44649054309394,42.617392091346105,13.946641662894711
3,2026-04-30,12.0,79.25,0.7828987298940342,high,0.2096983814696396,0.5714858360551276,36.34733340047513,42.76931706711282,13.968932570732711
3,2026-04-30,12.0,79.5,0.7782474613569832,high,0.2234939734896939,0.49610382693459565,36.37460891313371,43.8741248912109,14.961641598504292
3,2026-04-30,12.0,79.75,0.740802316367899,high,0.11828705417768257,0.31627981514693065,35.82813617379018,46.91619338694636,15.234521967528366
3,2026-04-30,12.0,80.0,0.44489803165550895,medium,0.029852753323805527,0.1395065934514368,34.849804575210825,47.823084463852375,15.968153264746858
3,2026-04-30,12.0,80.25,0.40657946903438025,medium,0.0035266938850419217,0.04134558179920315,35.11171605346634,50.16951304784299,15.949891696854257
3,2026-04-30,12.0,80.5,0.39470434610730115,low,0.00016246497302061798,0.00802447405713129,34.658736138458224,50.90136029006271,17.212252073835216
3,2026-04-30,12.25,76.0,0.439845708147791,medium,0.0460362733529643,0.07948030184240462,34.629763611945606,47.764396176253406,16.768084139916997
3,2026-04-30,12.25,76.25,0.4345701501475042,medium,0.05059231515787172,0.08926129210988781,34.86139572360728,51.87234341976333,16.682334909075596
3,2026-04-30,12.25,76.5,0.4238830734742778,medium,0.015763690950984167,0.06695350396815827,34.905051690061505,49.66863311402951,15.646897490576157
3,2026-04-30,12.25,76.75,0.41887266654337685,medium,0.005300282965976844,0.060471010104710204,34.36581380127788,50.49026908140744,15.442787060227426
3,2026-04-30,12.25,77.0,0.4343439976674805,medium,0.02259841663352992,0.10033853561509735,35.386355128626576,48.116221036864644,15.188253579407192
3,2026-04-30,12.25,77.25,0.4626809818432617,medium,0.05794971654642759,0.17883046057758673,35.40093182661901,48.498761746742154,14.223365982506321
3,2026-04-30,12.25,77.5,0.7215497513514466,high,0.12208111887668727,0.2610019629481579,35.26865614829153,45.298393495413116,14.601590840956236
3,2026-04-30,12.25,77.75,0.7414471506672837,high,0.1481681118006553,0.285621696451197,35.56485789597427,47.687226141090804,13.539049573655124
3,2026-04-30,12.25,78.0,0.6957913269778839,medium,0.07783565811092266,0.24359788452431805,35.79192853760922,46.83324497487422,12.798643181315073
3,2026-04-30,12.25,78.25,0.4526705797199083,medium,0.04583418181642546,0.2250537704396431,35.13559875904532,44.61450146443647,13.013124704112418
3,2026-04-30,12.25,78.5,0.7093920581412215,high,0.07185761058574971,0.2863418252246064,35.39259719758533,45.39971782724486,13.196879189549245
3,2026-04-30,12.25,78.75,0.7381013260812387,high,0.11066346586600143,0.3988602563374109,36.202583148560294,45.782471134298405,14.545944884071474
3,2026-04-30,12.25,79.0,0.7785759981911861,high,0.1791857295418435,0.5151296040858134,36.4481631426763,44.54194975266823,14.253546135958624
3,2026-04-30,12.25,79.25,0.7849035176117074,high,0.2300930274134391,0.5736390437144904,36.0619560094414,41.77378640226702,15.386585787233708
3,2026-04-30,12.25,79.5,0.7818671540763377,high,0.2053149992034709,0.5269567343393099,36.392954668706345,41.93316341188439,14.640666594304829
3,2026-04-30,12.25,79.75,0.7404058504626918,high,0.12779759789447578,0.38476199678888484,36.02120768855059,45.546242057275066,15.040214046179486
3,2026-04-30,12.25,80.0,0.4620782081129552,medium,0.04332104180136998,0.2086627212686191,35.27460101901417,47.7093960494709,16.453867305735397
3,2026-04-30,12.25,80.25,0.42089321842467575,medium,0.006900769335650043,0.07751637397093075,35.08025007280916,47.75653597221164,16.09191333640747
3,2026-04-30,12.25,80.5,0.39657778146221095,low,0.0004400645968356493,0.01842674189754532,34.465933212672276,50.56499926648117,16.0552894253223
3,2026-04-30,12.5,76.0,0.44396650577178637,medium,0.05115182868655381,0.08116653158874829,35.33759439899794,46.50233511250896,16.544465139521957
3,2026-04-30,12.5,76.25,0.4367293473581889,medium,0.05678027350940922,0.0870171219803274,34.657815544073564,48.46044483062653,16.31759854090855
3,2026-04-30,12.5,76.5,0.4218002417451898,medium,0.017668818546366993,0.05772655645592838,34.37528563636024,47.24430379928927,15.929923903645589
3,2026-04-30,12.5,76.75,0.4113948686379931,medium,0.003895950949722386,0.04381276049799317,34.61329707674071,50.01348168938397,15.504549142945207
3,2026-04-30,12.5,77.0,0.4258987455166934,medium,0.008099566379850712,0.0735771831410009,34.19174413292302,48.22602687364664,14.70809790506085
3,2026-04-30,12.5,77.25,0.44783745155688165,medium,0.031090565978096684,0.15120638383070376,34.644588098375586,48.43207615909417,14.577947806244797
3,2026-04-30,12.5,77.5,0.7059020129264109,high,0.09877288508587963,0.25581963419309,34.89654450514435,47.807721552533266,13.735087296050587
3,2026-04-30,12.5,77.75,0.7421921289907492,high,0.13777446928694123,0.31524502878965893,35.65513166428261,43.749797688833276,13.818232221156338
3,2026-04-30,12.5,78.0,0.7240664367209501,high,0.09881079430758911,0.30482076444951495,35.8429558389214,45.78001396276886,12.858708577261162
3,2026-04-30,12.5,78.25,0.7073689938315422,high,0.07239136427710727,0.3062066493215336,35.472441711123075,43.76388220007206,12.311674393041104
3,2026-04-30,12.5,78.5,0.7204550084898731,high,0.10198109054884921,0.3741459307190721,35.80740712715191,46.204459361950136,12.760771452496963
3,2026-04-30,12.5,78.75,0.7659534149606808,high,0.16273680709786406,0.48275431653424455,35.67780518951352,43.22199119371801,13.15523920054129
3,2026-04-30,12.5,79.0,0.7863751083949959,high,0.2512005675789489,0.5770791442484032,36.41770710091153,40.304836643753,13.696100015936485
3,2026-04-30,12.5,79.25,0.788913197083949,high,0.23909306863311156,0.6029981164234575,36.25891848020132,43.15459009003995,14.675254517063832
3,2026-04-30,12.5,79.5,0.7909229197122816,high,0.19076929639860413,0.5760221163009405,36.84528841212121,42.325216062926344,14.914420626552248
3,2026-04-30,12.5,79.75,0.7750819833359561,high,0.18808487341108127,0.5020300035821872,36.343396820785195,43.69318565618567,15.498995874930596
3,2026-04-30,12.5,80.0,0.739096063396107,high,0.11016531430043831,0.3380011573741729,35.3199540452406,45.98486704481858,16.38970311298727
3,2026-04-30,12.5,80.25,0.44310505924582166,medium,0.026330937797991154,0.14974684093368137,34.8783773319771,48.41497708336416,16.953900797786858
3,2026-04-30,12.5,80.5,0.40791006971969923,medium,0.0021577462447156365,0.04021935857040315,34.03844822872744,51.73327866895501,17.56412850516443
3,2026-04-30,12.75,76.0,0.4283954069622723,medium,0.01668108647565537,0.0472566369313627,34.73301021795544,50.092002776122,16.426084694596724
3,2026-04-30,12.75,76.25,0.41927560316299173,medium,0.018733468737334467,0.05232294821988749,35.022395941912194,48.956814855133324,16.378156734558825
3,2026-04-30,12.75,76.5,0.4078015360058515,medium,0.0077178705283019264,0.04220919317010483,34.52365131320338,51.02671730382428,15.78381103258858
3,2026-04-30,12.75,76.75,0.4129512065715448,medium,0.013573019102515254,0.04780248478145067,34.694518964821825,50.703717633273165,15.504177562838267
3,2026-04-30,12.75,77.0,0.4277704366893853,medium,0.027213767200738863,0.07879192652497319,34.38869967613895,49.50246664072332,14.692027469841587
3,2026-04-30,12.75,77.25,0.4441568932091573,medium,0.042933421744956866,0.13872738470508436,34.89561021321548,49.15348135296436,15.253420901870497
3,2026-04-30,12.75,77.5,0.6863343642407985,medium,0.09493887140507982,0.22761362187758,34.914835723217394,45.66099694380765,13.677498927334033
3,2026-04-30,12.75,77.75,0.7389157312786097,high,0.1345067251247144,0.3042054932891424,35.51152670755335,47.82388891662082,13.446590388350462
3,2026-04-30,12.75,78.0,0.7431715210802469,high,0.14279625182703806,0.34961710578884253,35.0939805090239,46.94023880164743,12.906035570817451
3,2026-04-30,12.75,78.25,0.7551681844220367,high,0.16805314697846793,0.40614406683790694,35.454858030623086,44.989066467147836,12.095188626339688
3,2026-04-30,12.75,78.5,0.7712235452405309,high,0.23107030886839663,0.4828852576666898,35.62739988611708,44.36168791795508,12.899045218922137
3,2026-04-30,12.75,78.75,0.7760275151559779,high,0.2503232314953807,0.543245369904501,36.20320387340836,45.82884271320391,13.042394158959093
3,2026-04-30,12.75,79.0,0.7914222789072121,high,0.2605950816739067,0.5696567892793997,35.3963459131922,40.22253405659814,13.370157508934119
3,2026-04-30,12.75,79.25,0.7803972596397319,high,0.21344867554837565,0.5693232966090942,36.571802069327646,42.32321679679426,14.701708695881496
3,2026-04-30,12.75,79.5,0.7908295867836759,high,0.22358143520172782,0.5960270636432484,36.70738488835343,42.0888646818755,15.467803967924093
3,2026-04-30,12.75,79.75,0.8213628814762789,high,0.33036267572981426,0.608219987956262,36.16755513072835,40.50189381185072,15.128763213629746
3,2026-04-30,12.75,80.0,0.7676194907147929,high,0.24253586169677807,0.4624542204678346,35.313583020739124,40.6031298141844,16.544392814824413
3,2026-04-30,12.75,80.25,0.46027195793930065,medium,0.06369392628021626,0.22059773908033864,35.542221272377674,48.8780504329143,16.277708146094785
3,2026-04-30,12.75,80.5,0.41722314757573864,medium,0.0053934962814009635,0.06185028132478492,34.582994185499956,48.30770933588147,15.832211745670898
3,2026-04-30,13.0,76.0,0.41201516965934265,medium,0.001558607601684618,0.015449681213841767,34.1292525414529,49.581507393070545,17.307142874253497
3,2026-04-30,13.0,76.25,0.398177747166876,low,0.0018968987973568175,0.019626036572978012,34.171081303750945,49.54981438886017,16.607149213875935
3,2026-04-30,13.0,76.5,0.4069566782726819,medium,0.004066272670852119,0.02658893842637658,34.224435504927854,52.48211163290754,16.188903566890065
3,2026-04-30,13.0,76.75,0.41420977497139877,medium,0.023188112435770247,0.04877706470011182,34.72267996340916,49.060377730789334,15.177038447894814
3,2026-04-30,13.0,77.0,0.427698301167994,medium,0.04440683522294527,0.07857408025171705,34.41185013931328,50.279776788653436,14.825685157023688
3,2026-04-30,13.0,77.25,0.43840172268857724,medium,0.042502669469071684,0.11237127885623362,34.527275268936776,47.26714270156548,14.028325826948643
3,2026-04-30,13.0,77.5,0.45638209770030047,medium,0.0625815197324568,0.16464171279156423,34.79482971262875,48.40214465790679,14.18287123628264
3,2026-04-30,13.0,77.75,0.6862032386082311,medium,0.09155331686450742,0.22953035785692183,34.94372582646766,45.89891580732184,13.873458085810464
3,2026-04-30,13.0,78.0,0.729771082968901,high,0.12569194185434962,0.29840192098184126,34.769472711883076,44.182358951157546,13.181202780283934
3,2026-04-30,13.0,78.25,0.7481403727598358,high,0.17720859964476124,0.3745702281570479,35.40769122609055,45.03055391234169,12.317113120985105
3,2026-04-30,13.0,78.5,0.7637286673621709,high,0.21890365304175377,0.42842492525570997,35.176394741589945,44.258257152188065,13.139023416604012
3,2026-04-30,13.0,78.75,0.7634986813081578,high,0.1753086601595253,0.42977262293435775,35.68889692238749,46.659920242754566,13.889380449577166
3,2026-04-30,13.0,79.0,0.7501180224254294,high,0.14827296932581327,0.40872748236490664,35.17189680567795,44.86173748726143,14.1010308731631
3,2026-04-30,13.0,79.25,0.755083049824046,high,0.14457331290764006,0.411003410953908,35.3655325960656,43.59141770810228,14.109424408315727
3,2026-04-30,13.0,79.5,0.7701703277963419,high,0.18367716312105684,0.4729414736725197,35.70141232086499,42.21376121613579,14.524554225333985
3,2026-04-30,13.0,79.75,0.7901534744902746,high,0.29189293792529125,0.5250899373185773,35.28471774068926,45.196139014063576,14.783335707912913
3,2026-04-30,13.0,80.0,0.758575963897771,high,0.2222008818402366,0.41788206266606553,35.2163359888805,43.198497133196106,16.142852087817012
3,2026-04-30,13.0,80.25,0.452880583690076,medium,0.058985650783450666,0.20411526145800118,34.62270536360322,48.24186100726869,16.52895092625064
3,2026-04-30,13.0,80.5,0.41236969507206833,medium,0.005003352634827836,0.05796539394625547,34.2856074744741,51.108295917270794,16.957039052658214
3,2026-04-30,13.25,76.0,0.40960166917352625,medium,4.172134723912306e-05,0.0029595448705862118,34.12223363954584,50.23172313138296,16.9712045039268
3,2026-04-30,13.25,76.25,0.3954402690331539,low,0.00011876505452434239,0.0055045581321304885,34.19107183577533,49.69740072583051,16.275666209345662
3,2026-04-30,13.25,76.5,0.3995755550585798,low,0.0017412943869209517,0.01397245378569648,34.41715732287144,48.178850314684006,16.256458735386808
3,2026-04-30,13.25,76.75,0.40651155906876224,medium,0.011302618118266378,0.03207981135004611,34.24844769889331,50.38510897480722,15.206676762627287
3,2026-04-30,13.25,77.0,0.4217511833030481,medium,0.020952667041876538,0.04958861074085279,34.26378974391772,53.037887143232815,14.266335494294264
3,2026-04-30,13.25,77.25,0.4197459415005173,medium,0.014917253599492565,0.06074043636387405,33.99994530595286,49.18671728289986,14.694562226362535
3,2026-04-30,13.25,77.5,0.42375114420185517,medium,0.014581243894024426,0.07963230016129541,34.31875513883858,51.16983734283134,14.427515560624459
3,2026-04-30,13.25,77.75,0.43791580229041605,medium,0.024760134708885197,0.11436539070002869,34.58964987848626,48.167972783276696,13.762363946173751
3,2026-04-30,13.25,78.0,0.4504451714994291,medium,0.0437331676194889,0.16119148514648685,34.513525411929,49.72634383835525,13.60299919287651
3,2026-04-30,13.25,78.25,0.45740007695294305,medium,0.06294961916376907,0.2085587130928307,34.848863233205186,47.52550562355636,13.264696293731735
3,2026-04-30,13.25,78.5,0.657867942772357,medium,0.06828682008080553,0.2288926210963943,35.298048921688114,49.898650147035085,12.943656404418759
3,2026-04-30,13.25,78.75,0.4620007634179718,medium,0.04605880959875608,0.2112336774174449,34.076647154456126,49.30067847448639,13.493261439686227
3,2026-04-30,13.25,79.0,0.45887527364182856,medium,0.035441617115090404,0.18977144125121173,34.4385461563031,47.84802209114628,13.936488243724138
3,2026-04-30,13.25,79.25,0.46225292293066517,medium,0.04274732953178254,0.19744340512261813,34.69893679068015,51.9484888108438,14.248514108927598
3,2026-04-30,13.25,79.5,0.6802277583001104,medium,0.058576346761325865,0.24292890232985295,35.45097999634222,46.52823075853186,14.733242934439934
3,2026-04-30,13.25,79.75,0.7025131966006758,high,0.09120056129707585,0.27923649558435437,34.477113672645075,44.02434271072455,15.789887904759562
3,2026-04-30,13.25,80.0,0.5772015783496226,medium,0.06892790535827092,0.22522878738489382,34.59430149955539,47.512608796147475,15.688225132313722
3,2026-04-30,13.25,80.25,0.42450439626691083,medium,0.01821677010718928,0.11069333891723233,34.515888185582405,47.909330516124264,16.437001970718356
3,2026-04-30,13.25,80.5,0.4038755194149563,medium,0.0015412725798121746,0.031532054782871154,34.38111343341981,50.76838809389406,16.751830743224822
3,2026-04-30,13.5,76.0,0.4067243646455921,medium,4.1227617637637637e-07,0.00038067625370321776,33.310490684031336,49.966629446122425,16.5124680926465
3,2026-04-30,13.5,76.25,0.39468773341871694,low,1.0134930013095614e-05,0.001323835461043671,33.67010393596832,50.52803006710057,15.673831773007757
3,2026-04-30,13.5,76.5,0.39535360531409997,low,0.00023269028090859686,0.00492375452991519,33.87242547077819,50.68040241232833,16.069940905486412
3,2026-04-30,13.5,76.75,0.39678565860915205,low,0.0015198237538713848,0.012030651330932228,33.52156905902999,50.41199652701961,15.467815091794387
3,2026-04-30,13.5,77.0,0.3995405344766807,low,0.0027715342431936553,0.01786881876587875,33.63805406733889,49.4126597696989,14.604931223070908
3,2026-04-30,13.5,77.25,0.39897048428301385,low,0.0016644019860403275,0.019498151995809454,34.54861419656252,50.63197299429012,15.117921538385943
3,2026-04-30,13.5,77.5,0.40266418056909503,medium,0.0011000313030954064,0.023189962378380308,33.93399728749363,51.247266627593596,14.18924875375472
3,2026-04-30,13.5,77.75,0.4082912423060366,medium,0.00232088531395032,0.034323574555355084,34.12684352670293,49.793872194857194,14.176001930021418
3,2026-04-30,13.5,78.0,0.419171041449235,medium,0.004989011486483162,0.05133607589004814,33.96134558787247,49.50622634872001,12.853223230728403
3,2026-04-30,13.5,78.25,0.42945556292735665,medium,0.006956861002002046,0.06699241112400915,34.2778317927589,50.40650394545323,12.406287591022995
3,2026-04-30,13.5,78.5,0.4276623408145813,medium,0.006718110969288013,0.07072145541482366,33.82347095350352,47.99417664342158,13.047501773879087
3,2026-04-30,13.5,78.75,0.42495382476616683,medium,0.004218543985813403,0.06140118729504811,34.12420318304964,49.13519351767802,13.052432803242523
3,2026-04-30,13.5,79.0,0.4207398242752297,medium,0.0030516207552363423,0.05343342202513622,34.90589344887228,51.146540624640814,14.019520454381293
3,2026-04-30,13.5,79.25,0.42158340748929535,medium,0.0041305259769814145,0.05778471147591641,33.889794785289475,49.81484341163444,14.194863454057314
3,2026-04-30,13.5,79.5,0.4239933183422753,medium,0.0058785727769842,0.07414305804437482,34.57092482721438,49.58468615276325,14.850279865747959
3,2026-04-30,13.5,79.75,0.42961895017642554,medium,0.008860983535404142,0.08623626259392433,33.77478937837851,53.57260468290793,15.278111553957352
3,2026-04-30,13.5,80.0,0.42259469441247277,medium,0.006578815945326953,0.06965518055939984,34.600512105199556,50.05599437629456,15.439925738473145
3,2026-04-30,13.5,80.25,0.4043768799532401,medium,0.0017242257311490788,0.03423048580049332,33.845017547839724,50.06199246084241,16.108120472119563
3,2026-04-30,13.5,80.5,0.39500593278838725,low,0.00014538295930808907,0.009747570702180137,34.037872456201846,49.639533275881305,16.892316338337604
4,2026-05-01,8.0,76.0,0.39678248539563726,low,6.021020179396716e-11,3.90475555877152e-06,37.31128633891366,50.6478850869447,16.331939184580058
4,2026-05-01,8.0,76.25,0.38216238035372263,low,3.6560321007306656e-10,9.084196014076374e-06,37.79312490690442,51.20381409538019,16.36607962398277
4,2026-05-01,8.0,76.5,0.3894128204838794,low,6.106494291284715e-10,1.1579072393373669e-05,37.376208313243076,52.35156795172167,15.411377514898788
4,2026-05-01,8.0,76.75,0.3907520403721181,low,3.0139220471640845e-10,1.026830588062319e-05,37.65656983989809,52.014794787477456,15.110245389908354
4,2026-05-01,8.0,77.0,0.3902647601905219,low,6.676753186639291e-09,3.662925539716782e-05,37.12477808445135,52.70659533534031,14.986855329526046
4,2026-05-01,8.0,77.25,0.38617718747589447,low,5.850833441904185e-07,0.0002728220386573579,37.052517062795566,51.079577139517035,14.855632728407976
4,2026-05-01,8.0,77.5,0.39438972889203494,low,1.4194250438802912e-05,0.001231744423117532,37.44863805418872,52.65688370281602,14.091365602553022
4,2026-05-01,8.0,77.75,0.389104971848703,low,9.47607807588171e-05,0.0030963195130352247,37.334485177623485,49.81614271263267,13.239074071149552
4,2026-05-01,8.0,78.0,0.3959081149424061,low,0.00017425923931963986,0.004331901448977191,37.48768574701087,52.403116029043815,13.089308026199586
4,2026-05-01,8.0,78.25,0.3933157593205381,low,8.864051088785695e-05,0.003403204173236524,37.60769971829868,50.99530230330107,12.910272918901134
4,2026-05-01,8.0,78.5,0.3912330402305908,low,1.2670085292051237e-05,0.0015247746468944581,37.54440653877167,49.39963275087489,13.214675058353084
4,2026-05-01,8.0,78.75,0.3931471418983619,low,5.383436828025379e-07,0.0003974293023848401,37.35284298101649,51.238282547789076,13.434974154680047
4,2026-05-01,8.0,79.0,0.38987961968391804,low,7.943134575482881e-09,6.137058753862033e-05,37.19219653207114,49.53454533935892,14.633228659557489
4,2026-05-01,8.0,79.25,0.3893381467503405,low,4.970062952129935e-11,5.658866775580506e-06,37.157315434515795,50.39403713965712,13.743604893827653
4,2026-05-01,8.0,79.5,0.3885457018137183,low,1.2611828478438328e-13,3.093611699537621e-07,37.51815485202844,50.37623936299323,14.776207332469872
4,2026-05-01,8.0,79.75,0.38891884845118196,low,1.0501751859679612e-16,9.847078720139053e-09,37.93322062723918,53.18547222377767,15.436821310851071
4,2026-05-01,8.0,80.0,0.3865021800790303,low,2.5404019233677586e-20,1.7879694445989274e-10,37.45044165201418,50.51420694061118,16.418514837458765
4,2026-05-01,8.0,80.25,0.38339095161413467,low,1.716155675173676e-24,1.8222906019216575e-12,37.1182539151395,49.98265825537056,16.986741478210174
4,2026-05-01,8.0,80.5,0.3833909516138151,low,3.204384047216922e-29,1.0479860666149652e-14,37.40324986134224,49.814821077742145,16.573837263870786
4,2026-05-01,8.25,76.0,0.3967949535876699,low,2.7211784278901767e-08,7.456478290831741e-05,37.51207865061322,51.17729697975645,16.738015637737263
4,2026-05-01,8.25,76.25,0.3870246342892261,low,1.6462599872075336e-07,0.00017290412616946383,37.34405776445002,51.57791247859331,16.772173545340024
4,2026-05-01,8.25,76.5,0.38944939382738963,low,2.7406969642125926e-07,0.00021869609102363638,36.9395922928168,52.36202406020252,15.968575650029468
4,2026-05-01,8.25,76.75,0.38836271889092583,low,1.2600692854314934e-07,0.00016518759548994632,37.293166603836056,51.40012772354783,15.311249228775024
4,2026-05-01,8.25,77.0,0.3865459554991253,low,1.3763838563215636e-07,0.0002480520122138366,37.442857748112324,51.76982468918498,15.45362463273476
4,2026-05-01,8.25,77.25,0.3888015817666037,low,1.0317115060185676e-05,0.0014427696829131748,37.52785134432511,48.381506122069204,14.773153746378167
4,2026-05-01,8.25,77.5,0.3904825266183599,low,0.0002488448526995088,0.00629755216793061,36.74535843372671,51.274722165764196,13.801521802295676
4,2026-05-01,8.25,77.75,0.3915893105573298,low,0.0016680691255592458,0.01594370144068525,37.21562100970005,50.01217634521405,13.301894868748294
4,2026-05-01,8.25,78.0,0.3954609558056491,low,0.003114318051768392,0.023055540899188702,37.492376982479136,50.60441037780488,13.301909210606345
4,2026-05-01,8.25,78.25,0.39061009274340613,low,0.0016572045303697982,0.01914887491612042,37.88002002807648,45.899892136893136,12.42554325387296
4,2026-05-01,8.25,78.5,0.39679050884867995,low,0.00027112263549493646,0.00925802752360282,37.64178366065004,51.54589984256525,13.148393217076821
4,2026-05-01,8.25,78.75,0.39463868440109595,low,1.6222316612745897e-05,0.002641463352195356,36.9878525493231,49.959007931055446,14.017919488391522
4,2026-05-01,8.25,79.0,0.39315594313971924,low,4.1179960697371887e-07,0.00044742238836139827,37.561798015662326,51.693084601224385,13.702257109578944
4,2026-05-01,8.25,79.25,0.38987668298843203,low,3.984072282328005e-09,4.472576463668124e-05,37.167457075247185,49.45195987306929,14.738019928812244
4,2026-05-01,8.25,79.5,0.3913359718292877,low,1.2162190689763795e-11,2.598904637738148e-06,37.254751857390005,52.829162074431636,15.649297045819818
4,2026-05-01,8.25,79.75,0.38854566245697264,low,1.0668955924275825e-14,8.625045769033402e-08,37.19668222329603,49.80768346856604,14.653567073497804
4,2026-05-01,8.25,80.0,0.38891884699858015,low,2.6093923346815177e-18,1.6123746622783091e-09,37.376080422944376,51.85400236976973,15.362070505090923
4,2026-05-01,8.25,80.25,0.38580761828350785,low,1.7650967936337212e-22,1.7165129829740866e-11,37.76406360416278,52.54169149023687,16.038258286997472
4,2026-05-01,8.25,80.5,0.38339095161384,low,5.160133931769554e-27,1.5200532834045236e-13,37.01516603170053,51.094412283491565,16.480845492335174
4,2026-05-01,8.5,76.0,0.39692324583706795,low,3.4702552660731097e-06,0.000799139859844258,37.3696052926531,51.59823204375654,17.24280463515206
4,2026-05-01,8.5,76.25,0.3849059557898992,low,2.085814983193498e-05,0.0018459202539270656,37.1532528498996,51.343013949990414,16.724093618269734
4,2026-05-01,8.5,76.5,0.3849920391054124,low,3.4523981155582705e-05,0.0023231834698664838,37.36075560799572,51.225825073561104,16.064167356117956
4,2026-05-01,8.5,76.75,0.3862143314864438,low,1.574787592925096e-05,0.001673770765223937,37.36936493317597,50.394805914480585,14.933970419221545
4,2026-05-01,8.5,77.0,0.38568687928940765,low,3.3640337751877916e-06,0.0014821343718130762,37.10064625114594,50.547235384937785,15.015418648322045
4,2026-05-01,8.5,77.25,0.3871541406585665,low,7.016369016320051e-05,0.005756436481780713,37.33017788545509,50.95143642671779,14.664903275734964
4,2026-05-01,8.5,77.5,0.3951733291205741,low,0.0014908163528065239,0.02270061261348087,37.529077918660406,49.41484146378137,14.524078946684897
4,2026-05-01,8.5,77.75,0.4074661282265225,medium,0.010035720294938058,0.05608081835718095,36.966278738183156,49.93624805944073,13.710989475278334
4,2026-05-01,8.5,78.0,0.4202993476004134,medium,0.02011998565871631,0.08268210520845043,37.72255735091171,48.05955281687415,13.775242488290493
4,2026-05-01,8.5,78.25,0.41996790908708526,medium,0.01281977162866873,0.07196557582823854,37.41645620327529,48.93050101966351,12.47268805910559
4,2026-05-01,8.5,78.5,0.3989892881091505,low,0.0030178236556323706,0.037026577806523596,37.65373684125799,49.15014881793324,13.19722513606033
4,2026-05-01,8.5,78.75,0.39715063284245183,low,0.0002885302950481033,0.011285869315880808,36.577099526284954,51.98079672150788,12.955324179666436
4,2026-05-01,8.5,79.0,0.3896965664259419,low,1.0074180336066442e-05,0.0020296010498554707,37.12209718883122,50.9006815399097,13.803301270262365
4,2026-05-01,8.5,79.25,0.3923230375217554,low,1.1006508720271117e-07,0.00021294097908094387,36.99220273521614,50.06043241555789,14.373150882284175
4,2026-05-01,8.5,79.5,0.3885479141524672,low,3.4699261181169553e-10,1.285069151683773e-05,36.94203296618541,51.278160063769185,14.699550514495979
4,2026-05-01,8.5,79.75,0.3926750423940403,low,3.064932990039828e-13,4.4139942876276636e-07,36.58690306902481,52.067133848795,15.026243199080858
4,2026-05-01,8.5,80.0,0.3865021816009544,low,7.527805609862048e-17,8.80648451387536e-09,37.057180559978164,50.329105809140756,15.89137447459533
4,2026-05-01,8.5,80.25,0.38339095164092335,low,9.298491801663673e-21,1.5368548977463204e-10,37.05034114814198,51.12884727854519,15.969374242915418
4,2026-05-01,8.5,80.5,0.3833909516154125,low,8.431347424309302e-23,9.06618709919258e-12,36.80838361178894,49.1060912652595,16.660951432165795
4,2026-05-01,8.75,76.0,0.40289686895815424,medium,0.00012802245183269898,0.004882184505711951,36.719617242969115,49.32459098840025,17.317070974315723
4,2026-05-01,8.75,76.25,0.3918995943645646,low,0.0007610750409053901,0.011227628884604551,37.2092509072141,50.15505385084068,16.69657832252318
4,2026-05-01,8.75,76.5,0.39246695964793477,low,0.0012471928520480188,0.014062035657539771,36.95516652076669,50.83886343980116,16.41058815517459
4,2026-05-01,8.75,76.75,0.3916446596785348,low,0.0005636823590878467,0.009937515163913224,37.276185410185235,49.68119430122895,15.787227364107705
4,2026-05-01,8.75,77.0,0.39631808277191066,low,9.655338502172449e-05,0.00687109898874516,37.58296809326853,51.988318528646666,15.708989540828599
4,2026-05-01,8.75,77.25,0.397904652350428,low,0.0005526157359829996,0.018451248180027295,37.01245245741773,48.16211801732545,14.151778439591155
4,2026-05-01,8.75,77.5,0.4209609278699167,medium,0.005775230142014577,0.06211997556196729,37.1164395379344,49.98345473231641,14.214262936984008
4,2026-05-01,8.75,77.75,0.43872973220233,medium,0.032496554534243674,0.14177461977982314,36.91068683536969,49.18307787473468,14.223529620186467
4,2026-05-01,8.75,78.0,0.4624862902614313,medium,0.07227382761953562,0.20409564024172647,36.994859502900454,48.18861783837386,13.232293828918426
4,2026-05-01,8.75,78.25,0.45786000210903827,medium,0.05901667402588246,0.17958206763678033,37.40942361028294,46.757773777935896,12.86783396255269
4,2026-05-01,8.75,78.5,0.4275044100926252,medium,0.01851930751802285,0.09510163679235475,37.01538583720362,47.670104179151025,13.463358006451127
4,2026-05-01,8.75,78.75,0.4074211566050319,medium,0.0021317938930282975,0.030059128917201042,37.2154459979713,49.98438414743636,13.479129933028707
4,2026-05-01,8.75,79.0,0.40203430842555093,medium,7.991763169073954e-05,0.005620598006218811,37.25058226918038,52.641824603311754,14.553436416364292
4,2026-05-01,8.75,79.25,0.3945095863893164,low,8.93605380392095e-07,0.000615502594824326,36.894420005949456,50.72401562214371,15.275589714939741
4,2026-05-01,8.75,79.5,0.4010386902694299,medium,2.8684536157302243e-09,3.929432177223625e-05,37.05558633924973,52.15670279566338,14.354023369535042
4,2026-05-01,8.75,79.75,0.3930780097998106,low,2.6434353585578826e-12,1.5163862125862975e-06,36.71131019995355,49.40231344972315,15.129860196303142
4,2026-05-01,8.75,80.0,0.3979110850085217,low,1.5804790641375531e-15,5.3096778606983914e-08,37.05011194082653,52.26917703459367,15.294747480772756
4,2026-05-01,8.75,80.25,0.3862103969936377,low,4.950405943009352e-17,5.302607684724486e-09,36.48481146449108,47.792552201283954,16.416719286289183
4,2026-05-01,8.75,80.5,0.3934603961846025,low,1.0507530452529442e-18,7.162404798073094e-10,37.05235125019009,52.89883355676602,16.99856951609189
4,2026-05-01,9.0,76.0,0.42474739378739124,medium,0.0014428364805855907,0.0173409812269025,37.123935589908235,50.52120071704957,15.893977821196517
4,2026-05-01,9.0,76.25,0.4264023103415566,medium,0.008434541562456868,0.03969749581690836,36.29142652729607,52.04816255346829,16.018474615241765
4,2026-05-01,9.0,76.5,0.4273616426448362,medium,0.013604581286520563,0.04947418401300745,36.65994767014015,51.66861574016143,15.854242878545485
4,2026-05-01,9.0,76.75,0.42346172466739523,medium,0.006057362950472464,0.03451280425496124,37.0388095020716,51.96444497724814,15.347604468837433
4,2026-05-01,9.0,77.0,0.4187706399658904,medium,0.0009772245656971506,0.020897671753609067,36.93960098132513,52.10895698516236,14.79869574033062
4,2026-05-01,9.0,77.25,0.4225929091549956,medium,0.004001655848140778,0.043703995256057414,36.988010674013005,51.06253989778746,15.03541177169886
4,2026-05-01,9.0,77.5,0.4552795657080751,medium,0.024025560459864908,0.12816395466734218,36.82538142079826,48.101102639325084,14.027286104314971
4,2026-05-01,9.0,77.75,0.70090726697949,high,0.07898163401921526,0.26318832559067196,37.94835457810361,47.09244024976428,13.905739676507238
4,2026-05-01,9.0,78.0,0.7436205954733089,high,0.15122898087615907,0.35393025723633764,37.963872687949845,44.45131084589486,13.659187679110172
4,2026-05-01,9.0,78.25,0.7343776250013292,high,0.12760292435103446,0.30187664296716765,37.75803323958711,44.69713595840426,12.535735582345122
4,2026-05-01,9.0,78.5,0.4643547683238811,medium,0.042368849233058004,0.15981638918146174,37.46847526354933,48.33374069443806,13.058537210169042
4,2026-05-01,9.0,78.75,0.42833960688188855,medium,0.00511053330999032,0.05192041735832411,37.10779751394914,50.74889725397086,13.650274534097976
4,2026-05-01,9.0,79.0,0.41437511526192883,medium,0.00020445847012261594,0.010286829029979848,36.99065636697458,49.832015318121734,14.289065460393692
4,2026-05-01,9.0,79.25,0.41354419764967176,medium,2.6008998859758364e-06,0.0012480454132864844,36.766855783254364,49.686014335584204,14.027640897846046
4,2026-05-01,9.0,79.5,0.4107518941499989,medium,1.109857684159197e-08,9.778388287542664e-05,36.71085895525032,50.77204247882507,14.998831864250464
4,2026-05-01,9.0,79.75,0.4080732634159975,medium,3.8619099688563283e-11,6.896797789086889e-06,36.28025254830514,47.818197236957715,15.601381402872693
4,2026-05-01,9.0,80.0,0.40879236498521276,medium,2.5147493684572873e-12,1.0239778656920097e-06,37.02975725188345,51.63194425283431,16.17355383427381
4,2026-05-01,9.0,80.25,0.4049608571867319,medium,1.6518160080969544e-13,2.199822645801131e-07,37.25282792696091,51.58166066569055,16.35877746351176
4,2026-05-01,9.0,80.5,0.4097941575009534,medium,3.6215836497696164e-15,3.2799217631957565e-08,36.413424118847594,52.26271162509173,16.06267086386217
4,2026-05-01,9.25,76.0,0.43281560728656215,medium,0.00556547413939915,0.036522501215450365,36.837323737012234,49.36655067608406,16.99243157095329
4,2026-05-01,9.25,76.25,0.44310665505148744,medium,0.03189198561475945,0.08326317588804877,36.84234199499884,50.87685594548631,16.125148764973552
4,2026-05-01,9.25,76.5,0.44860082067227425,medium,0.050422922261031816,0.10332143541205407,36.71925652048656,49.78390816881204,15.865698797145404
4,2026-05-01,9.25,76.75,0.4396438116766834,medium,0.022004685504385606,0.07140113745547408,36.68378410292908,50.619923091846005,15.33640098552395
4,2026-05-01,9.25,77.0,0.42105113522734783,medium,0.003251157092147213,0.03963224864480014,36.235430779340454,50.295385014056045,14.87983430943741
4,2026-05-01,9.25,77.25,0.44112687784892035,medium,0.010233355416023767,0.07007281210566682,37.01704489763678,52.531030010213414,14.34099602737027
4,2026-05-01,9.25,77.5,0.47109862625895993,medium,0.05580835265170911,0.19094961840237543,37.119545658430425,48.53923053331731,14.93892449536983
4,2026-05-01,9.25,77.75,0.7419380719098947,high,0.13711303084739407,0.3651043563481009,37.84676920859795,45.77373800687983,13.60645402121085
4,2026-05-01,9.25,78.0,0.769174569755985,high,0.1885601563175805,0.4585187266435017,38.384442010055906,43.57311365337254,13.251427662737182
4,2026-05-01,9.25,78.25,0.7378145017672961,high,0.13091314321144892,0.3739992974879915,37.85727424795803,45.26182551538704,12.616705415737178
4,2026-05-01,9.25,78.5,0.47936473557570053,medium,0.0440624429141004,0.19796832847463358,36.88790330254903,47.88565462020421,13.142837760176121
4,2026-05-01,9.25,78.75,0.4387636404979746,medium,0.006865733962038773,0.06853471897800825,37.14357142414404,50.58421777710799,13.708751561127086
4,2026-05-01,9.25,79.0,0.4137492277771971,medium,0.00042903261340329775,0.015775218648538664,36.650997004856606,50.817781266755766,13.741349606854445
4,2026-05-01,9.25,79.25,0.4105664937465089,medium,1.0718218684182099e-05,0.002548153010116398,36.658929336930875,49.53106845831764,14.819563207175683
4,2026-05-01,9.25,79.5,0.41321362363897524,medium,1.8268541766680573e-07,0.00035310724100233996,36.40015241490042,51.37518514736101,15.05077212257275
4,2026-05-01,9.25,79.75,0.4155804298018499,medium,1.349508552214684e-08,7.058425907510563e-05,36.62926778180322,52.40727279782283,15.216300333388077
4,2026-05-01,9.25,80.0,0.41183194694414904,medium,2.1323246440844503e-09,2.1440000638380548e-05,36.48113448623819,48.54845012254681,15.18606824304905
4,2026-05-01,9.25,80.25,0.4097950950933773,medium,1.540523923297583e-10,5.34782797506947e-06,36.38450101268167,51.44511420250704,16.56850766152909
4,2026-05-01,9.25,80.5,0.40496096359972206,medium,3.4413357649430936e-12,8.232279336884124e-07,36.4329851500498,49.83737669210411,16.394579365322933
4,2026-05-01,9.5,76.0,0.43914880665392736,medium,0.008519195294162157,0.046252607951143505,36.90665206407952,49.19246903236892,16.52384817027459
4,2026-05-01,9.5,76.25,0.4464491157476441,medium,0.04819860556863706,0.1049587213126138,37.08346909616066,48.135635546751345,16.317341223896072
4,2026-05-01,9.5,76.5,0.4581315962873749,medium,0.0751385492342501,0.12994867680810926,36.651679417422805,49.06354111128129,16.148149242504203
4,2026-05-01,9.5,76.75,0.4430769694080293,medium,0.0322871064200504,0.0903251204963184,36.517905155541776,50.698227655879656,15.191614651198137
4,2026-05-01,9.5,77.0,0.42692972480526226,medium,0.004311866459508297,0.050956572456711514,36.64735848685955,49.82868630720179,14.932651359211913
4,2026-05-01,9.5,77.25,0.4372241393358308,medium,0.008389223133185247,0.08278881982017114,36.39172782347883,48.88340986110702,15.24183965005995
4,2026-05-01,9.5,77.5,0.4732561414851286,medium,0.052426253914369475,0.2107897086578069,36.83878969143528,47.518155470019906,13.558676982637326
4,2026-05-01,9.5,77.75,0.749648830999224,high,0.1504110268284645,0.38874660619850016,37.79902468073521,45.043123836836564,13.170295708534184
4,2026-05-01,9.5,78.0,0.7725624057501056,high,0.20196069727738333,0.473200049969539,38.41722646982334,41.478641908587406,13.143500919512412
4,2026-05-01,9.5,78.25,0.7449769332637775,high,0.13253227497145312,0.37986212428438343,37.72745107361763,46.226737229589396,13.15364996846057
4,2026-05-01,9.5,78.5,0.47244209820790894,medium,0.05647144960856841,0.20883462106323278,37.07744401045614,46.38301506414759,13.164956104336463
4,2026-05-01,9.5,78.75,0.4436189762618645,medium,0.013626312435310515,0.08353500446212425,36.76475145163142,48.69780565101827,14.200902527899567
4,2026-05-01,9.5,79.0,0.4208308071207463,medium,0.0015754274094115306,0.025947365574588464,36.58828515487529,52.44982231808232,14.637665569539346
4,2026-05-01,9.5,79.25,0.4132111949891899,medium,0.00011781525380100064,0.006789276970467462,36.35707519801667,47.74454543720705,14.24583291945845
4,2026-05-01,9.5,79.5,0.41440098686625565,medium,1.0309515200605699e-05,0.0018635868958609414,36.5704375894744,49.655306382246955,14.15448007680763
4,2026-05-01,9.5,79.75,0.4116062265677998,medium,2.5827020455226515e-06,0.0007034341583008676,36.45621971013618,51.03722406928301,14.921917473485273
4,2026-05-01,9.5,80.0,0.41019018879455593,medium,5.211967604239881e-07,0.0002708893833762542,36.621293906584995,50.03066440012666,15.96312315637335
4,2026-05-01,9.5,80.25,0.4070437704178045,medium,3.98638091172066e-08,7.177810034306687e-05,36.50251182959113,49.48561466803754,15.940498501370975
4,2026-05-01,9.5,80.5,0.4100408288301316,medium,9.00481988970334e-10,1.1276569042972138e-05,36.78205283288668,54.49308116486054,16.216827613704258
4,2026-05-01,9.75,76.0,0.42902025992045234,medium,0.00526969073714184,0.036479934866698045,36.60108805192154,50.30658112840877,17.0110751797282
4,2026-05-01,9.75,76.25,0.43855560061518295,medium,0.02970359735008345,0.08042360253099937,36.63400558557056,50.16985105802593,15.984527552668233
4,2026-05-01,9.75,76.5,0.4482486768349163,medium,0.046195513467796906,0.09965702113853656,36.49615986592656,52.52487324190545,15.594919524849143
4,2026-05-01,9.75,76.75,0.43641305660840557,medium,0.019910039522713797,0.07597259974242829,37.000913348817726,50.84808919176343,16.017941164103288
4,2026-05-01,9.75,77.0,0.4318240421275098,medium,0.004029544043947493,0.06522403584887496,36.97715476319322,50.422638411288084,15.515039601264808
4,2026-05-01,9.75,77.25,0.4462531556459347,medium,0.009057951359463513,0.11562161317483238,36.969397130786334,50.42886071544599,14.38707908248392
4,2026-05-01,9.75,77.5,0.4549182315443092,medium,0.034347285652957395,0.22374914334553894,37.17688434930849,45.59115976057846,13.88789028016607
4,2026-05-01,9.75,77.75,0.7332054444354987,high,0.10765872549163183,0.34839143519778926,36.97018061485703,45.76137858473635,13.625044279050796
4,2026-05-01,9.75,78.0,0.7471105266809868,high,0.16200261782015565,0.3965874239067715,37.5391395620079,45.488503666484675,12.792925087404281
4,2026-05-01,9.75,78.25,0.736923040016685,high,0.11017748520634121,0.3166847725677741,38.08477715286861,46.88725673440444,12.728058732665248
4,2026-05-01,9.75,78.5,0.4698527650527793,medium,0.052961674866421456,0.18949800554713275,36.66937666099532,47.557880642255206,12.744888002919492
4,2026-05-01,9.75,78.75,0.45083389383031436,medium,0.02269617883674834,0.0976209584469272,36.325603501719534,48.41966256530201,13.116809228464867
4,2026-05-01,9.75,79.0,0.4252689006978368,medium,0.007505241355131583,0.045561341582468703,36.50746139950416,48.46349453521577,13.456758491028033
4,2026-05-01,9.75,79.25,0.4179385613682165,medium,0.0013495735901528968,0.018941826892749956,35.70301477966546,51.51100572959105,14.05830346266067
4,2026-05-01,9.75,79.5,0.4107072750582711,medium,0.00036235799669410296,0.008494983977993314,36.41057722343121,52.14501296289944,15.512974392860272
4,2026-05-01,9.75,79.75,0.4095916755911607,medium,0.0001538883763704035,0.0044501647831705375,36.34980336284769,50.637123187572726,14.627731597473042
4,2026-05-01,9.75,80.0,0.4119188994921995,medium,3.599527641995933e-05,0.0019201066553840179,36.12490122495091,52.023108762550066,15.781401194598821
4,2026-05-01,9.75,80.25,0.402630654370846,medium,2.851535326088809e-06,0.0005279947839105316,36.69897181503016,49.44700173087189,16.178380905724314
4,2026-05-01,9.75,80.5,0.40738531465358246,medium,6.48396046167584e-08,8.419198022680315e-05,36.07465677852425,48.46639245418512,16.394370790994312
4,2026-05-01,10.0,76.0,0.42187901909646175,medium,0.0019153751553894359,0.026032092740698745,36.27016081390432,50.307063499804514,17.281496082102528
4,2026-05-01,10.0,76.25,0.41972856980088735,medium,0.0068161413584554836,0.043706744122742454,35.98582923572673,50.135376654464494,16.376331236767978
4,2026-05-01,10.0,76.5,0.42841128687742913,medium,0.010060779132386503,0.0520497223376077,36.192747293285066,52.5533778992634,15.996849601020608
4,2026-05-01,10.0,76.75,0.42847670927515846,medium,0.005694598850899424,0.05977665385645313,36.52684759135834,50.97389038868814,15.675412088823226
4,2026-05-01,10.0,77.0,0.4381407018794181,medium,0.01601295105141562,0.11333617209441758,35.97611189846457,47.17851724917659,15.41300486354047
4,2026-05-01,10.0,77.25,0.45178421200257995,medium,0.06027431713685212,0.22144093468412382,37.25451300365631,45.9319769282533,14.94290162006875
4,2026-05-01,10.0,77.5,0.7250680411267051,high,0.0930810627221989,0.31041023778428484,36.8060233774331,46.080766264678715,14.074740487990807
4,2026-05-01,10.0,77.75,0.7264532185947479,high,0.08672878549029889,0.327304615890173,37.25204400393913,45.571635474822834,14.16198724086002
4,2026-05-01,10.0,78.0,0.7170572526679694,high,0.08596633378844869,0.28513425028549794,37.41885239980616,44.234974828637995,13.199439958686627
4,2026-05-01,10.0,78.25,0.47415144207056065,medium,0.054165506047181164,0.2091168452579977,37.00423232741645,47.97527224180666,12.821202281930995
4,2026-05-01,10.0,78.5,0.46154333952285337,medium,0.03501882943260739,0.14349435796047746,36.18034436493226,48.53642328228203,12.637088705887823
4,2026-05-01,10.0,78.75,0.4449941907878866,medium,0.04194218355874523,0.10555989330806653,37.13667686503886,49.78425577785282,13.624908176546855
4,2026-05-01,10.0,79.0,0.43402987067518284,medium,0.023695667942541278,0.07157608796394108,36.81001782909343,49.225164934607726,13.722361469771085
4,2026-05-01,10.0,79.25,0.4183040171249469,medium,0.007615884851305393,0.04187019486258209,36.74229912511285,51.55343888981635,14.606132859979631
4,2026-05-01,10.0,79.5,0.41575549362100517,medium,0.004698193131422263,0.026113014945941534,35.978508073603834,51.51767699612067,15.04068970315526
4,2026-05-01,10.0,79.75,0.40758855502004837,medium,0.0026955580548897575,0.016381785378473308,36.076871631531745,50.47143798547321,16.41139521328703
4,2026-05-01,10.0,80.0,0.40575072111744614,medium,0.0006951750654006852,0.007534955331653473,35.96874638555184,49.07205709148751,15.591219751765285
4,2026-05-01,10.0,80.25,0.4015964401051738,medium,5.6259225064922636e-05,0.0021239641574784564,36.30576824399614,50.28136148434706,15.72731571822018
4,2026-05-01,10.0,80.5,0.4074310319855053,medium,1.2842360842191577e-06,0.00034240243130822,36.373540297016696,52.91058221867832,16.72348644019553
4,2026-05-01,10.25,76.0,0.4280321188263132,medium,0.010637152627356825,0.04036086091286446,35.99147962334241,49.33271558967562,16.48696495763684
4,2026-05-01,10.25,76.25,0.41494898118500856,medium,0.006282744067689237,0.03880040431386811,36.48329115306696,50.40335923048163,16.728381534972765
4,2026-05-01,10.25,76.5,0.41369558010160057,medium,0.0018963267523204547,0.0351414267430185,36.38033015133241,49.805144572011145,15.31498853757876
4,2026-05-01,10.25,76.75,0.42930183323145277,medium,0.005522253417319835,0.06474153010848349,36.22411460348638,48.960169959296294,15.121220681317402
4,2026-05-01,10.25,77.0,0.456878047557589,medium,0.04403251221400339,0.1704825244857638,36.36531557498707,49.68775952824434,15.614306170196343
4,2026-05-01,10.25,77.25,0.7530705349620406,high,0.15599075868103224,0.32880335152246315,36.2234092923207,46.669974540865695,14.925826119553516
4,2026-05-01,10.25,77.5,0.7654889331543449,high,0.2160658001878293,0.4029232892541725,37.09939915157606,45.71058172988778,14.145162914908658
4,2026-05-01,10.25,77.75,0.7414994023460861,high,0.12187480738440697,0.32381059848936544,37.24348810182848,43.17398059815852,13.349570875026672
4,2026-05-01,10.25,78.0,0.4657393493668602,medium,0.03943742418002853,0.195042494790619,35.695546316767405,47.07623840185617,13.545370138838818
4,2026-05-01,10.25,78.25,0.44711598806883557,medium,0.015615984515169594,0.11475323015581827,36.19929601725244,51.25108535602227,13.39987672783791
4,2026-05-01,10.25,78.5,0.445770649251916,medium,0.02148026821022001,0.09727296506694844,35.93130386700578,49.333403136333864,12.636393673620352
4,2026-05-01,10.25,78.75,0.44937546926547667,medium,0.040962260775353976,0.10784453794913963,36.26292449566662,48.98465230499155,13.655301442982237
4,2026-05-01,10.25,79.0,0.43665130305617456,medium,0.02897768889209237,0.09976963578612416,36.32993541284611,47.41185976987024,14.809328489192344
4,2026-05-01,10.25,79.25,0.4378227998521236,medium,0.018553024506301648,0.07420572232240252,36.2643082293545,48.69446449120092,14.446286439739463
4,2026-05-01,10.25,79.5,0.42699193014406617,medium,0.019232253796140197,0.05328597336721804,35.552720630098065,50.56699565643048,14.97920588261604
4,2026-05-01,10.25,79.75,0.4172172903669983,medium,0.013576041865992308,0.035017652483902845,36.01045918036624,50.43589390494596,15.605960882470184
4,2026-05-01,10.25,80.0,0.41257167195070066,medium,0.0037298507026458667,0.016418240233008228,36.04101131323906,53.08410648415235,15.39124922483371
4,2026-05-01,10.25,80.25,0.4020820245020445,medium,0.00030573149875231354,0.004680696242158942,36.26301339054606,51.04657683251054,15.543106954368563
4,2026-05-01,10.25,80.5,0.40267201470844793,medium,6.994940200212829e-06,0.0007592082855342737,36.32139013386645,50.78364257168215,16.56030995556531
4,2026-05-01,10.5,76.0,0.4380252096329907,medium,0.038842677101342246,0.07085711513512767,35.923055903533125,47.6070236902936,17.449778341638613
4,2026-05-01,10.5,76.25,0.4344470652020568,medium,0.021797068750799106,0.06334485792065156,36.44519916210254,53.11376176363231,16.790295945988667
4,2026-05-01,10.5,76.5,0.4197261562046576,medium,0.005340461963014281,0.051700256121928176,35.96920759119143,48.73294655527226,16.224386360864774
4,2026-05-01,10.5,76.75,0.4307008589107182,medium,0.011152987224535147,0.07787091654613315,36.273016347644955,51.41554891073425,15.356651311313795
4,2026-05-01,10.5,77.0,0.4530417896389819,medium,0.045118688691102346,0.16972334674354259,36.394290450697845,46.720017480414505,15.202590418342496
4,2026-05-01,10.5,77.25,0.7408638782898211,high,0.12400783250943724,0.2972809591006896,36.57588921058302,48.42555092955279,14.530489837222255
4,2026-05-01,10.5,77.5,0.7504673258526874,high,0.15846780614061726,0.34021454206271745,36.9887430785631,44.49719567640087,14.464290836686596
4,2026-05-01,10.5,77.75,0.6958630047123807,medium,0.08259154457254533,0.2446477712587441,36.650329742213195,45.540512389813216,13.417567708471829
4,2026-05-01,10.5,78.0,0.44474926358926004,medium,0.017109672389101965,0.11849290049707648,36.12122975062092,46.070380152677785,14.440550487062277
4,2026-05-01,10.5,78.25,0.4372567583356182,medium,0.0029443858237254935,0.06304573364721724,36.125807052171396,51.78456915400104,13.008831788804896
4,2026-05-01,10.5,78.5,0.43456851821117326,medium,0.009290634880993786,0.09023746555759637,35.82724005522388,51.204968915264274,13.19847066143872
4,2026-05-01,10.5,78.75,0.45900478506791487,medium,0.027870914087159738,0.15804215315675413,36.3409411510585,49.884684574092205,13.109230507451487
4,2026-05-01,10.5,79.0,0.46186779096580155,medium,0.03265239036926667,0.18663818832740148,36.56613450383229,51.92438029791941,13.399288468975273
4,2026-05-01,10.5,79.25,0.4540812337568792,medium,0.0245759451333213,0.14663327138048526,35.85057500318568,50.253258154484044,13.827907844369648
4,2026-05-01,10.5,79.5,0.4365804216244884,medium,0.02475693563462428,0.08960175517527763,36.03603579503885,50.600834463833145,15.12688018510274
4,2026-05-01,10.5,79.75,0.4182350872342462,medium,0.019436787764596765,0.048660449301473487,36.14103590825253,47.86491610948916,15.523612140634507
4,2026-05-01,10.5,80.0,0.4063565086050006,medium,0.005539273939425038,0.02086297148971116,36.383027032249224,50.98653672325592,15.977497685908226
4,2026-05-01,10.5,80.25,0.3998795271956809,low,0.0004573259932732578,0.005775698302036387,35.72147680336818,50.583674035885764,16.4100457957242
4,2026-05-01,10.5,80.5,0.40028553428989166,medium,1.0476398312056653e-05,0.0009275967096620299,35.66214349352071,49.8393616166523,17.06517317062768
4,2026-05-01,10.75,76.0,0.44623032137118424,medium,0.040174846331589666,0.08484742622864926,36.343370027157,50.12335191668564,16.558658328460794
4,2026-05-01,10.75,76.25,0.43846007491133754,medium,0.025999198108469276,0.0964925974159712,35.61889875177974,50.56378931934358,16.2998642415342
4,2026-05-01,10.75,76.5,0.43478255919522046,medium,0.016288728763798502,0.1009162241475138,36.06264456912626,50.18518921002672,15.800436612933995
4,2026-05-01,10.75,76.75,0.43375623185324097,medium,0.021807442380413537,0.10853920878512711,35.95853923630296,47.84488908550098,16.06215145527547
4,2026-05-01,10.75,77.0,0.4438784663589953,medium,0.028876710793599995,0.1305386237084361,36.525749531873885,48.89344127949967,15.391311466369984
4,2026-05-01,10.75,77.25,0.4498594473815589,medium,0.04086822144802415,0.16872243500394102,36.38603014953333,46.01496842875138,15.35922036002856
4,2026-05-01,10.75,77.5,0.4578836441124976,medium,0.04191830174465979,0.17300005331818535,36.17510343368971,47.055220338341776,13.578567905862766
4,2026-05-01,10.75,77.75,0.444842190085347,medium,0.019200095172871155,0.116918927488816,36.30380498742911,47.190106322879515,13.414023320180645
4,2026-05-01,10.75,78.0,0.42299350585740453,medium,0.0035145493892768456,0.05655768340746338,35.676513426758156,50.668744105763025,13.207546093592756
4,2026-05-01,10.75,78.25,0.43150759782045084,medium,0.0019295235275817336,0.05865136138197604,35.90062698269951,52.75683903957224,12.494672152943052
4,2026-05-01,10.75,78.5,0.45610441541225355,medium,0.019108609088540018,0.16555820174680386,35.69363675277588,47.087443810810946,13.063948415083084
4,2026-05-01,10.75,78.75,0.723871320123743,high,0.08827887112773924,0.34947910860438447,36.63705890644238,44.74712773667975,14.135159703570158
4,2026-05-01,10.75,79.0,0.7567675089244057,high,0.13837257474816797,0.44180640345815186,36.926633782909846,43.04298266588895,14.463023509231697
4,2026-05-01,10.75,79.25,0.7251885326719218,high,0.07276513149197383,0.33843114688993353,36.61282781712101,45.77286401764762,13.848448561873582
4,2026-05-01,10.75,79.5,0.45293147099830194,medium,0.0209838733032451,0.17028372788163637,35.78258353496226,50.03162229017157,15.050628442873482
4,2026-05-01,10.75,79.75,0.4300423512065839,medium,0.009036328436508508,0.06488976957297812,36.22112377439142,50.48410650164582,15.632112476012242
4,2026-05-01,10.75,80.0,0.41013187547056995,medium,0.0023476796259319223,0.020221474809929876,35.34377258587482,54.946579522729024,16.559378494034995
4,2026-05-01,10.75,80.25,0.4044765651906872,medium,0.00018994455868529637,0.00464624098064683,36.207977043805556,51.94444576122206,16.094276372887492
4,2026-05-01,10.75,80.5,0.4002408146000417,medium,4.325584105596224e-06,0.0006789165112438397,35.53994703314164,50.70139856060567,16.245576016590444
4,2026-05-01,11.0,76.0,0.44360707299423574,medium,0.018766244420841318,0.08679744804203511,35.775516821802015,49.72880521807582,16.995243816481587
4,2026-05-01,11.0,76.25,0.45331958685076634,medium,0.033034509581503634,0.15060429893359706,35.82027711421861,48.12354714570064,15.917692769488704
4,2026-05-01,11.0,76.5,0.46038265816294377,medium,0.06295556704349246,0.20570292863353962,35.86617439216834,47.02400489546324,15.336156961429932
4,2026-05-01,11.0,76.75,0.45180909347403164,medium,0.05782967948101004,0.1938478394395093,36.40095979752078,45.858995757562674,15.52606015387399
4,2026-05-01,11.0,77.0,0.44581800629387314,medium,0.022254801159907404,0.12904573197859345,35.8856214824654,48.411046285157035,14.739969164024151
4,2026-05-01,11.0,77.25,0.4306302042876643,medium,0.00911440037320879,0.08194720611144671,36.3105542857401,49.051390213246606,14.759452459281224
4,2026-05-01,11.0,77.5,0.42772148272496635,medium,0.0061228098567658144,0.059244047002988486,35.43371004179166,50.202556941855924,13.984845870953079
4,2026-05-01,11.0,77.75,0.41380644363652097,medium,0.0021603320753744992,0.03824016242421982,35.39585783973425,49.248541808308076,13.20198291458569
4,2026-05-01,11.0,78.0,0.41405506876340176,medium,0.0007298915290291547,0.032406565058878095,35.972796467540675,51.02563153591127,13.777639799340118
4,2026-05-01,11.0,78.25,0.4381646369996352,medium,0.005860426342669105,0.09532928605650352,35.317413426562204,48.7948707012189,13.56286789485513
4,2026-05-01,11.0,78.5,0.7083804446427435,high,0.05317406862494858,0.3133398767700811,36.859215411593865,45.37571651380066,12.736072376600506
4,2026-05-01,11.0,78.75,0.7983926230147964,high,0.2313401666550518,0.6565024875376031,37.895628191923805,41.39230889493369,13.01661000983917
4,2026-05-01,11.0,79.0,0.8720962263277632,high,0.3722039009888578,0.82853963550105,37.66227796263614,37.84655385003228,13.970551474848136
4,2026-05-01,11.0,79.25,0.8012237506129267,high,0.21476383880662034,0.6404587575329359,37.78719875160772,45.65357074894381,14.001703334713731
4,2026-05-01,11.0,79.5,0.7149503305052628,high,0.05869264856257211,0.31884825176912523,36.55861295829956,45.155038862981584,15.192329780692258
4,2026-05-01,11.0,79.75,0.4372793298428901,medium,0.010373080011464805,0.10880706334701665,35.74677203943459,50.5851939534664,15.444385463466443
4,2026-05-01,11.0,80.0,0.40908074370288594,medium,0.0009463140380208887,0.026215310908947336,35.68689744717397,50.29147363317793,15.972173135309625
4,2026-05-01,11.0,80.25,0.40390150668063207,medium,3.7216902597250424e-05,0.004354636812161404,35.82859093786167,54.22354166719867,15.773151565461312
4,2026-05-01,11.0,80.5,0.4026211856085053,medium,5.942633114474137e-07,0.00047609056373220575,35.591958187118,51.72120043258592,16.457247158400488
4,2026-05-01,11.25,76.0,0.44678305210129887,medium,0.020102470020360134,0.09412942335356483,35.714344680013866,48.279526934749626,16.509723028190106
4,2026-05-01,11.25,76.25,0.46683904367237256,medium,0.06914117407966285,0.2153643381940499,35.97235516272414,48.27140412854968,17.091276148188555
4,2026-05-01,11.25,76.5,0.7412122739432515,high,0.15827157709481912,0.32904731029529594,36.37846058743625,42.8406020971598,15.534262168292454
4,2026-05-01,11.25,76.75,0.7380413909553525,high,0.13633210992001116,0.3065479745919628,36.02640705125236,45.47607101293403,15.691609852230794
4,2026-05-01,11.25,77.0,0.45410814696115664,medium,0.03719726913245807,0.1739369666025552,35.79308688719297,49.2127199213022,14.85844713721282
4,2026-05-01,11.25,77.25,0.42868952207635014,medium,0.0042871433037424125,0.07066107655284834,35.45578729855555,51.29260285269036,14.225425108543932
4,2026-05-01,11.25,77.5,0.4131181177853081,medium,0.0009475240962901854,0.031411023250751055,35.46520751766906,50.772376501071406,14.17019470949598
4,2026-05-01,11.25,77.75,0.40601231081728684,medium,0.0011328899090648843,0.024489539010464453,35.05649284504542,49.88835975236071,14.259618684585563
4,2026-05-01,11.25,78.0,0.4195473696719687,medium,0.0033266260675434167,0.04579798892109583,35.426643597887086,51.251340858678105,13.765753347113504
4,2026-05-01,11.25,78.25,0.45291748673195276,medium,0.014358874561754902,0.15122364690049755,35.435855563258194,46.98025344306227,12.835119070701397
4,2026-05-01,11.25,78.5,0.7401679921443256,high,0.09889331588076711,0.44722387416265874,36.42543996975397,44.83108847417516,11.915653919749527
4,2026-05-01,11.25,78.75,0.8771055312791863,high,0.35516927751248367,0.8784845325405607,37.94203901609502,38.21094062332021,13.47564956068427
4,2026-05-01,11.25,79.0,0.9117420899540236,high,0.5044321352784854,1.0,38.23888133873457,34.52520543118499,13.657079716303873
4,2026-05-01,11.25,79.25,0.8589529006158156,high,0.3273378991109936,0.8552638727902274,38.300588755023,37.610558780712026,14.213954352918936
4,2026-05-01,11.25,79.5,0.7528960693693599,high,0.127939735868499,0.4554565465817899,36.88813606678738,45.53298363802417,15.532443548335644
4,2026-05-01,11.25,79.75,0.45245883235807655,medium,0.02636428325389265,0.16745428011103253,36.13479252730128,48.913508312509684,15.140949808554007
4,2026-05-01,11.25,80.0,0.41433649111782084,medium,0.0020076832726023874,0.0414759400039318,35.88657977830744,50.424560409211075,15.655264506523755
4,2026-05-01,11.25,80.25,0.3999754957637842,low,4.9123286786351025e-05,0.006640468501710095,35.09142089734936,52.25120668226428,16.004226920923738
4,2026-05-01,11.25,80.5,0.40507327457197895,medium,4.448650019441152e-07,0.0006770146193600466,35.45227947670554,53.079239491092345,17.276320353701305
4,2026-05-01,11.5,76.0,0.44260298672837917,medium,0.014717582527742428,0.08428644051667745,35.473083276973036,51.063151182484646,15.896544749582755
4,2026-05-01,11.5,76.25,0.4600340903854855,medium,0.06836684435615212,0.21317512735051114,35.84974157471114,46.63446889407034,16.905436164982735
4,2026-05-01,11.5,76.5,0.7461133912931173,high,0.17986380337206723,0.34100879706116577,36.357901913541944,44.56291170716088,16.564082267343505
4,2026-05-01,11.5,76.75,0.7400199984984559,high,0.16148381784291624,0.3294811767022027,36.03489491276888,44.55813839962255,15.751265332577532
4,2026-05-01,11.5,77.0,0.46312590437914963,medium,0.05063459346326294,0.20479123895891543,35.35227103422851,49.15352565105361,14.976363172971501
4,2026-05-01,11.5,77.25,0.43547069737731414,medium,0.014920123122560483,0.10469027185783117,35.25023861518475,50.892218061951006,14.57822697054709
4,2026-05-01,11.5,77.5,0.4226408151272377,medium,0.006392376413315027,0.06211709171857412,35.160476514049094,50.15136068230424,14.755682009327035
4,2026-05-01,11.5,77.75,0.4225244932150987,medium,0.008013927839663506,0.05569662563697997,35.231979100436746,49.54724430362854,13.813683087309824
4,2026-05-01,11.5,78.0,0.436216375958391,medium,0.01702263512559565,0.08513696528245654,35.467737545575176,49.850156037473084,13.472428514088671
4,2026-05-01,11.5,78.25,0.4612062854925166,medium,0.034157788795750106,0.1981721511204,35.45241178829351,46.023065224762,12.507067524322087
4,2026-05-01,11.5,78.5,0.7560037843292251,high,0.12477210791479589,0.4755628288621101,36.176331376240505,43.861156062813656,13.348927306867818
4,2026-05-01,11.5,78.75,0.872123319950739,high,0.344196199883389,0.8421332825740665,37.593352602689194,35.27078657350336,13.328028088253534
4,2026-05-01,11.5,79.0,0.9000383816462167,high,0.41047840090810356,1.0,38.002202676505554,35.69145730725829,12.825115546875724
4,2026-05-01,11.5,79.25,0.8472546651605706,high,0.2839205074380126,0.8258584831009935,37.62831280220508,37.59386696875977,14.880718551673045
4,2026-05-01,11.5,79.5,0.7638815580217676,high,0.1417590738698043,0.49317458364959016,36.12894298084655,44.25989414627239,14.627502696997963
4,2026-05-01,11.5,79.75,0.4589101125108511,medium,0.0344342421032831,0.21138540552438728,35.6804417862917,47.87510346347771,15.717499305310527
4,2026-05-01,11.5,80.0,0.4263073310155773,medium,0.0033729519405071157,0.06186590595623103,35.27152251174804,50.28310679980715,15.395706160428736
4,2026-05-01,11.5,80.25,0.3985200948823915,low,0.00016560761743434932,0.01199829762328678,35.07153025918089,51.4237470770003,16.73232622525127
4,2026-05-01,11.5,80.5,0.3990711838457774,low,4.95127215388925e-06,0.001548690288678385,35.295687075385885,50.16645904512031,17.47702822010461
4,2026-05-01,11.75,76.0,0.4333017602971875,medium,0.004510124945811053,0.05735584374219551,35.399050905162824,47.925757413998575,16.702836721747907
4,2026-05-01,11.75,76.25,0.4473833982421018,medium,0.024708541888328092,0.13719419224582116,35.30932832565913,48.66881017539193,16.74905342313275
4,2026-05-01,11.75,76.5,0.47218537413217526,medium,0.07056582323547997,0.21888308867432493,35.75427745041859,46.94791207346251,15.338659427270558
4,2026-05-01,11.75,76.75,0.6668844283021376,medium,0.07043435350949694,0.23047070820804005,35.48792862482909,49.34526240369884,15.498071524317726
4,2026-05-01,11.75,77.0,0.45139682972785783,medium,0.052569492822386286,0.19043370244189078,35.495389826814296,46.149659836579076,15.39354139566152
4,2026-05-01,11.75,77.25,0.45265820200731066,medium,0.057146271898309425,0.15809856973566214,35.6565727449557,45.762216123566326,15.305317080685093
4,2026-05-01,11.75,77.5,0.44438645280328976,medium,0.03244269464701565,0.13581730073780696,35.003322686238434,47.782564468651714,14.723699182398152
4,2026-05-01,11.75,77.75,0.4470200586541003,medium,0.027062711771904824,0.12351810045813595,35.227585594310135,49.793646667637745,13.726937157234314
4,2026-05-01,11.75,78.0,0.45154246495633654,medium,0.03632596075485924,0.13670892728172587,35.25852682590823,49.622903833069586,13.659383942211623
4,2026-05-01,11.75,78.25,0.4638321074478226,medium,0.0561585580746612,0.21634257448261404,34.95765831616425,47.3864864079108,13.007493867071378
4,2026-05-01,11.75,78.5,0.738937467319841,high,0.11484166708467247,0.40031741364860396,36.40032848613982,45.260065555097036,12.931785397364125
4,2026-05-01,11.75,78.75,0.7982219600566927,high,0.19282874710401485,0.6198325793515962,37.41769923846937,40.46650835789333,13.07401793026806
4,2026-05-01,11.75,79.0,0.8149838375382124,high,0.2037527428756912,0.7260898817633653,37.85508608082383,41.77998063807472,13.838896176948248
4,2026-05-01,11.75,79.25,0.804198846097589,high,0.19409180085904318,0.6664226783148391,37.27029900466514,40.8502591946672,14.040530639127601
4,2026-05-01,11.75,79.5,0.7647251404843888,high,0.148673315756283,0.4829030675748325,36.47080637305463,44.84098714343916,15.29219747706971
4,2026-05-01,11.75,79.75,0.6947036419085331,medium,0.05792087788937135,0.2574595150140744,35.81377433747198,45.884755616566814,15.217214842442468
4,2026-05-01,11.75,80.0,0.42992271427266865,medium,0.010941488697075742,0.09419186741852315,35.20364594476148,49.38893145805046,16.01054420726612
4,2026-05-01,11.75,80.25,0.39746915437965813,low,0.001065685650856629,0.02298831695060593,34.79568031811885,50.699137898343736,16.095134288596306
4,2026-05-01,11.75,80.5,0.3939258315311126,low,4.4699090863871596e-05,0.003703656455534899,34.54556834812599,48.02665240538045,16.563963895368257
4,2026-05-01,12.0,76.0,0.43207707524446487,medium,0.010816204547037715,0.055080957736318395,35.18685543245342,50.12531396293062,17.228944611525318
4,2026-05-01,12.0,76.25,0.4292368063489497,medium,0.013956643145160826,0.08514572531569183,35.10346422894106,49.11317292065017,15.859667261426502
4,2026-05-01,12.0,76.5,0.428510163676817,medium,0.011903089463012146,0.10423652094744358,34.787254904681035,49.12084298247583,16.49749083004473
4,2026-05-01,12.0,76.75,0.4381085020715576,medium,0.016092510448132657,0.1186626407072022,34.773938514948846,50.27821090786816,15.101773117008731
4,2026-05-01,12.0,77.0,0.4515031661275874,medium,0.04940742888563221,0.14913212212192653,35.2776789637428,47.843499904046794,14.684420912975469
4,2026-05-01,12.0,77.25,0.4629152791261164,medium,0.08293068614641469,0.19203517520603555,35.20656378696725,47.918925368743935,14.471028597219984
4,2026-05-01,12.0,77.5,0.5740850070169425,medium,0.0758006241927572,0.2187986245475096,35.26448255739398,46.26306134274955,14.866079100060228
4,2026-05-01,12.0,77.75,0.4679918754201163,medium,0.07010950359598442,0.21308337304047006,35.603629812549926,48.38318003304262,14.2239697622224
4,2026-05-01,12.0,78.0,0.46338644140766044,medium,0.046649512298045384,0.18973729804634343,35.34541578735198,47.10521856548132,14.029839082098187
4,2026-05-01,12.0,78.25,0.4659232911412446,medium,0.05002745644759859,0.21133122066331256,34.97789290486338,48.23602602960574,12.548778208521885
4,2026-05-01,12.0,78.5,0.7184373528479611,high,0.08968463182907685,0.30906555951419074,35.47310181198366,45.960148092454716,12.531462776601678
4,2026-05-01,12.0,78.75,0.7497001655950322,high,0.11156236562474177,0.43448950818018456,36.04261322774176,46.27790454448372,14.037739343368393
4,2026-05-01,12.0,79.0,0.7678893605998526,high,0.11940963276012914,0.5334548280707125,36.17466673984007,42.87586372554039,14.032157457533396
4,2026-05-01,12.0,79.25,0.7881572075406563,high,0.17658811071127545,0.5714858360551276,36.41921302245389,43.54179704297234,14.293714615516446
4,2026-05-01,12.0,79.5,0.7740533178790053,high,0.18820545135974226,0.49610382693459565,36.16221338683704,44.86492862130631,14.734550189625853
4,2026-05-01,12.0,79.75,0.7274184241071999,high,0.09961015088646953,0.31627981514693065,35.53097394464105,45.49609299757679,15.546881379313268
4,2026-05-01,12.0,80.0,0.4473590584444854,medium,0.025139160693730973,0.1395065934514368,35.82453423760513,47.74542527925308,15.651014570742465
4,2026-05-01,12.0,80.25,0.40580462606209994,medium,0.0029698474821405656,0.04134558179920315,34.57559647217705,49.908665616238615,15.614968718954724
4,2026-05-01,12.0,80.5,0.39470079068962843,low,0.0001368126088594678,0.00802447405713129,34.94128929902003,50.29881269071803,16.56749957449154
4,2026-05-01,12.25,76.0,0.4371408228558718,medium,0.03876738808670678,0.07948030184240462,34.884607400414296,51.17893164256192,16.289946951985172
4,2026-05-01,12.25,76.25,0.4339549084082916,medium,0.04260405486978671,0.08926129210988781,34.81729155115967,51.77235397106182,15.760077488118164
4,2026-05-01,12.25,76.5,0.422818848670184,medium,0.013274687116618245,0.06695350396815827,34.95375596550515,49.392276082366664,16.41781944167408
4,2026-05-01,12.25,76.75,0.4187350892232878,medium,0.004463396181875238,0.060471010104710204,35.061567274222895,49.00133907617252,14.977385169334688
4,2026-05-01,12.25,77.0,0.4256820316145409,medium,0.019030245586130458,0.10033853561509735,35.00369330471667,46.14854256877904,14.563153052941056
4,2026-05-01,12.25,77.25,0.45729682472877653,medium,0.048799761302254815,0.17883046057758673,34.959388486273205,46.926171212824,14.79966448973551
4,2026-05-01,12.25,77.5,0.7092114357779944,high,0.10280515273826296,0.2610019629481579,35.429265752575255,45.249081100030494,15.003206913754077
4,2026-05-01,12.25,77.75,0.7335157874087125,high,0.12477314677949922,0.285621696451197,35.31400591040834,45.862113951096966,13.95975528551304
4,2026-05-01,12.25,78.0,0.6822315931671168,medium,0.06554581735656646,0.24359788452431805,35.208626351123,47.17556915380874,13.554087023082548
4,2026-05-01,12.25,78.25,0.45984201065944186,medium,0.03859720574014775,0.2250537704396431,35.36298290746998,45.53036380899933,12.821165842643802
4,2026-05-01,12.25,78.5,0.7044856440208471,high,0.06051167207221028,0.2863418252246064,35.67561000713521,46.19763254252521,12.890523142873773
4,2026-05-01,12.25,78.75,0.730846210163322,high,0.09319028704505383,0.3988602563374109,35.46696954054773,44.542595343084905,13.178676497958994
4,2026-05-01,12.25,79.0,0.7707175838469993,high,0.15089324592997347,0.5151296040858134,36.09725694199293,44.524742326965146,14.251671644880188
4,2026-05-01,12.25,79.25,0.7909174105741348,high,0.19376254940079082,0.5736390437144904,35.98101450283933,43.3062546560617,14.495403009232913
4,2026-05-01,12.25,79.5,0.7797906640762253,high,0.17289684143450182,0.5269567343393099,36.241884102660656,42.5924181287681,14.878549835456498
4,2026-05-01,12.25,79.75,0.7396621835471877,high,0.10761902980587434,0.38476199678888484,35.59628667910374,47.15525077529103,15.154125485352678
4,2026-05-01,12.25,80.0,0.46498304433855975,medium,0.036480877306416824,0.2086627212686191,35.46398156407691,51.502846373976176,16.021191509256013
4,2026-05-01,12.25,80.25,0.42146144940839153,medium,0.00581117417738951,0.07751637397093075,35.010245168235535,51.025303927943824,15.588270392169383
4,2026-05-01,12.25,80.5,0.39898481766259525,low,0.0003705807131247573,0.01842674189754532,34.81127518307099,51.649512754638515,17.064854309178013
4,2026-05-01,12.5,76.0,0.4404520065291497,medium,0.04307522415709794,0.08116653158874829,34.486372272367305,49.823334483550354,17.086829681461815
4,2026-05-01,12.5,76.25,0.43504826889309933,medium,0.04781496716581829,0.0870171219803274,34.860032574269056,46.5777703663368,16.27618953419822
4,2026-05-01,12.5,76.5,0.41899690693370323,medium,0.014879005091677468,0.05772655645592838,34.50732421953137,49.33266356408397,16.4607446746463
4,2026-05-01,12.5,76.75,0.4105903599545585,medium,0.0032808007997662198,0.04381276049799317,34.52421116997658,49.4318804042752,16.285680252375677
4,2026-05-01,12.5,77.0,0.42260081018961304,medium,0.006820687477769021,0.0735771831410009,34.23879548217597,48.75446984762431,15.344006926324116
4,2026-05-01,12.5,77.25,0.45127688515078124,medium,0.026181529244713,0.15120638383070376,34.90178874500213,48.61029861568467,14.109108420117254
4,2026-05-01,12.5,77.5,0.7020214437090713,high,0.08317716638810917,0.25581963419309,35.33657611392446,47.67340166950537,14.385620629866473
4,2026-05-01,12.5,77.75,0.7385952685579976,high,0.11602060571531894,0.31524502878965893,35.24162158899897,46.6466169956247,13.830005803778764
4,2026-05-01,12.5,78.0,0.7222477462084795,high,0.08320908994323294,0.30482076444951495,35.28566806898182,48.50721688061301,12.568293500104552
4,2026-05-01,12.5,78.25,0.7136926801635669,high,0.06096114886493243,0.3062066493215336,34.75844904309356,49.034996938541916,12.969894211417635
4,2026-05-01,12.5,78.5,0.7230565661679321,high,0.08587881309376776,0.3741459307190721,35.72014521018028,42.778057371405986,12.679024974870583
4,2026-05-01,12.5,78.75,0.7638062368477861,high,0.13704152176662235,0.48275431653424455,36.212413716184955,43.42880559450844,13.947187031071683
4,2026-05-01,12.5,79.0,0.781723599682184,high,0.21153732006648326,0.5770791442484032,36.40659385047087,41.73931892786156,13.52981482896522
4,2026-05-01,12.5,79.25,0.7971467979162464,high,0.201341531480515,0.6029981164234575,35.995371268921645,39.633323638918775,14.470303365027833
4,2026-05-01,12.5,79.5,0.7821163224122643,high,0.16064782854619294,0.5760221163009405,36.04738963228463,40.2238664487103,14.886505598722625
4,2026-05-01,12.5,79.75,0.7735841325137396,high,0.1583872618198579,0.5020300035821872,35.223244558100156,43.00381763342747,15.354629285797088
4,2026-05-01,12.5,80.0,0.731851849131925,high,0.0927707909898428,0.3380011573741729,35.402047362303875,45.25457718307832,15.518830532860164
4,2026-05-01,12.5,80.25,0.4439457403931839,medium,0.0221734213035715,0.14974684093368137,35.43942374126242,50.56281424748391,15.855481652439074
4,2026-05-01,12.5,80.5,0.41027951581328415,medium,0.0018170494692342203,0.04021935857040315,34.370205710006,53.391012403421385,16.636125185955972
4,2026-05-01,12.75,76.0,0.4280303545540314,medium,0.014047230716341364,0.0472566369313627,34.76083911712293,50.1114378040926,17.089990853550653
4,2026-05-01,12.75,76.25,0.41888722080106827,medium,0.015775552620913236,0.05232294821988749,34.46465344247647,51.24956791418993,16.223009683012062
4,2026-05-01,12.75,76.5,0.4076326365023953,medium,0.0064992593922542545,0.04220919317010483,34.234566902956594,50.45527385424971,15.454969576945924
4,2026-05-01,12.75,76.75,0.41265417176402763,medium,0.01142991082317074,0.04780248478145067,34.20006651325186,49.98725749029755,15.257142849414723
4,2026-05-01,12.75,77.0,0.4264556360060994,medium,0.022916856590095885,0.07879192652497319,34.655195306213635,49.327327572766855,14.840098959704093
4,2026-05-01,12.75,77.25,0.44471657828997224,medium,0.036154460416805784,0.13872738470508436,34.80312737868522,47.82144994462807,14.577626604786056
4,2026-05-01,12.75,77.5,0.6780055095769622,medium,0.07994852328848827,0.22761362187758,34.91490101978969,49.82605497255939,13.832534979980593
4,2026-05-01,12.75,77.75,0.7335554911221085,high,0.11326882115765424,0.3042054932891424,35.093285021099746,48.03204272835756,13.893486923077722
4,2026-05-01,12.75,78.0,0.7424632045095618,high,0.1202494752227689,0.34961710578884253,35.34411701181496,48.30785963863222,13.305994247293974
4,2026-05-01,12.75,78.25,0.7506895672189593,high,0.1415184395608151,0.40614406683790694,35.32148376744411,44.83269289637559,13.31822633616169
4,2026-05-01,12.75,78.5,0.7723827178365213,high,0.19458552325759715,0.4828852576666898,35.3727903625012,44.057146344594194,12.619923096520598
4,2026-05-01,12.75,78.75,0.7826798005256241,high,0.21079851073295217,0.543245369904501,35.76116015384139,44.01010028268817,14.096274349248665
4,2026-05-01,12.75,79.0,0.7861209953396315,high,0.2194484898306583,0.5696567892793997,35.82502877739462,41.29279574447045,14.493119395972517
4,2026-05-01,12.75,79.25,0.787990331727866,high,0.17974625309336897,0.5693232966090942,35.69838438689454,43.56244124155876,14.377141037373566
4,2026-05-01,12.75,79.5,0.7938835292751789,high,0.1882791033277708,0.5960270636432484,36.172155466422005,41.4012224929909,15.307458226689734
4,2026-05-01,12.75,79.75,0.8110240090507808,high,0.2782001479830015,0.608219987956262,36.494220841026376,38.935125328336994,15.128493299994126
4,2026-05-01,12.75,80.0,0.7755858387858696,high,0.20424072563939205,0.4624542204678346,35.895828109171795,46.08076145520367,15.373429817827747
4,2026-05-01,12.75,80.25,0.44940523962058465,medium,0.05363699055176106,0.22059773908033864,35.243687305748544,47.3448876097585,16.340256053724342
4,2026-05-01,12.75,80.5,0.42024103070696084,medium,0.004541891605390285,0.06185028132478492,33.873764393786075,53.44421563367127,16.866563976979382
4,2026-05-01,13.0,76.0,0.41198106076245944,medium,0.0013125116645765203,0.015449681213841767,34.19882608638028,51.55320312317988,17.021302660126285
4,2026-05-01,13.0,76.25,0.4005529017009142,medium,0.0015973884609320568,0.019626036572978012,34.20714855523315,51.491337082719056,16.576748579434444
4,2026-05-01,13.0,76.5,0.4082071422558103,medium,0.003424229617559679,0.02658893842637658,34.600167316532044,52.74138889999668,15.212514052367585
4,2026-05-01,13.0,76.75,0.41878165420426683,medium,0.019526831524859154,0.04877706470011182,34.080372618789,52.07520106668348,15.233981811335543
4,2026-05-01,13.0,77.0,0.4308405770978503,medium,0.037395229661427595,0.07857408025171705,34.17300095322739,48.53719351071447,14.508215194171969
4,2026-05-01,13.0,77.25,0.43346818430204515,medium,0.03579172165816563,0.11237127885623362,34.90588994384011,48.80181330663506,14.300625146575905
4,2026-05-01,13.0,77.5,0.452372610309657,medium,0.05270022714312152,0.16464171279156423,34.60513248972823,47.33857335225782,14.097089731462209
4,2026-05-01,13.0,77.75,0.6771680171324721,medium,0.07709752999116415,0.22953035785692183,35.08199871650744,47.016844985533055,13.55065309983774
4,2026-05-01,13.0,78.0,0.7275000111247891,high,0.10584584577208389,0.29840192098184126,35.36195703510723,47.80398563074652,14.308555331920623
4,2026-05-01,13.0,78.25,0.7468847501520784,high,0.14922829443769367,0.3745702281570479,34.99147534402868,44.53346833976856,12.974364240432198
4,2026-05-01,13.0,78.5,0.7603549325769082,high,0.18433991835095054,0.42842492525570997,35.82920470028012,43.794393771820985,13.030016203724534
4,2026-05-01,13.0,78.75,0.7546745091776339,high,0.14762834539749498,0.42977262293435775,35.32528637919172,42.78567493315152,12.847649244070439
4,2026-05-01,13.0,79.0,0.7430023475516743,high,0.12486144785331643,0.40872748236490664,35.99679409436835,45.374096814093846,13.835416868834162
4,2026-05-01,13.0,79.25,0.7450265469887172,high,0.12174594771169689,0.411003410953908,35.384574358419286,45.0464551702327,14.517048637506202
4,2026-05-01,13.0,79.5,0.7655676812524931,high,0.1546755057861531,0.4729414736725197,35.527248786227645,45.20099673425353,14.425553834062075
4,2026-05-01,13.0,79.75,0.785329036160126,high,0.24580457930550842,0.5250899373185773,35.29413118574023,43.931456172274636,15.328764550144074
4,2026-05-01,13.0,80.0,0.7626635378398195,high,0.18711653207598872,0.41788206266606553,35.55474367009552,42.767767739396994,15.757743071374525
4,2026-05-01,13.0,80.25,0.4512064007320762,medium,0.049672126975537405,0.20411526145800118,34.35755661111839,47.89102134809147,16.052659668660944
4,2026-05-01,13.0,80.5,0.41226020064967034,medium,0.004213349587223441,0.05796539394625547,34.2907352913969,49.83728692933028,16.565326809612063
4,2026-05-01,13.25,76.0,0.40718408946811313,medium,3.513376609610363e-05,0.0029595448705862118,33.45144897761504,51.23023933381935,16.877877615445346
4,2026-05-01,13.25,76.25,0.3954376699536975,low,0.00010001267749418306,0.0055045581321304885,34.00321053678576,50.6116340013461,16.579255013408847
4,2026-05-01,13.25,76.5,0.39712078153896146,low,0.0014663531679334329,0.01397245378569648,33.92498072204996,49.52937175345858,15.781849203099544
4,2026-05-01,13.25,76.75,0.4069682262389488,medium,0.009517994204855898,0.03207981135004611,34.4101349697204,49.97052156591792,14.862054463271686
4,2026-05-01,13.25,77.0,0.41333863468183063,medium,0.017644351193159193,0.04958861074085279,34.4006015371468,50.48148061651978,15.44190769318309
4,2026-05-01,13.25,77.25,0.42426805534367035,medium,0.01256189776799374,0.06074043636387405,34.31327854897303,52.74069750610978,15.006049585683096
4,2026-05-01,13.25,77.5,0.4258487118574095,medium,0.012278942226546885,0.07963230016129541,34.03469863369901,51.757089668991064,14.199268966569484
4,2026-05-01,13.25,77.75,0.4356765284957709,medium,0.02085063975485069,0.11436539070002869,34.51138428580911,49.69116082203703,14.139463099777565
4,2026-05-01,13.25,78.0,0.44880741507285504,medium,0.036827930626938024,0.16119148514648685,34.62177749799391,45.95639082879708,12.878709846905975
4,2026-05-01,13.25,78.25,0.46243680620092187,medium,0.05301020561159501,0.2085587130928307,34.7894270460529,47.903683492354446,12.566074138902858
4,2026-05-01,13.25,78.5,0.4559498667003494,medium,0.05750469059436255,0.2288926210963943,34.436820461370985,47.39171833500632,13.605339596722
4,2026-05-01,13.25,78.75,0.4621981705822368,medium,0.038786365977899855,0.2112336774174449,34.86050157064918,48.68913848964621,13.621848337863629
4,2026-05-01,13.25,79.0,0.4579209720044146,medium,0.02984557230744455,0.18977144125121173,34.783850314319245,48.70279189318535,13.910143033533831
4,2026-05-01,13.25,79.25,0.45246138928332674,medium,0.035997751184658984,0.19744340512261813,34.73053275511674,47.66483867421212,15.170989383570904
4,2026-05-01,13.25,79.5,0.646831842235604,medium,0.04932744990427441,0.24292890232985295,34.42594647651036,47.63965362218683,15.29920162460406
4,2026-05-01,13.25,79.75,0.7010456311060438,high,0.07680047267122177,0.27923649558435437,34.51776489652116,47.02664653465591,14.951714073969557
4,2026-05-01,13.25,80.0,0.4595557819067739,medium,0.0580445518806492,0.22522878738489382,34.52812753628848,49.18856307450628,15.69823673750606
4,2026-05-01,13.25,80.25,0.4248249855074262,medium,0.015340437985001497,0.11069333891723233,34.2893229719323,50.59317064587894,15.99190903275251
4,2026-05-01,13.25,80.5,0.40384178988134123,medium,0.0012979137514207786,0.031532054782871154,33.872066356448904,49.70609060475195,16.134420377502533
4,2026-05-01,13.5,76.0,0.4091410222899201,medium,3.4717993800115906e-07,0.00038067625370321776,34.11164572128146,49.05755649021234,16.75556227817897
4,2026-05-01,13.5,76.25,0.39710417829044153,low,8.534677905764728e-06,0.001323835461043671,33.78124726670129,51.786803973025336,15.866187127363926
4,2026-05-01,13.5,76.5,0.39776517973767184,low,0.00019594971023881842,0.00492375452991519,33.6685725287094,48.40904392097795,15.9742292065373
4,2026-05-01,13.5,76.75,0.3991690651328261,low,0.001279851582207482,0.012030651330932228,33.83252539465655,51.90555769122754,15.404357724859773
4,2026-05-01,13.5,77.0,0.3987758655932365,low,0.00233392357321571,0.01786881876587875,34.3687580254979,50.743359622658325,15.225759359074234
4,2026-05-01,13.5,77.25,0.40526291081443183,medium,0.0014016016724550126,0.019498151995809454,33.498640119844495,53.53079466743299,14.148678234700006
4,2026-05-01,13.5,77.5,0.403431608529435,medium,0.000926342149975079,0.023189962378380308,34.14872321664465,48.90686586637549,13.860907106084749
4,2026-05-01,13.5,77.75,0.41144861950684763,medium,0.001954429738063428,0.034323574555355084,34.15085648877801,51.39767245395322,13.407975275176513
4,2026-05-01,13.5,78.0,0.41672117840854067,medium,0.004201272830722662,0.05133607589004814,34.31105141040072,47.67408545111709,12.269441884292656
4,2026-05-01,13.5,78.25,0.430021298284763,medium,0.0058584092648438285,0.06699241112400915,33.98594199242114,50.50093938805046,12.829570091090124
4,2026-05-01,13.5,78.5,0.42921400615828054,medium,0.005657356605716222,0.07072145541482366,33.45459076103685,48.275482878117494,12.775540723954629
4,2026-05-01,13.5,78.75,0.4245579002817809,medium,0.0035524580933165503,0.06140118729504811,33.97054788202056,49.706387424678326,14.183731146880953
4,2026-05-01,13.5,79.0,0.4198802725827392,medium,0.0025697858991463934,0.05343342202513622,33.47649457814045,49.0151683156411,14.16514588178704
4,2026-05-01,13.5,79.25,0.4207750334210542,medium,0.003478337664826454,0.05778471147591641,34.27287343487057,51.27041180141809,14.277797049059949
4,2026-05-01,13.5,79.5,0.4255620882120455,medium,0.004950377075355116,0.07414305804437482,34.262578670596056,48.943784459114866,14.411527759306495
4,2026-05-01,13.5,79.75,0.4256419900821886,medium,0.007461880871919278,0.08623626259392433,34.00036085084574,50.656494673879195,15.052587802499708
4,2026-05-01,13.5,80.0,0.42245072221931135,medium,0.005540055532906908,0.06965518055939984,33.99288745749228,49.47275933501018,15.791522196603262
4,2026-05-01,13.5,80.25,0.4043391466343448,medium,0.0014519795630729086,0.03423048580049332,34.31628380964991,50.77513626753882,16.721862468272267
4,2026-05-01,13.5,80.5,0.39983608453043207,low,0.00012242775520681184,0.009747570702180137,33.45134128275974,52.25979762678647,16.34109360644329
5,2026-05-02,8.0,76.0,0.39678248539407257,low,4.8920788957598315e-11,3.90475555877152e-06,37.29968401988417,50.973754367320225,16.647845976111775
5,2026-05-02,8.0,76.25,0.38941238034422154,low,2.970526081843666e-10,9.084196014076374e-06,37.51358542707781,52.03560624603513,16.599924196361503
5,2026-05-02,8.0,76.5,0.3845794871346767,low,4.961526611668832e-10,1.1579072393373669e-05,36.95440420721187,49.24505375682209,15.792748222612074
5,2026-05-02,8.0,76.75,0.3845792558806377,low,2.4488116633208184e-10,1.026830588062319e-05,36.9430825488799,49.67356536130361,15.616691738449521
5,2026-05-02,8.0,77.0,0.3861354427282617,low,5.424861964144424e-09,3.662925539716782e-05,37.09142184122355,50.87610291435015,14.728865650969126
5,2026-05-02,8.0,77.25,0.38617717227104104,low,4.75380217154715e-07,0.0002728220386573579,37.262786379119774,49.50552547590392,14.851600844484858
5,2026-05-02,8.0,77.5,0.3911811920753226,low,1.1532828481527365e-05,0.001231744423117532,37.28378574413198,51.5536822873103,14.585843443691594
5,2026-05-02,8.0,77.75,0.39326001054009274,low,7.699313436653889e-05,0.0030963195130352247,37.36611711063925,52.04430273811379,12.959112232663058
5,2026-05-02,8.0,78.0,0.39495425303687365,low,0.00014158563194720738,0.004331901448977191,37.443726818538494,50.84529539866292,13.952995564993403
5,2026-05-02,8.0,78.25,0.39331345577526144,low,7.202041509638377e-05,0.003403204173236524,37.249786312942994,51.12570473796678,13.017688750914525
5,2026-05-02,8.0,78.5,0.3953902122539289,low,1.0294444299791631e-05,0.0015247746468944581,37.491338676228835,51.73059767251219,13.066360817744625
5,2026-05-02,8.0,78.75,0.3931471279081554,low,4.3740424227706206e-07,0.0003974293023848401,37.6532749502956,50.91426863780227,13.607592350423221
5,2026-05-02,8.0,79.0,0.3930877874211248,low,6.453796842579842e-09,6.137058753862033e-05,37.56264152662653,48.904261402478674,14.087566029217355
5,2026-05-02,8.0,79.25,0.38542596276083474,low,4.0381761486055725e-11,5.658866775580506e-06,37.73301055339748,51.173317517818056,14.960964987147468
5,2026-05-02,8.0,79.5,0.3854250191024632,low,1.0247110638731141e-13,3.093611699537621e-07,37.998806337796566,49.07869620853789,15.296288570505476
5,2026-05-02,8.0,79.75,0.38650218178451523,low,8.532673385989685e-17,9.847078720139053e-09,37.31000645188019,50.09164960793493,15.52087036836241
5,2026-05-02,8.0,80.0,0.387841631229345,low,2.0640765627363037e-20,1.7879694445989274e-10,37.93497025327987,51.6738687489923,15.253906321780308
5,2026-05-02,8.0,80.25,0.388224284947468,low,1.394376486078612e-24,1.8222906019216575e-12,37.189529847484465,52.299702428163215,16.49172665293456
5,2026-05-02,8.0,80.5,0.38822428494714845,low,2.6035620383637494e-29,1.0479860666149652e-14,37.46885690333808,52.11290464645829,16.234396754799505
5,2026-05-02,8.25,76.0,0.39679495288050365,low,2.2109574726607686e-08,7.456478290831741e-05,37.60649661462339,50.79672848932155,16.867223597518944
5,2026-05-02,8.25,76.25,0.3821912966776747,low,1.337586239606121e-07,0.00017290412616946383,37.706541802628806,50.337048800863826,15.875295258365368
5,2026-05-02,8.25,76.5,0.38595550452198474,low,2.2268162834227316e-07,0.00021869609102363638,37.51733289797666,50.55689220791165,15.324363502927683
5,2026-05-02,8.25,76.75,0.3866500649942394,low,1.0238062944130885e-07,0.00016518759548994632,37.52313224755151,51.02195760269711,14.676740786356023
5,2026-05-02,8.25,77.0,0.3878854030725625,low,1.1183118832612703e-07,0.0002480520122138366,37.69578774181723,52.279835019724324,14.975785487289517
5,2026-05-02,8.25,77.25,0.39121798031724275,low,8.382655986400862e-06,0.0014427696829131748,37.35433416798605,51.393543257049245,14.27499662317346
5,2026-05-02,8.25,77.5,0.3945178918191214,low,0.0002021864428183509,0.00629755216793061,37.53419297560556,51.69477851051312,14.224823687719331
5,2026-05-02,8.25,77.75,0.39233746288789173,low,0.0013553061645168872,0.01594370144068525,37.171456484887116,51.12687199387213,13.806510784011238
5,2026-05-02,8.25,78.0,0.39712085708579176,low,0.002530383417061819,0.023055540899188702,36.949858197772194,50.93109239857082,12.893949804459025
5,2026-05-02,8.25,78.25,0.39531829866639934,low,0.0013464786809254611,0.01914887491612042,36.7717598033924,49.646530611953075,13.412919548251242
5,2026-05-02,8.25,78.5,0.3943667963825233,low,0.00022028714133963588,0.00925802752360282,37.77191709880105,51.78653551820913,12.983629892492115
5,2026-05-02,8.25,78.75,0.39222159615697627,low,1.3180632247856043e-05,0.002641463352195356,37.51529927636888,50.13683105580189,13.517048929321867
5,2026-05-02,8.25,79.0,0.393155932438077,low,3.345871806661466e-07,0.00044742238836139827,37.17602127528903,50.906697626856136,14.1083510911725
5,2026-05-02,8.25,79.25,0.39066818416185833,low,3.2370587293915043e-09,4.472576463668124e-05,37.14237024924832,50.20195592124915,13.378518263849193
5,2026-05-02,8.25,79.5,0.3893413387668496,low,9.881779935433084e-12,2.598904637738148e-06,37.160946314710365,47.71293058949657,14.555873936007632
5,2026-05-02,8.25,79.75,0.38650219526207247,low,8.668526688474107e-15,8.625045769033402e-08,36.98287116606552,50.54142194041213,15.63481829874063
5,2026-05-02,8.25,80.0,0.3902582981488948,low,2.1201312719287332e-18,1.6123746622783091e-09,37.071941711627076,51.424893233889556,15.194535331029755
5,2026-05-02,8.25,80.25,0.3833909516168411,low,1.4341411448273984e-22,1.7165129829740866e-11,37.194260392718995,48.760843255758445,16.21112053040838
5,2026-05-02,8.25,80.5,0.3858076182805067,low,4.192608819562763e-27,1.5200532834045236e-13,37.61083956438565,51.693345153983074,16.764360580171957
5,2026-05-02,8.5,76.0,0.39933982232047593,low,2.8195824036844016e-06,0.000799139859844258,37.24627078147474,52.91658588243865,17.015906228898963
5,2026-05-02,8.5,76.25,0.3849054137387305,low,1.694724673844717e-05,0.0018459202539270656,36.722155782817204,51.02642216710657,15.663166703957426
5,2026-05-02,8.5,76.5,0.3898244752467855,low,2.8050734688910946e-05,0.0023231834698664838,37.4843000136332,53.05802109727544,15.615813264827286
5,2026-05-02,8.5,76.75,0.38970780442153674,low,1.2795149192516406e-05,0.001673770765223937,37.40324069695409,53.06263397410821,15.35931260103041
5,2026-05-02,8.5,77.0,0.3863908079111651,low,2.7332774423400806e-06,0.0014821343718130762,37.20543530854565,50.134208931204675,14.816388590177356
5,2026-05-02,8.5,77.25,0.3864483012350832,low,5.700799825760042e-05,0.005756436481780713,37.18561020022707,49.18535792099173,15.208445700585843
5,2026-05-02,8.5,77.5,0.39513458653060557,low,0.0012112882866553007,0.02270061261348087,37.3507054109177,49.23033137866838,14.3148660377413
5,2026-05-02,8.5,77.75,0.40720532494535777,medium,0.008154022739637171,0.05608081835718095,37.348789833011864,50.55040557182763,13.614797381355453
5,2026-05-02,8.5,78.0,0.4221931461397742,medium,0.016347488347707002,0.08268210520845043,37.17357370375666,46.96930061186212,13.457544677614413
5,2026-05-02,8.5,78.25,0.4179373374778692,medium,0.010416064448293344,0.07196557582823854,37.867793044585994,50.47158335010872,12.651146643200692
5,2026-05-02,8.5,78.5,0.4006516970374128,medium,0.002451981720201301,0.037026577806523596,37.50419846252651,51.2645073914325,12.613888357332748
5,2026-05-02,8.5,78.75,0.39069313709274284,low,0.00023443086472658395,0.011285869315880808,37.297027284424644,47.57726550747523,14.358685255535754
5,2026-05-02,8.5,79.0,0.39132147001288475,low,8.185271523053983e-06,0.0020296010498554707,36.93621487228892,49.16260781219022,14.250248978983114
5,2026-05-02,8.5,79.25,0.3947397013281056,low,8.942788335220282e-08,0.00021294097908094387,36.8502758767306,51.88772159226166,14.503044409340633
5,2026-05-02,8.5,79.5,0.3909645808101164,low,2.8193149709700265e-10,1.285069151683773e-05,37.4194193906113,51.711327897066816,14.840005956164303
5,2026-05-02,8.5,79.75,0.38891892457705096,low,2.49025805440736e-13,4.4139942876276636e-07,37.24610038874211,48.59349424746467,15.694858449909196
5,2026-05-02,8.5,80.0,0.38784163275126915,low,6.116342058012914e-17,8.80648451387536e-09,37.30567593935612,50.089913205373634,15.313271945972922
5,2026-05-02,8.5,80.25,0.38339095164092335,low,7.555024588851735e-21,1.5368548977463204e-10,36.870974934503295,51.302285529784626,15.913936498061956
5,2026-05-02,8.5,80.5,0.3833909516154125,low,6.850469782251309e-23,9.06618709919258e-12,37.17285203158109,50.69716623001931,16.462763060571547
5,2026-05-02,8.75,76.0,0.4028935419746873,medium,0.00010401824211406792,0.004882184505711951,36.6699684910907,49.550202100580975,16.972052705152212
5,2026-05-02,8.75,76.25,0.3918798159269391,low,0.0006183734707356295,0.011227628884604551,36.90827131234998,48.9148072540414,16.00640875285005
5,2026-05-02,8.75,76.5,0.39243454822369217,low,0.0010133441922890152,0.014062035657539771,37.01939233236616,51.23021515021663,15.69167785228095
5,2026-05-02,8.75,76.75,0.39163001098322797,low,0.0004579919167588755,0.009937515163913224,37.40792486467838,49.869058724733634,15.830187196642056
5,2026-05-02,8.75,77.0,0.3905445594716204,low,7.844962533015115e-05,0.00687109898874516,36.809349282790684,50.7205901968079,15.55634010494315
5,2026-05-02,8.75,77.25,0.3946821233053601,low,0.00044900028548618717,0.018451248180027295,36.73014143920824,51.126923734300675,14.563461000610193
5,2026-05-02,8.75,77.5,0.4183941774099344,medium,0.004692374490386844,0.06211997556196729,37.31368140866057,50.98137242458474,14.24626003342408
5,2026-05-02,8.75,77.75,0.43878024923424175,medium,0.026403450559072984,0.14177461977982314,37.589444434187655,46.63699936499459,13.531257834682712
5,2026-05-02,8.75,78.0,0.46064920960530276,medium,0.05872248494087269,0.20409564024172647,37.16005648314669,49.0990466284531,12.210886792424166
5,2026-05-02,8.75,78.25,0.45313467639470906,medium,0.047951047646029504,0.17958206763678033,37.67053694595151,49.79890048706693,12.463147461082027
5,2026-05-02,8.75,78.5,0.43106123984552236,medium,0.015046937358393565,0.09510163679235475,37.56321073709082,48.852326682864394,13.526146689082186
5,2026-05-02,8.75,78.75,0.41219908994457016,medium,0.0017320825380854918,0.030059128917201042,36.98392548885484,51.568367958102165,14.088739906513492
5,2026-05-02,8.75,79.0,0.3955737328430597,low,6.493307574872588e-05,0.005620598006218811,37.06308379725107,49.54353564799045,13.597007167732794
5,2026-05-02,8.75,79.25,0.39763024587799845,low,7.260543715685772e-07,0.000615502594824326,37.232953177169684,51.09058130260995,14.534808312889234
5,2026-05-02,8.75,79.5,0.3930846741503007,low,2.3306185627808073e-09,3.929432177223625e-05,37.190935877559966,51.05844144949797,15.118641505882815
5,2026-05-02,8.75,79.75,0.3941552253160939,low,2.1477912288282795e-12,1.5163862125862975e-06,36.97127968659821,51.49148357801482,15.423474764852914
5,2026-05-02,8.75,80.0,0.39415496719154025,low,1.2841392396117618e-15,5.3096778606983914e-08,36.92068484426139,48.333594377774375,15.363594838801045
5,2026-05-02,8.75,80.25,0.3886270636603043,low,4.0222048286950985e-17,5.302607684724486e-09,37.070563900770466,50.8056132274003,15.750747148653987
5,2026-05-02,8.75,80.5,0.38862706285126913,low,8.537368492680171e-19,7.162404798073094e-10,37.14777363944857,49.45804775649809,16.710933851330974
5,2026-05-02,9.0,76.0,0.42640642720136485,medium,0.0011723046404757925,0.0173409812269025,36.80972175722669,48.81232624799616,16.895234815686248
5,2026-05-02,9.0,76.25,0.41893311769270225,medium,0.006853065019496205,0.03969749581690836,36.7292160957137,47.76122413386077,17.27716688526392
5,2026-05-02,9.0,76.5,0.4228948977949733,medium,0.011053722295297958,0.04947418401300745,37.13760724497074,49.897167365639405,15.732593489301856
5,2026-05-02,9.0,76.75,0.41847097561438645,medium,0.0049216073972588766,0.03451280425496124,37.14343232143121,48.21541971341106,15.950910046411948
5,2026-05-02,9.0,77.0,0.41221538188214313,medium,0.0007939949596289349,0.020897671753609067,37.15340917302433,51.29713801587571,14.778817668908056
5,2026-05-02,9.0,77.25,0.4264011001118563,medium,0.003251345376614382,0.043703995256057414,36.83096973391693,49.701838318418154,14.08239947245919
5,2026-05-02,9.0,77.5,0.4490303668453288,medium,0.019520767873640238,0.12816395466734218,37.60685830482592,48.96623575172672,14.275705129624729
5,2026-05-02,9.0,77.75,0.7012713984320822,high,0.0641725776406124,0.26318832559067196,38.218460098009544,46.996457198495385,13.57961556940971
5,2026-05-02,9.0,78.0,0.7355767016933806,high,0.12287354696187926,0.35393025723633764,37.65651164248697,43.68095232885112,13.4632820928632
5,2026-05-02,9.0,78.25,0.728071382674788,high,0.10367737603521548,0.30187664296716765,37.796633302461956,47.324369726199194,13.1906923081919
5,2026-05-02,9.0,78.5,0.4600118782293996,medium,0.03442469000185963,0.15981638918146174,37.43533535646085,47.037240914213015,13.45565881672119
5,2026-05-02,9.0,78.75,0.431600743818524,medium,0.004152308314367135,0.05192041735832411,36.40934946869573,48.874581490965134,14.120414825812372
5,2026-05-02,9.0,79.0,0.4151613031743989,medium,0.00016612250697462547,0.010286829029979848,36.74376749365561,50.698116955995715,13.977150752118467
5,2026-05-02,9.0,79.25,0.4127526287818236,medium,2.1132311573553674e-06,0.0012480454132864844,36.4921589504505,50.90802261487913,14.377874424665697
5,2026-05-02,9.0,79.5,0.41316856052824125,medium,9.017593683793475e-09,9.778388287542664e-05,36.67872877914591,48.5954177182169,14.944031448096927
5,2026-05-02,9.0,79.75,0.4104899300816605,medium,3.137801849695767e-11,6.896797789086889e-06,36.45024590116524,51.67878902706471,16.237548692124825
5,2026-05-02,9.0,80.0,0.40807222744549354,medium,2.0432338618715457e-12,1.0239778656920097e-06,36.668979036440454,51.14012865495867,15.944671601239124
5,2026-05-02,9.0,80.25,0.40496085718672764,medium,1.3421005065787755e-13,2.199822645801131e-07,36.769658280334575,50.94996073617313,16.55112300098416
5,2026-05-02,9.0,80.5,0.40496082416761997,medium,2.942536715437813e-15,3.2799217631957565e-08,36.717710111629906,48.67585573676718,16.19814657076171
5,2026-05-02,9.25,76.0,0.43097444540035157,medium,0.0045219477382618094,0.036522501215450365,37.066536519895415,49.45100093484107,17.21404226852452
5,2026-05-02,9.25,76.25,0.4422778620753239,medium,0.025912238311992054,0.08326317588804877,36.85022346246687,49.78712844064117,16.331092545143104
5,2026-05-02,9.25,76.5,0.4453666081170681,medium,0.04096862433708835,0.10332143541205407,37.14190576938731,49.23005263985962,16.250308742882766
5,2026-05-02,9.25,76.75,0.43835271603948756,medium,0.017878806972313303,0.07140113745547408,36.98019892431849,48.7170902831068,15.871981830880468
5,2026-05-02,9.25,77.0,0.42026262973783046,medium,0.0026415651373696107,0.03963224864480014,36.72453058890914,49.862493794574995,15.443028068069719
5,2026-05-02,9.25,77.25,0.437724134318726,medium,0.00831460127551931,0.07007281210566682,36.79661832271914,50.09626082547832,14.562682826100946
5,2026-05-02,9.25,77.5,0.4653991825812954,medium,0.04534428652951365,0.19094961840237543,37.42054814736802,45.35864590457738,14.437930997945777
5,2026-05-02,9.25,77.75,0.7335415136874147,high,0.11140433756350769,0.3651043563481009,37.899693912025796,44.508750928600335,13.230400707845039
5,2026-05-02,9.25,78.0,0.7647605619972773,high,0.15320512700803415,0.4585187266435017,38.32464262337172,43.03256828407305,13.401320790145274
5,2026-05-02,9.25,78.25,0.7344123964580885,high,0.10636692885930224,0.3739992974879915,37.50628084507986,43.18173325486446,13.27307296938191
5,2026-05-02,9.25,78.5,0.47330806391611346,medium,0.035800734867706574,0.19796832847463358,37.3130456806496,49.424670973461076,12.952829975541022
5,2026-05-02,9.25,78.75,0.4396866678761783,medium,0.0055784088441565025,0.06853471897800825,36.8119856674399,46.82352957413124,13.416847621915448
5,2026-05-02,9.25,79.0,0.4161547449588229,medium,0.00034858899839017944,0.015775218648538664,36.73599945568319,49.486630881996746,14.03399028749891
5,2026-05-02,9.25,79.25,0.4137743831504299,medium,8.708552680897955e-06,0.002548153010116398,36.88405422690832,51.068878117365564,13.947618727473984
5,2026-05-02,9.25,79.5,0.4115170897644251,medium,1.4843190185427966e-07,0.00035310724100233996,37.11793986096806,51.460958886427626,14.989403867004285
5,2026-05-02,9.25,79.75,0.41628444549573157,medium,1.0964756986744308e-08,7.058425907510563e-05,36.26018501138643,51.56440096594582,14.685527697362547
5,2026-05-02,9.25,80.0,0.4080758290717539,medium,1.732513773318616e-09,2.1440000638380548e-05,36.44453905997659,51.06338263114634,15.582555965692396
5,2026-05-02,9.25,80.25,0.4049617617560406,medium,1.2516756876792864e-10,5.34782797506947e-06,36.94604018360754,50.574739846980506,16.387797422300093
5,2026-05-02,9.25,80.5,0.40496096359963263,medium,2.7960853090162636e-12,8.232279336884124e-07,36.78703959234719,50.20372313001014,16.10760821757295
5,2026-05-02,9.5,76.0,0.4372299962722044,medium,0.0069218461765067525,0.046252607951143505,37.085172797606454,51.002773520351944,17.21365372760094
5,2026-05-02,9.5,76.25,0.44349913669141316,medium,0.03916136702451761,0.1049587213126138,37.06999261211029,51.46226779507815,16.46572764404833
5,2026-05-02,9.5,76.5,0.4579002941520933,medium,0.06105007125282821,0.12994867680810926,36.96770561337999,47.136264444817506,15.217451715499784
5,2026-05-02,9.5,76.75,0.4439353260239542,medium,0.026233273966290948,0.0903251204963184,36.922674009095,48.31352875811743,15.478892814246528
5,2026-05-02,9.5,77.0,0.42438577068091365,medium,0.0035033914983504917,0.050956572456711514,37.2266387491723,49.21390775132406,14.797642043855339
5,2026-05-02,9.5,77.25,0.4377101404442424,medium,0.0068162437957130124,0.08278881982017114,36.61434686508003,49.43075191148403,14.788676634094733
5,2026-05-02,9.5,77.5,0.47174319621619376,medium,0.0425963313054252,0.2107897086578069,37.1020227422493,49.55513383789215,14.447859342880044
5,2026-05-02,9.5,77.75,0.7423407590056045,high,0.12220895929812742,0.38874660619850016,37.24111951025681,45.63732593054504,13.865703805611961
5,2026-05-02,9.5,78.0,0.7697283282274935,high,0.16409306653787395,0.473200049969539,37.794121464728214,47.172119551117184,12.942425883553556
5,2026-05-02,9.5,78.25,0.7307956002469622,high,0.10768247341430565,0.37986212428438343,37.65615266802618,45.23985303997721,12.546611782558935
5,2026-05-02,9.5,78.5,0.4753703763701764,medium,0.04588305280696184,0.20883462106323278,37.033203009975566,47.726369523289264,12.825658866167801
5,2026-05-02,9.5,78.75,0.4423589459503982,medium,0.011071378853689794,0.08353500446212425,36.79854966186977,51.48591578774594,13.430158135616534
5,2026-05-02,9.5,79.0,0.42078986570094423,medium,0.0012800347701468686,0.025947365574588464,36.20666540497221,48.657579172076474,14.339098609088493
5,2026-05-02,9.5,79.25,0.4141255508110517,medium,9.572489371331302e-05,0.006789276970467462,36.44047467055394,52.24862644909806,14.92692327041774
5,2026-05-02,9.5,79.5,0.41119255100410035,medium,8.376481100492131e-06,0.0018635868958609414,36.510489887274446,50.42618790123692,14.59822254025263
5,2026-05-02,9.5,79.75,0.4116061594498304,medium,2.0984454119871544e-06,0.0007034341583008676,36.51031282973452,49.33063972500945,15.261098300379244
5,2026-05-02,9.5,80.0,0.412233642444855,medium,4.234723678444904e-07,0.0002708893833762542,36.92692432257322,49.91864345103508,14.711498261727371
5,2026-05-02,9.5,80.25,0.40946043604851035,medium,3.238934490773036e-08,7.177810034306687e-05,36.02529289479325,50.20968092483112,16.343527717490307
5,2026-05-02,9.5,80.5,0.4057099469549974,medium,7.316416160383963e-10,1.1276569042972138e-05,36.778484826262485,50.91265281195973,16.029493258032662
5,2026-05-02,9.75,76.0,0.4264666471657542,medium,0.004281623723927745,0.036479934866698045,36.6329435191752,48.06234278990535,16.605836116702925
5,2026-05-02,9.75,76.25,0.43778367837904764,medium,0.024134172846942803,0.08042360253099937,36.05445023740163,50.773631344217236,16.013209431915413
5,2026-05-02,9.75,76.5,0.4423144004525725,medium,0.03753385469258499,0.09965702113853656,36.36101677548511,49.19760203075044,15.69880381065616
5,2026-05-02,9.75,76.75,0.4351763955836583,medium,0.01617690711220496,0.07597259974242829,36.69316754745266,48.212276403674984,15.314957598043872
5,2026-05-02,9.75,77.0,0.43242334039625296,medium,0.003274004535707338,0.06522403584887496,36.97532711406719,50.108680934680194,14.756016336422839
5,2026-05-02,9.75,77.25,0.4412604130053081,medium,0.007359585479564104,0.11562161317483238,36.41686776902611,46.968181518607416,14.68383302128384
5,2026-05-02,9.75,77.5,0.4651766080284899,medium,0.027907169593027883,0.22374914334553894,36.86871764366875,48.89842749515842,14.398817107114633
5,2026-05-02,9.75,77.75,0.7248597647679573,high,0.08747271446195086,0.34839143519778926,37.35589040854845,44.938101646490054,13.5343126556328
5,2026-05-02,9.75,78.0,0.7474459039565621,high,0.1316271269788765,0.3965874239067715,37.18860744567945,43.698994234662436,13.356696408733104
5,2026-05-02,9.75,78.25,0.7275293053138094,high,0.08951920673015225,0.3166847725677741,37.35283089981642,46.22420960805717,12.03320873446296
5,2026-05-02,9.75,78.5,0.46914748621831964,medium,0.043031360828967434,0.18949800554713275,37.268204611182185,47.83314570814328,12.571483857223285
5,2026-05-02,9.75,78.75,0.44586508856344936,medium,0.018440645304858026,0.0976209584469272,36.47577995908964,49.5594693742535,13.90014642804435
5,2026-05-02,9.75,79.0,0.4306264404441043,medium,0.0060980086010444115,0.045561341582468703,36.10637785770951,52.10461958403007,13.93103510072133
5,2026-05-02,9.75,79.25,0.41227865471424663,medium,0.0010965285419992287,0.018941826892749956,36.47282382052675,50.06692088264604,14.266831579674436
5,2026-05-02,9.75,79.5,0.41032465880806523,medium,0.00029441587231395866,0.008494983977993314,36.36697054861391,51.24993769745995,14.841012974510852
5,2026-05-02,9.75,79.75,0.4075442092220799,medium,0.00012503430580095286,0.0044501647831705375,35.84831532407115,49.6838974682841,15.7228018271791
5,2026-05-02,9.75,80.0,0.40466796406495353,medium,2.9246162091216955e-05,0.0019201066553840179,36.648387100225435,49.0782907914602,15.563776489931877
5,2026-05-02,9.75,80.25,0.4039700314168863,medium,2.3168724524471574e-06,0.0005279947839105316,36.61979794086375,51.367989974742315,15.321055907513635
5,2026-05-02,9.75,80.5,0.40496864630189655,medium,5.26821787511162e-08,8.419198022680315e-05,36.40360085021852,48.52308833157894,16.810835721435385
5,2026-05-02,10.0,76.0,0.42182924328461113,medium,0.0015562423137539165,0.026032092740698745,36.29843540369516,49.81078172749565,17.242602522451573
5,2026-05-02,10.0,76.25,0.4195514353273345,medium,0.00553811485374508,0.043706744122742454,36.32621202388836,49.958519590727946,15.880712599205543
5,2026-05-02,10.0,76.5,0.4233164990463929,medium,0.008174383045064034,0.0520497223376077,36.306430792241684,50.10265541026418,15.965762370534241
5,2026-05-02,10.0,76.75,0.42903273693210586,medium,0.004626861566355782,0.05977665385645313,36.42115488418001,51.047874207211954,14.74821553003115
5,2026-05-02,10.0,77.0,0.44014123198063615,medium,0.01301052272927519,0.11333617209441758,36.17021301656406,49.21611678809711,15.267180693504281
5,2026-05-02,10.0,77.25,0.4650174486491192,medium,0.048972882673692354,0.22144093468412382,36.75125910943418,46.82892770467045,14.358916207774973
5,2026-05-02,10.0,77.5,0.7202324303425451,high,0.07562836346178661,0.31041023778428484,36.97872600099286,45.05675654040413,14.094054103962113
5,2026-05-02,10.0,77.75,0.7315953623124409,high,0.07046713821086785,0.327304615890173,37.293355094098104,46.442934816375804,13.513012792023092
5,2026-05-02,10.0,78.0,0.722845890717679,high,0.06984764620311457,0.28513425028549794,37.074149772848884,48.360576952908254,13.388378911595476
5,2026-05-02,10.0,78.25,0.47580146593045325,medium,0.0440094736633347,0.2091168452579977,36.73443038415147,50.34368690565963,12.06345626963045
5,2026-05-02,10.0,78.5,0.45592412474482014,medium,0.028452798913993504,0.14349435796047746,36.55193706653576,46.995298008896675,13.066394277275332
5,2026-05-02,10.0,78.75,0.44632088495932043,medium,0.0340780241414805,0.10555989330806653,36.93221667393383,51.10084946517537,13.714369138936933
5,2026-05-02,10.0,79.0,0.433414079504526,medium,0.019252730203314788,0.07157608796394108,36.50419502313779,49.29839542816435,13.517326400417453
5,2026-05-02,10.0,79.25,0.4174020832727884,medium,0.0061879064416856325,0.04187019486258209,36.29703493733047,50.3731736166584,15.004744633567734
5,2026-05-02,10.0,79.5,0.410800065993669,medium,0.0038172819192805883,0.026113014945941534,35.595136129556465,47.800858928060116,14.926403333160067
5,2026-05-02,10.0,79.75,0.4088579553554116,medium,0.002190140919597928,0.016381785378473308,36.367467096849246,50.04209273672522,15.26095628638103
5,2026-05-02,10.0,80.0,0.40573265525543406,medium,0.0005648297406380567,0.007534955331653473,35.87621239643902,49.51897812040052,15.846183430012326
5,2026-05-02,10.0,80.25,0.4015949780685625,medium,4.5710620365249643e-05,0.0021239641574784564,36.32695209877726,50.8690865724074,15.950012402872371
5,2026-05-02,10.0,80.5,0.40018099861142004,medium,1.0434418184280656e-06,0.00034240243130822,36.410058030522634,49.320515409317494,16.43422781237257
5,2026-05-02,10.25,76.0,0.4277556858224098,medium,0.00864268650972742,0.04036086091286446,35.36686858256439,50.35737246782328,16.577975293200517
5,2026-05-02,10.25,76.25,0.4147857083735495,medium,0.005104729554997505,0.03880040431386811,36.278753423117486,50.977011370282206,16.99780228882636
5,2026-05-02,10.25,76.5,0.41364629931012464,medium,0.0015407654862603696,0.0351414267430185,36.66404291607318,48.97446989550417,16.245639213687177
5,2026-05-02,10.25,76.75,0.42987757254342074,medium,0.004486830901572367,0.06474153010848349,36.1354744665944,50.19495577168822,15.540105115157779
5,2026-05-02,10.25,77.0,0.45573375264642757,medium,0.03577641617387776,0.1704825244857638,36.962150515466284,51.62884350343844,15.064265775531455
5,2026-05-02,10.25,77.25,0.7430547849896135,high,0.12674249142833868,0.32880335152246315,36.639704602305244,44.57305259145142,14.919504345243942
5,2026-05-02,10.25,77.5,0.7638253431588827,high,0.17555346265261132,0.4029232892541725,36.981723175238464,46.40572253705006,14.021393905688358
5,2026-05-02,10.25,77.75,0.731082180789184,high,0.09902328099983065,0.32381059848936544,37.097483132451416,45.44336286498498,13.879112573874744
5,2026-05-02,10.25,78.0,0.47175562887734707,medium,0.032042907146273183,0.195042494790619,36.3157783717626,48.45558165732101,13.10329477651652
5,2026-05-02,10.25,78.25,0.44765950101479834,medium,0.012687987418575295,0.11475323015581827,36.76497896893151,50.207788109590936,12.949869437980178
5,2026-05-02,10.25,78.5,0.44351501298778695,medium,0.017452717920803756,0.09727296506694844,36.62020101276994,51.595871950944655,12.792976688933672
5,2026-05-02,10.25,78.75,0.4507276291802438,medium,0.0332818368799751,0.10784453794913963,36.13700332188129,48.40965835416854,13.89898008426051
5,2026-05-02,10.25,79.0,0.4421181584638578,medium,0.023544372224825052,0.09976963578612416,36.4193131280482,49.7504403310952,13.857816209613771
5,2026-05-02,10.25,79.25,0.43564323533375005,medium,0.015074332411370088,0.07420572232240252,36.55192903100896,50.3344793850928,14.23837147424207
5,2026-05-02,10.25,79.5,0.4240754652818723,medium,0.015626206209363912,0.05328597336721804,36.403538031807486,49.99813468836876,16.03990260769942
5,2026-05-02,10.25,79.75,0.4168644829790058,medium,0.01103053401611875,0.035017652483902845,36.4137987784924,48.599268759044456,15.540100010259216
5,2026-05-02,10.25,80.0,0.4052247424555656,medium,0.0030305036958997666,0.016418240233008228,36.029932048312425,47.896606483947906,15.970225035763809
5,2026-05-02,10.25,80.25,0.3996574126380541,low,0.00024840684273625476,0.004680696242158942,35.88036760222652,48.0376650008068,16.106099422860005
5,2026-05-02,10.25,80.5,0.4075051662607728,medium,5.683388912672924e-06,0.0007592082855342737,36.228629682395734,52.41675036771511,17.055105600041152
5,2026-05-02,10.5,76.0,0.4418491188951529,medium,0.03155967514484057,0.07085711513512767,35.694118265206285,48.72745753545835,16.505316328985575
5,2026-05-02,10.5,76.25,0.429047280544562,medium,0.017710118360024275,0.06334485792065156,36.0850456890717,49.657206054459174,16.198392814220405
5,2026-05-02,10.5,76.5,0.41717070428272707,medium,0.004339125344949103,0.051700256121928176,36.17778729417131,47.877190409751876,15.344900573571485
5,2026-05-02,10.5,76.75,0.4304110206552206,medium,0.009061802119934808,0.07787091654613315,35.840098064087336,50.8703874474745,15.320182305954802
5,2026-05-02,10.5,77.0,0.45813881740789364,medium,0.036658934561520654,0.16972334674354259,36.1885896010221,52.199000100335404,15.362474222415395
5,2026-05-02,10.5,77.25,0.7304020790354766,high,0.10075636391391775,0.2972809591006896,37.131190502711235,46.312490090415835,14.961728791315457
5,2026-05-02,10.5,77.5,0.7429299988412903,high,0.12875509248925152,0.34021454206271745,36.66187191696913,45.80364033010474,13.872847709569903
5,2026-05-02,10.5,77.75,0.6888833236144684,medium,0.06710562996519309,0.2446477712587441,36.57220760736321,46.0383636281683,12.847612161576045
5,2026-05-02,10.5,78.0,0.449407721703297,medium,0.013901608816145347,0.11849290049707648,36.18250074039059,49.54615860539844,12.796245061912606
5,2026-05-02,10.5,78.25,0.4353899573100973,medium,0.0023923134817769635,0.06304573364721724,36.141356187977486,50.71918843765303,12.658019030109946
5,2026-05-02,10.5,78.5,0.4409012457910498,medium,0.007548640840807451,0.09023746555759637,35.90606326868238,50.36578899092721,13.060687246266976
5,2026-05-02,10.5,78.75,0.45431941119038677,medium,0.02264511769581729,0.15804215315675413,36.40502175257906,47.29493326057779,13.510687610665872
5,2026-05-02,10.5,79.0,0.46219470207379443,medium,0.02653006717502917,0.18663818832740148,36.00191803188458,48.26808424562277,13.721725362919011
5,2026-05-02,10.5,79.25,0.44872766181010976,medium,0.019967955420823556,0.14663327138048526,35.790883459998476,47.49165609957734,14.53725932446056
5,2026-05-02,10.5,79.5,0.43352038409301696,medium,0.02011501020313223,0.08960175517527763,36.76262969951908,50.161440942601324,15.829013726375898
5,2026-05-02,10.5,79.75,0.4184492225848644,medium,0.01579239005873487,0.048660449301473487,36.52023121974035,51.038046676154735,14.91189722155589
5,2026-05-02,10.5,80.0,0.4062125567234998,medium,0.004500660075782844,0.02086297148971116,35.49567009475579,49.73760032719382,15.966607095381836
5,2026-05-02,10.5,80.25,0.3998676424364307,low,0.000371577369534522,0.005775698302036387,35.82793793633254,50.38307140331799,16.283728453589
5,2026-05-02,10.5,80.5,0.4027019287011573,medium,8.51207362854603e-06,0.0009275967096620299,35.6455370089005,51.44995480406797,16.83032060541089
5,2026-05-02,10.75,76.0,0.4444670286794913,medium,0.0326420626444166,0.08484742622864926,35.94348965170673,48.76648077457125,16.72324221220425
5,2026-05-02,10.75,76.25,0.4377844207504936,medium,0.021124348463131288,0.0964925974159712,36.0129528663087,49.96241781924585,16.733276668102285
5,2026-05-02,10.75,76.5,0.43364000698382066,medium,0.013234592120586284,0.1009162241475138,35.84787464444269,48.1846852844584,15.465533008356106
5,2026-05-02,10.75,76.75,0.43318951094437996,medium,0.017718546934085998,0.10853920878512711,36.39594745833707,46.90964800275286,15.140527518474183
5,2026-05-02,10.75,77.0,0.4438320488818318,medium,0.023462327519799996,0.1305386237084361,35.77376717920505,48.95026423699465,14.790221378086308
5,2026-05-02,10.75,77.25,0.451214051143345,medium,0.033205429926519626,0.16872243500394102,35.78061546528594,48.05284190312919,15.184643919248746
5,2026-05-02,10.75,77.5,0.4574352755275354,medium,0.03405862016753608,0.17300005331818535,36.221712949131174,49.64067290825799,13.60241107074329
5,2026-05-02,10.75,77.75,0.4466839100750479,medium,0.015600077327957814,0.116918927488816,36.364515546553704,49.967728413139874,13.743516107638616
5,2026-05-02,10.75,78.0,0.4228959491911786,medium,0.002855571378787437,0.05655768340746338,35.05266621277271,53.574726211858405,13.479203483571563
5,2026-05-02,10.75,78.25,0.43208383719551763,medium,0.0015677378661601586,0.05865136138197604,36.02335296574327,51.110386186700026,12.12483927632288
5,2026-05-02,10.75,78.5,0.4556078304335652,medium,0.015525744884438763,0.16555820174680386,36.14559710981147,47.65212733653589,12.50372454019032
5,2026-05-02,10.75,78.75,0.7215771729603109,high,0.07172658279128813,0.34947910860438447,36.87967396524602,44.90809611417102,13.175071161924784
5,2026-05-02,10.75,79.0,0.750754884971471,high,0.11242771698288648,0.44180640345815186,37.24250688306967,41.798647366610474,13.30319724672189
5,2026-05-02,10.75,79.25,0.7275623249757354,high,0.05912166933722874,0.33843114688993353,36.46881325366217,46.7800282618805,14.505151360108814
5,2026-05-02,10.75,79.5,0.44996417107416553,medium,0.017049397058886643,0.17028372788163637,36.39808308409139,47.86750608412077,15.382291676290151
5,2026-05-02,10.75,79.75,0.4298075196213401,medium,0.007342016854663162,0.06488976957297812,35.90911991282043,49.97454609986087,15.202125573917582
5,2026-05-02,10.75,80.0,0.4057399832945582,medium,0.0019074896960696868,0.020221474809929876,35.731914983049556,51.142082485713715,15.643358721321157
5,2026-05-02,10.75,80.25,0.399638295673135,low,0.00015432995393180332,0.00464624098064683,35.54745757004107,49.73745346925189,15.968957800077995
5,2026-05-02,10.75,80.5,0.4002407021889247,medium,3.514537085796932e-06,0.0006789165112438397,35.445074890949584,49.89246307217333,15.895251415575894
5,2026-05-02,11.0,76.0,0.44240013634469844,medium,0.015247573591933572,0.08679744804203511,36.193218936382806,49.18869903439254,16.77099086802068
5,2026-05-02,11.0,76.25,0.45004443586635035,medium,0.026840539034971703,0.15060429893359706,35.73278645471393,49.41987095466456,16.135301000934266
5,2026-05-02,11.0,76.5,0.4626413880921426,medium,0.051151398222837624,0.20570292863353962,36.060633104777956,48.16737985254334,15.707673286145678
5,2026-05-02,11.0,76.75,0.4575261106909846,medium,0.04698661457832066,0.1938478394395093,36.23821858182631,47.58997324202377,15.223216191300093
5,2026-05-02,11.0,77.0,0.44523965964873,medium,0.018082025942424765,0.12904573197859345,35.4891378475663,48.712065046128785,14.465329443187091
5,2026-05-02,11.0,77.25,0.4343207606242453,medium,0.007405450303232143,0.08194720611144671,35.59897545757014,50.788685294956146,14.063111315860986
5,2026-05-02,11.0,77.5,0.42677086492685123,medium,0.0049747830086222244,0.059244047002988486,35.46473338214765,50.06048456880426,14.274122711902717
5,2026-05-02,11.0,77.75,0.41454180328367446,medium,0.0017552698112417806,0.03824016242421982,35.685259268800046,49.439596493889034,13.42597454444814
5,2026-05-02,11.0,78.0,0.41241466711693586,medium,0.0005930368673361881,0.032406565058878095,35.47803372307794,47.77647155037387,13.516822290475297
5,2026-05-02,11.0,78.25,0.4389964919013683,medium,0.004761596403418648,0.09532928605650352,35.63792261070638,50.01094791700013,12.223048954826456
5,2026-05-02,11.0,78.5,0.7112633596928137,high,0.04320393075777072,0.3133398767700811,36.027936701740444,46.5933053857589,12.746708057231718
5,2026-05-02,11.0,78.75,0.8015995953628632,high,0.18796388540722958,0.6565024875376031,37.3258752774371,38.907757456934846,13.31395625839693
5,2026-05-02,11.0,79.0,0.8447222698307366,high,0.30241566955344695,0.82853963550105,37.97361224768182,40.15308699054345,14.047664190406072
5,2026-05-02,11.0,79.25,0.799319446336875,high,0.17449561903037902,0.6404587575329359,37.40692880902521,42.56502143035889,14.09043544796112
5,2026-05-02,11.0,79.5,0.7145536620986133,high,0.04768777695708983,0.31884825176912523,36.15106979535354,46.8768365779955,14.257857492557422
5,2026-05-02,11.0,79.75,0.4387071772201082,medium,0.008428127509315153,0.10880706334701665,35.70045917965274,48.32284145344454,15.255033845065125
5,2026-05-02,11.0,80.0,0.4090561513668229,medium,0.0007688801558919721,0.026215310908947336,35.70496114014322,50.42162269047918,15.561635354462512
5,2026-05-02,11.0,80.25,0.4044029909879763,medium,3.0238733360265968e-05,0.004354636812161404,35.55821574037368,52.33457465273447,16.409564358592036
5,2026-05-02,11.0,80.5,0.39537117016508744,low,4.828389405510237e-07,0.00047609056373220575,35.09470815990907,51.05010583783337,17.42620602065775
5,2026-05-02,11.25,76.0,0.4445632213676288,medium,0.016333256891542608,0.09412942335356483,35.393765538641354,50.12317259727247,17.385495767914833
5,2026-05-02,11.25,76.25,0.46373986975831766,medium,0.05617720393972606,0.2153643381940499,36.015941354914084,48.01345494198513,17.209220917218204
5,2026-05-02,11.25,76.5,0.7389473008252945,high,0.12859565638954054,0.32904731029529594,36.379697775906855,48.16384347207482,15.252818299737461
5,2026-05-02,11.25,76.75,0.7296651269154728,high,0.11076983931000907,0.3065479745919628,36.693516132842916,42.62605996189018,15.919770958238484
5,2026-05-02,11.25,77.0,0.45243974827235445,medium,0.03022278117012218,0.1739369666025552,35.84740221978141,50.1251503167678,15.026629547937862
5,2026-05-02,11.25,77.25,0.4271548450225082,medium,0.0034833039342907104,0.07066107655284834,35.23388936900166,48.60529820227816,15.091820435451458
5,2026-05-02,11.25,77.5,0.4114683286131515,medium,0.0007698633282357757,0.031411023250751055,35.234101509605786,50.30291314276125,13.814735639063349
5,2026-05-02,11.25,77.75,0.40919103778440397,medium,0.0009204730511152185,0.024489539010464453,35.465107197331264,49.295092688964125,13.482373257982218
5,2026-05-02,11.25,78.0,0.4180695698575831,medium,0.002702883679879026,0.04579798892109583,35.26735260708803,47.32862860546,12.91007756904565
5,2026-05-02,11.25,78.25,0.45313941396674984,medium,0.011666585581425859,0.15122364690049755,35.68842479644723,50.516324778887714,12.876730409484473
5,2026-05-02,11.25,78.5,0.7400146687645408,high,0.08035081915312328,0.44722387416265874,36.413186728434056,41.46763154401137,13.527238397295994
5,2026-05-02,11.25,78.75,0.8554947339595789,high,0.288575037978893,0.8784845325405607,37.938259922663136,37.69771678223472,12.829375444626173
5,2026-05-02,11.25,79.0,0.8993205994961843,high,0.40985110991376944,1.0,38.475815744832836,33.453455776326535,13.953002335019848
5,2026-05-02,11.25,79.25,0.8423140234826554,high,0.2659620430276823,0.8552638727902274,37.8315358007474,38.32841025690341,14.09311861470707
5,2026-05-02,11.25,79.5,0.7471545688168106,high,0.10395103539315544,0.4554565465817899,36.987079290238995,44.302286074517895,15.550088792792135
5,2026-05-02,11.25,79.75,0.4524929394196666,medium,0.021420980143787776,0.16745428011103253,35.3005569447151,50.985374562402455,15.625857991062365
5,2026-05-02,11.25,80.0,0.41428431644877406,medium,0.0016312426589894398,0.0414759400039318,35.52352369623597,49.27082351250184,17.276405350105396
5,2026-05-02,11.25,80.25,0.39997421917236886,low,3.991267051391021e-05,0.006640468501710095,35.396622838419795,50.2078815363094,15.482126700472003
5,2026-05-02,11.25,80.5,0.4002399296777164,medium,3.614528140795936e-07,0.0006770146193600466,35.38230183942644,51.167825520419726,16.62857344110418
5,2026-05-02,11.5,76.0,0.43425126467978875,medium,0.011958035803790724,0.08428644051667745,35.14296575137201,47.52481591014232,16.93678950885381
5,2026-05-02,11.5,76.25,0.45628121215433887,medium,0.0555480610393736,0.21317512735051114,35.6144190234439,46.189244574487425,16.229536554269817
5,2026-05-02,11.5,76.5,0.7392240855139793,high,0.14613934023980463,0.34100879706116577,36.6844248331637,44.92876313245589,16.589193190489144
5,2026-05-02,11.5,76.75,0.7432135290083207,high,0.13120560199736944,0.3294811767022027,36.41614952946145,48.25812302629525,14.639184520823205
5,2026-05-02,11.5,77.0,0.4586764037295686,medium,0.04114060718890114,0.20479123895891543,35.90614061895829,47.16629080695841,14.930771640529041
5,2026-05-02,11.5,77.25,0.43365969576043084,medium,0.012122600037080392,0.10469027185783117,35.74364208272817,49.00829110865439,15.156992431411876
5,2026-05-02,11.5,77.5,0.42496734411552406,medium,0.00519380583581846,0.06211709171857412,34.989595220429706,47.82719422808546,14.501253720459918
5,2026-05-02,11.5,77.75,0.42231623126536544,medium,0.006511316369726599,0.05569662563697997,35.66989398301299,49.79373794122392,13.600527026089635
5,2026-05-02,11.5,78.0,0.4309406668947312,medium,0.013830891039546465,0.08513696528245654,35.056475737879495,50.04359023124983,13.671942809507206
5,2026-05-02,11.5,78.25,0.46812112797777594,medium,0.027753203396546963,0.1981721511204,35.41475356236666,50.66114441431203,12.209362668966975
5,2026-05-02,11.5,78.5,0.7479279358414561,high,0.10137733768077166,0.4755628288621101,36.425153261027724,40.42321166387943,13.681835031089307
5,2026-05-02,11.5,78.75,0.8451518846601429,high,0.2796594124052536,0.8421332825740665,37.91910622020456,37.09214712699721,13.997685875430667
5,2026-05-02,11.5,79.0,0.8790846281675767,high,0.33351370073783415,1.0,37.82934234895737,33.46665546323279,14.412552286936027
5,2026-05-02,11.5,79.25,0.830808069437798,high,0.23068541229338527,0.8258584831009935,37.790899153893236,35.55643934390054,14.649165469798543
5,2026-05-02,11.5,79.5,0.760197594089576,high,0.115179247519216,0.49317458364959016,37.0411085809487,42.2600145617442,14.642234678312553
5,2026-05-02,11.5,79.75,0.46114888679614663,medium,0.02797782170891752,0.21138540552438728,36.074622478383674,49.12392138944551,15.72866756224089
5,2026-05-02,11.5,80.0,0.4255004275543727,medium,0.0027405234516620315,0.06186590595623103,35.4594228015103,48.82054324773924,15.502248772772923
5,2026-05-02,11.5,80.25,0.3954014604269287,low,0.00013455618916540882,0.01199829762328678,34.898099664898496,47.312296897010995,16.19983873084292
5,2026-05-02,11.5,80.5,0.39423772184125894,low,4.022908625035016e-06,0.001548690288678385,35.05260509181904,49.63445659416304,16.58259944494296
5,2026-05-02,11.75,76.0,0.4307894715703041,medium,0.0036644765184714804,0.05735584374219551,34.92262179853945,51.34006223657482,17.27823013440123
5,2026-05-02,11.75,76.25,0.44674128500977894,medium,0.020075690284266576,0.13719419224582116,35.337260787871884,48.766951368969984,16.30415765027439
5,2026-05-02,11.75,76.5,0.46340671163209063,medium,0.057334731378827476,0.21888308867432493,35.60359975829215,48.22465192521652,15.678225248280736
5,2026-05-02,11.75,76.75,0.566499048618446,medium,0.05722791222646626,0.23047070820804005,35.520371697547915,47.59627667699577,16.05546456842837
5,2026-05-02,11.75,77.0,0.460611497933491,medium,0.04271271291818886,0.19043370244189078,36.01961755486223,49.76202666330369,15.4233220461248
5,2026-05-02,11.75,77.25,0.45117311326635334,medium,0.04643134591737641,0.15809856973566214,35.93892494982155,49.26185290969833,15.190334111802027
5,2026-05-02,11.75,77.5,0.4500798410279635,medium,0.026359689400700218,0.13581730073780696,35.50066070971577,47.788938939355695,13.808644043791864
5,2026-05-02,11.75,77.75,0.44653825346409337,medium,0.02198845331467267,0.12351810045813595,35.39459125347285,48.70709558098465,13.297443866610408
5,2026-05-02,11.75,78.0,0.4496867859097022,medium,0.029514843113323135,0.13670892728172587,35.62568118921373,49.96471958824719,13.467215782282025
5,2026-05-02,11.75,78.25,0.461339304121829,medium,0.045628828435662225,0.21634257448261404,35.67477152682303,45.51009425725646,12.97518144759098
5,2026-05-02,11.75,78.5,0.7311196861631447,high,0.09330885450629639,0.40031741364860396,35.498133918177636,43.82157834398731,13.039021569058692
5,2026-05-02,11.75,78.75,0.7917102930078153,high,0.15667335702201204,0.6198325793515962,36.707529810321105,41.619022654549674,13.069253878233745
5,2026-05-02,11.75,79.0,0.8138993548160955,high,0.1655491035864991,0.7260898817633653,37.07598409859283,42.11916787625708,14.44982664555724
5,2026-05-02,11.75,79.25,0.7976543554392527,high,0.15769958819797258,0.6664226783148391,37.1422860257103,40.62499430480346,14.748756456245806
5,2026-05-02,11.75,79.5,0.756747662051763,high,0.12079706905197994,0.4829030675748325,36.64016595646498,43.658462805710805,15.20489761363371
5,2026-05-02,11.75,79.75,0.6803883116191511,medium,0.04706071328511422,0.2574595150140744,35.35818487152518,47.00247383254881,14.843465140563096
5,2026-05-02,11.75,80.0,0.4296599571469659,medium,0.008889959566374039,0.09419186741852315,34.92598980341477,50.53895460522271,16.259580148209835
5,2026-05-02,11.75,80.25,0.3974414598738065,low,0.0008658695913210112,0.02298831695060593,34.85620225346317,49.11834762360278,15.702480124409327
5,2026-05-02,11.75,80.5,0.3946223339743269,low,3.631801132689567e-05,0.003703656455534899,35.05952073234542,50.12083851009492,16.877861013335153
5,2026-05-02,12.0,76.0,0.43037907619530985,medium,0.008788166194468145,0.055080957736318395,34.34383219265439,48.98301918137559,17.25570383815777
5,2026-05-02,12.0,76.25,0.4344266902911988,medium,0.01133977255544317,0.08514572531569183,35.307268993456255,50.080172582304606,16.345462563994452
5,2026-05-02,12.0,76.5,0.4289200810120476,medium,0.00967126018869737,0.10423652094744358,34.9504656696074,49.61423336345722,16.01112263655372
5,2026-05-02,12.0,76.75,0.4369710490836361,medium,0.013075164739107782,0.1186626407072022,34.824034950400986,48.802445732805374,14.922966380113829
5,2026-05-02,12.0,77.0,0.4463032747818587,medium,0.04014353596957617,0.14913212212192653,35.063578739486395,49.172322484278155,15.67934800340703
5,2026-05-02,12.0,77.25,0.46248147883283,medium,0.06738118249396194,0.19203517520603555,35.714231311579724,46.5996231348359,14.370393380217399
5,2026-05-02,12.0,77.5,0.46781896637946146,medium,0.06158800715661522,0.2187986245475096,35.26661323976485,48.41729269090363,13.182060198156321
5,2026-05-02,12.0,77.75,0.466961405972378,medium,0.05696397167173734,0.21308337304047006,35.27601092218732,49.27992124439808,13.885550634303536
5,2026-05-02,12.0,78.0,0.4586775623589866,medium,0.03790272874216188,0.18973729804634343,35.13688457350964,47.38920396011416,13.52178628919493
5,2026-05-02,12.0,78.25,0.4591069812987159,medium,0.040647308363673855,0.21133122066331256,35.49391346083397,46.750982487966034,12.974313136871809
5,2026-05-02,12.0,78.5,0.7235680799004421,high,0.07286876336112494,0.30906555951419074,35.83435467042612,48.38313469769019,13.08404150604209
5,2026-05-02,12.0,78.75,0.7391950199695257,high,0.09064442207010269,0.43448950818018456,35.95378209585564,43.2717050527069,13.11838190437388
5,2026-05-02,12.0,79.0,0.7575362027684986,high,0.09702032661760493,0.5334548280707125,36.54478263016333,41.055557990671225,13.223445965069757
5,2026-05-02,12.0,79.25,0.7820477145646322,high,0.1434778399529113,0.5714858360551276,36.795720925668945,42.4421703566568,14.191853397172824
5,2026-05-02,12.0,79.5,0.7676419192628792,high,0.15291692922979058,0.49610382693459565,36.50763855926176,44.148753461388004,14.953559711564335
5,2026-05-02,12.0,79.75,0.7290945814694989,high,0.0809332475952565,0.31627981514693065,35.886677516916805,46.6264168886904,15.712490730587788
5,2026-05-02,12.0,80.0,0.4467057545059571,medium,0.020425568063656415,0.1395065934514368,35.19151974043631,48.35906900031352,15.616824885785734
5,2026-05-02,12.0,80.25,0.40572744715065784,medium,0.00241300107923921,0.04134558179920315,34.854597369394995,50.002756367291944,16.641401953388836
5,2026-05-02,12.0,80.5,0.40022823266612717,medium,0.00011116024469831758,0.00802447405713129,35.30689683621767,50.716719404273974,16.709638617498925
5,2026-05-02,12.25,76.0,0.43855002202463517,medium,0.03149850282044926,0.07948030184240462,34.871271788911926,50.27488892235667,17.419989843706176
5,2026-05-02,12.25,76.25,0.4335453995932011,medium,0.034615794581701706,0.08926129210988781,34.96574370965592,49.574530743386234,16.360093834280836
5,2026-05-02,12.25,76.5,0.43114078567222963,medium,0.010785683282252325,0.06695350396815827,35.500659017991374,51.790547346171515,15.873580548024947
5,2026-05-02,12.25,76.75,0.4186406815268239,medium,0.0036265093977736304,0.060471010104710204,34.82815596171989,50.178666790671656,15.79689602731347
5,2026-05-02,12.25,77.0,0.42922558336439326,medium,0.015462074538730998,0.10033853561509735,35.06145827092607,49.10446173690903,14.57355718202811
5,2026-05-02,12.25,77.25,0.4561050635805689,medium,0.039649806058082035,0.17883046057758673,35.16705797209489,49.49184442956094,14.1401198663741
5,2026-05-02,12.25,77.5,0.7007892531621442,high,0.08352918659983866,0.2610019629481579,35.78744824819825,45.42811648296849,14.50538797242385
5,2026-05-02,12.25,77.75,0.719682102766408,high,0.10137818175834312,0.285621696451197,35.35919034194537,46.57020282065419,14.403224732199238
5,2026-05-02,12.25,78.0,0.6601080665105041,medium,0.05325597660221025,0.24359788452431805,35.39258675167961,45.74448364004566,12.634614890194818
5,2026-05-02,12.25,78.25,0.456440249827346,medium,0.031360229663870046,0.2250537704396431,35.557367316331636,46.646131691779296,13.286549348276823
5,2026-05-02,12.25,78.5,0.6908224881615628,medium,0.049165733558670856,0.2863418252246064,35.03549825121337,44.80845554185886,12.46374725171591
5,2026-05-02,12.25,78.75,0.7284244275787386,high,0.07571710822410624,0.3988602563374109,36.00038584651728,46.084578177966776,13.026607108074563
5,2026-05-02,12.25,79.0,0.7626824149789848,high,0.12260076231810345,0.5151296040858134,35.789343653744446,43.933572210884975,14.150329207789316
5,2026-05-02,12.25,79.25,0.7836669111325755,high,0.15743207138814255,0.5736390437144904,36.403003702984336,41.91906616115624,15.467829621984764
5,2026-05-02,12.25,79.5,0.7720799339877886,high,0.14047868366553273,0.5269567343393099,36.634950905026145,42.97529272111491,15.458265816789652
5,2026-05-02,12.25,79.75,0.7275623513885315,high,0.0874404617172729,0.38476199678888484,35.655595757125994,46.04244612253134,15.162464381801335
5,2026-05-02,12.25,80.0,0.4633157486669086,medium,0.02964071281146367,0.2086627212686191,35.61825093099523,49.29088761114275,16.06256319380883
5,2026-05-02,12.25,80.25,0.42300784931347263,medium,0.004721579019128977,0.07751637397093075,35.413155590862935,47.99579722956615,16.996917518583768
5,2026-05-02,12.25,80.5,0.3941418538629796,low,0.0003010968294138653,0.01842674189754532,34.71475732951647,47.55561522785278,17.222497474037546
5,2026-05-02,12.5,76.0,0.44003025320220523,medium,0.03499861962764208,0.08116653158874829,35.13929134226014,49.54306542426159,16.49977122964827
5,2026-05-02,12.5,76.25,0.43231942890979475,medium,0.038849660822227364,0.0870171219803274,34.84843894957566,48.02609600017936,15.920484721694681
5,2026-05-02,12.5,76.5,0.4193294876615339,medium,0.012089191636987944,0.05772655645592838,34.81567648295834,49.79620926875093,15.84890134961272
5,2026-05-02,12.5,76.75,0.41050510014377456,medium,0.0026656506498100537,0.04381276049799317,34.48946989778079,49.03519764456435,15.847749134416652
5,2026-05-02,12.5,77.0,0.4238468224910204,medium,0.00554180857568733,0.0735771831410009,34.500213069553695,51.542230711603494,14.587328897798107
5,2026-05-02,12.5,77.25,0.44392481484144874,medium,0.021272492511329313,0.15120638383070376,34.934959788798764,46.14919675496672,14.461009557904788
5,2026-05-02,12.5,77.5,0.7005793797914843,high,0.06758144769033869,0.25581963419309,35.48293403272462,46.7470800122351,14.206057522134863
5,2026-05-02,12.5,77.75,0.7259135164003041,high,0.09426674214369664,0.31524502878965893,35.1196399874003,46.25084488169907,13.769633175131643
5,2026-05-02,12.5,78.0,0.7132803884226476,high,0.06760738557887676,0.30482076444951495,35.11404032524694,45.65657756443822,13.546109276093064
5,2026-05-02,12.5,78.25,0.7042005381192874,high,0.0495309334527576,0.3062066493215336,35.57321250701924,46.0808128265341,12.318324561214284
5,2026-05-02,12.5,78.5,0.7252945398009005,high,0.06977653563868631,0.3741459307190721,35.748091830168,46.92799376106848,13.236323547181703
5,2026-05-02,12.5,78.75,0.7529948703008761,high,0.11134623643538066,0.48275431653424455,35.96038468975281,44.972414593826784,13.66515280538604
5,2026-05-02,12.5,79.0,0.7884905014173542,high,0.17187407255401765,0.5770791442484032,35.970940345295695,42.34645111130137,14.117085318929941
5,2026-05-02,12.5,79.25,0.7872826730112235,high,0.16358999432791843,0.6029981164234575,36.44337093638969,43.20202501460468,14.217854432462719
5,2026-05-02,12.5,79.5,0.7793556754019356,high,0.1305263606937818,0.5760221163009405,36.23531038089416,40.661358365664974,15.179715846184825
5,2026-05-02,12.5,79.75,0.7636322319812116,high,0.12868965022863454,0.5020300035821872,35.53004371028521,43.60602026935934,14.819821758002117
5,2026-05-02,12.5,80.0,0.729035915463895,high,0.07537626767924727,0.3380011573741729,35.135544403335096,46.41822810923309,15.908269846261296
5,2026-05-02,12.5,80.25,0.4378169264010734,medium,0.018015904809151842,0.14974684093368137,35.171366277099445,47.19550229770502,16.016745406089193
5,2026-05-02,12.5,80.5,0.4053989619068691,medium,0.0014763526937528041,0.04021935857040315,34.50471352264478,48.81850048490692,16.827096417564785
5,2026-05-02,12.75,76.0,0.42766530214579046,medium,0.011413374957027359,0.0472566369313627,34.87308477295065,49.95614141987487,16.36395594026836
5,2026-05-02,12.75,76.25,0.4191749176881704,medium,0.012817636504492004,0.05232294821988749,35.03875041663033,50.395024506916066,17.041223289942934
5,2026-05-02,12.75,76.5,0.4074637369989391,medium,0.005280648256206582,0.04220919317010483,34.24263089463838,50.26592774238053,16.477638529012097
5,2026-05-02,12.75,76.75,0.41305480101734854,medium,0.009286802543826226,0.04780248478145067,35.07880214982707,50.57833014375519,15.34122465287295
5,2026-05-02,12.75,77.0,0.42587531702352976,medium,0.018619945979452907,0.07879192652497319,34.46542531774701,50.11979681315957,15.464360901130233
5,2026-05-02,12.75,77.25,0.44298178117357906,medium,0.029375499088654698,0.13872738470508436,34.782817827908126,49.07343337215744,14.613451334153321
5,2026-05-02,12.75,77.5,0.5874363892778058,medium,0.06495817517189673,0.22761362187758,35.30240271491496,47.29522535035996,13.54948381559854
5,2026-05-02,12.75,77.75,0.7230182119198447,high,0.09203091719059407,0.3042054932891424,35.70721217901711,45.36032055492699,13.382802601236993
5,2026-05-02,12.75,78.0,0.7227851386506341,high,0.09770269861849973,0.34961710578884253,35.43186835049763,44.970669459151736,13.228938677292474
5,2026-05-02,12.75,78.25,0.7397618567708726,high,0.11498373214316228,0.40614406683790694,35.64412991398054,44.94550290674567,12.941536582391869
5,2026-05-02,12.75,78.5,0.7626941646951915,high,0.1581007376467977,0.4828852576666898,35.58318826183539,43.7328189560442,12.472371941908182
5,2026-05-02,12.75,78.75,0.7822159020683495,high,0.17127378997052364,0.543245369904501,36.2921884131636,42.2048653433891,13.382866016889237
5,2026-05-02,12.75,79.0,0.787848972217222,high,0.17830189798740986,0.5696567892793997,36.304618856083046,40.77051071842067,13.55886710717796
5,2026-05-02,12.75,79.25,0.7817987665266873,high,0.1460438306383623,0.5693232966090942,36.264658963163505,41.40152152243242,14.539538588690727
5,2026-05-02,12.75,79.5,0.7874702166285337,high,0.15297677145381378,0.5960270636432484,35.67609203638748,41.380125146394946,15.008415666537866
5,2026-05-02,12.75,79.75,0.7926350610191875,high,0.22603762023618873,0.608219987956262,36.42242774396325,41.23827680360647,15.353627697285228
5,2026-05-02,12.75,80.0,0.7665381816750692,high,0.16594558958200606,0.4624542204678346,35.96289167990413,43.117746551825114,15.634811345198164
5,2026-05-02,12.75,80.25,0.456767207870085,medium,0.04358005482330586,0.22059773908033864,35.34856636161499,48.12093609214386,16.32700748694976
5,2026-05-02,12.75,80.5,0.41528966496553243,medium,0.0036902869293796068,0.06185028132478492,33.93099024052069,49.67993688584719,16.95222737689089
5,2026-05-02,13.0,76.0,0.414363618532243,medium,0.0010664157274684228,0.015449681213841767,34.504098986189376,48.31768024869817,16.963850451271806
5,2026-05-02,13.0,76.25,0.39809472290161907,low,0.0012978781245072963,0.019626036572978012,34.06778543981519,50.10582835223173,16.41520467189741
5,2026-05-02,13.0,76.5,0.4019453706049759,medium,0.0027821865642672396,0.02658893842637658,34.31640514738899,50.614515139228594,15.486186740932029
5,2026-05-02,13.0,76.75,0.41344086733668123,medium,0.01586555061394806,0.04877706470011182,34.340601283652255,49.94272104974334,15.996588472559685
5,2026-05-02,13.0,77.0,0.42575468410634126,medium,0.030383624099909922,0.07857408025171705,34.12658798518695,50.337827335965734,14.757659318481565
5,2026-05-02,13.0,77.25,0.43013661309685236,medium,0.029080773847259576,0.11237127885623362,34.742742780494666,49.89912297991271,15.076828889730814
5,2026-05-02,13.0,77.5,0.4539668758889447,medium,0.042818934553786235,0.16464171279156423,35.342770924902105,49.72918281580098,14.422908098454998
5,2026-05-02,13.0,77.75,0.595575943947057,medium,0.06264174311782086,0.22953035785692183,35.33329379656555,45.765384557581896,13.146728369759598
5,2026-05-02,13.0,78.0,0.7223326755411206,high,0.08599974968981816,0.29840192098184126,35.39394909343512,48.954717919469935,13.554856511339924
5,2026-05-02,13.0,78.25,0.7347499920681126,high,0.1212479892306261,0.3745702281570479,35.54051725489943,43.75017687128011,12.894182685431051
5,2026-05-02,13.0,78.5,0.754043989499848,high,0.1497761836601473,0.42842492525570997,35.518204520554626,45.22357319174303,13.325992768439228
5,2026-05-02,13.0,78.75,0.7508670440550645,high,0.11994803063546468,0.42977262293435775,35.30896016655653,43.10034457445047,13.403569879354125
5,2026-05-02,13.0,79.0,0.7383872388482291,high,0.1014499263808196,0.40872748236490664,35.29060663101317,46.313907700656785,13.660514749346362
5,2026-05-02,13.0,79.25,0.7446062329846117,high,0.09891858251575372,0.411003410953908,35.44895732848799,48.251555976185024,14.398520093725741
5,2026-05-02,13.0,79.5,0.7589134949614491,high,0.1256738484512494,0.4729414736725197,35.29952064690645,44.73233366148241,14.806759380249373
5,2026-05-02,13.0,79.75,0.7889488182184718,high,0.19971622068572562,0.5250899373185773,35.46672443549174,46.04439991089389,15.519862624462007
5,2026-05-02,13.0,80.0,0.761742369693402,high,0.15203218231174084,0.41788206266606553,35.02834120930222,42.84735914781218,15.935237114494635
5,2026-05-02,13.0,80.25,0.44191453480649867,medium,0.04035860316762414,0.20411526145800118,34.56843020201606,46.064393063293174,16.130409104529235
5,2026-05-02,13.0,80.5,0.4169840395606057,medium,0.003423346539619046,0.05796539394625547,34.50879159323291,52.087720196377056,16.75689978730471
5,2026-05-02,13.25,76.0,0.40959984309603337,medium,2.85461849530842e-05,0.0029595448705862118,34.54273576290201,49.43459604003508,16.82517965328711
5,2026-05-02,13.25,76.25,0.3954350708742411,low,8.126030046402374e-05,0.0055045581321304885,33.83322399485471,51.054360698527944,16.538297901360547
5,2026-05-02,13.25,76.5,0.40191600801934313,medium,0.0011914119489459143,0.01397245378569648,33.68380314527028,52.25965131214194,16.0491689342779
5,2026-05-02,13.25,76.75,0.4103477431716977,medium,0.007733370291445417,0.03207981135004611,34.17148777689226,53.9487517660786,15.839427190984992
5,2026-05-02,13.25,77.0,0.4160007848164503,medium,0.014336035344441844,0.04958861074085279,34.219061562325734,50.52032671750371,14.405945006344378
5,2026-05-02,13.25,77.25,0.4190930368640258,medium,0.010206541936494914,0.06074043636387405,34.61885884495955,49.1096777176311,14.562804031415093
5,2026-05-02,13.25,77.5,0.4255296128462971,medium,0.009976640559069345,0.07963230016129541,34.21903008536489,50.61432452279763,14.288444733148722
5,2026-05-02,13.25,77.75,0.4351346724951417,medium,0.016941144800816186,0.11436539070002869,34.6787415298564,50.05687761652671,13.509126605465736
5,2026-05-02,13.25,78.0,0.445322871861465,medium,0.029922693634387144,0.16119148514648685,34.73340864617209,49.632525282216996,14.567549328928346
5,2026-05-02,13.25,78.25,0.4626806370729458,medium,0.043070792059420944,0.2085587130928307,34.82355245698044,48.535951708726884,12.215654318450513
5,2026-05-02,13.25,78.5,0.44459166431128155,medium,0.04672256110791957,0.2288926210963943,34.79690625662694,45.48462063404514,12.510532940607694
5,2026-05-02,13.25,78.75,0.45066308225024687,medium,0.03151392235704364,0.2112336774174449,34.98394158438456,44.93019261107914,14.380341691537781
5,2026-05-02,13.25,79.0,0.4581421645278774,medium,0.024249527499798695,0.18977144125121173,34.372919973174696,48.560480352002415,14.23240152996601
5,2026-05-02,13.25,79.25,0.46151433631534367,medium,0.029248172837535422,0.19744340512261813,35.00145064182005,48.32398949445036,14.435962154907457
5,2026-05-02,13.25,79.5,0.4838947292252588,medium,0.04007855304722296,0.24292890232985295,34.710213022812724,47.932187294831834,14.606296999252084
5,2026-05-02,13.25,79.75,0.7014664454891671,high,0.06240038404536769,0.27923649558435437,34.86826664101239,48.72086253400941,16.164618238780964
5,2026-05-02,13.25,80.0,0.45632091137272024,medium,0.047161198403027474,0.22522878738489382,34.68152906450678,49.159513850325375,15.468599134406922
5,2026-05-02,13.25,80.25,0.42612374366930694,medium,0.012464105862813716,0.11069333891723233,34.12284919553274,48.30353273781612,15.75822987380633
5,2026-05-02,13.25,80.5,0.40622472701439283,medium,0.0010545549230293826,0.031532054782871154,34.250602424722835,51.392192077392835,16.655330486318046
5,2026-05-02,13.5,76.0,0.40672434660091483,medium,2.8208369962594175e-07,0.00038067625370321776,33.49240662887147,50.83168407086729,17.157354581510287
5,2026-05-02,13.5,76.25,0.3946872898288328,low,6.934425798433842e-06,0.001323835461043671,33.750392040940355,49.54342602320628,16.428887058249998
5,2026-05-02,13.5,76.5,0.39776008749457703,low,0.00015920913956903995,0.00492375452991519,33.66246768341356,51.83889063454317,16.27228837506518
5,2026-05-02,13.5,76.75,0.40289192280681485,medium,0.001039879410543579,0.012030651330932228,34.03752934578748,52.38391497430954,15.099561786109154
5,2026-05-02,13.5,77.0,0.3994192287989628,low,0.0018963129032377644,0.01786881876587875,34.14644220038135,49.07439659901738,14.89828729934465
5,2026-05-02,13.5,77.25,0.39960165208067316,low,0.0011388013588696977,0.019498151995809454,33.69110930689385,49.73775739639246,14.688106495178863
5,2026-05-02,13.5,77.5,0.4050327006025167,medium,0.0007526529968547518,0.023189962378380308,34.62399633153812,48.22933869798543,14.19712454724968
5,2026-05-02,13.5,77.75,0.4099304954409137,medium,0.001587974162176535,0.034323574555355084,33.5999425901769,49.38799750744398,13.13475918863392
5,2026-05-02,13.5,78.0,0.41823343142120756,medium,0.0034135341749621634,0.05133607589004814,34.06585564269704,49.13838536427563,12.80073966178959
5,2026-05-02,13.5,78.25,0.42914980400134217,medium,0.00475995752768561,0.06699241112400915,33.92352442321329,49.11543643329738,12.66772505777698
5,2026-05-02,13.5,78.5,0.42736956780947344,medium,0.00459660224214443,0.07072145541482366,34.249331669512834,50.147662730409984,12.69405918013976
5,2026-05-02,13.5,78.75,0.4237476000089044,medium,0.002886372200819697,0.06140118729504811,34.17824637806505,49.793178580787306,13.223366236845212
5,2026-05-02,13.5,79.0,0.41667884283684187,medium,0.002087951043056445,0.05343342202513622,33.978548598308116,47.816699583582874,14.681909007456978
5,2026-05-02,13.5,79.25,0.415850038683182,medium,0.002826149352671494,0.05778471147591641,33.6394915498853,47.28534341965444,14.594817849152204
5,2026-05-02,13.5,79.5,0.42615142105597625,medium,0.004022181373726032,0.07414305804437482,33.98908299924281,49.020944005082946,14.489708910485003
5,2026-05-02,13.5,79.75,0.42059950829163084,medium,0.006062778208434413,0.08623626259392433,34.21931913420404,47.32612828253722,14.836764523893427
5,2026-05-02,13.5,80.0,0.42230675002615,medium,0.0045012951204868624,0.06965518055939984,33.98742703010158,50.51801094949865,16.84720253852477
5,2026-05-02,13.5,80.25,0.40430141331544944,medium,0.001179733394996738,0.03423048580049332,33.959661399754964,51.35608322115524,16.899134093297143
5,2026-05-02,13.5,80.5,0.39499956960581034,low,9.947255110553463e-05,0.009747570702180137,33.26060678477292,50.67051277502487,16.496028333137364
