latitude,longitude,month,day_of_year,is_daytime,frp,brightness,scan,track,temp_c,humidity,wind_kph,hotspot_score,recent_fire_score,seasonal_dryness,fire_occurred
9.80739779198424,77.6125451060769,7,203,1,11.973245699191066,363.65659497931546,0.406818213191914,0.44572052116136157,38.63754913852959,35.312398502924175,11.082952048012963,1.0,0.723466873137526,1.0,1
9.817480798781364,77.61039517551647,8,231,1,2.2860392676600694,331.6070330584896,0.3847893435400449,0.4554497683895251,35.515702594311506,44.10917740829636,9.064513569807016,1.0,0.9826764703979631,1.0,1
9.712944320489791,77.63640929444693,8,226,0,0.7018900435573857,307.8117820601127,0.4616209711632053,0.6275888445086709,37.2804211784871,38.935319383277744,9.477188550288389,1.0,1.0,1.0,1
8.914601292614671,78.05881976787802,8,218,1,1.798654140268616,340.5424817693582,0.37392065146451997,0.3684463593096658,36.6624689610839,47.77206301687458,9.3409536792112,0.4973398189562309,0.5072450830901059,1.0,1
8.915948006639852,77.80312313026684,8,218,1,1.2925946625414646,333.5614997029088,0.38599880483154003,0.34894949367128053,35.06965176259309,45.25474995982492,12.883199087639916,0.6262898445504381,0.49547018505511703,1.0,1
9.24918820177103,78.74669778721402,8,236,1,2.568317528149539,327.3240973161533,0.3967443320316152,0.36151807379875855,33.72564124162138,47.112541318834595,8.804467583632448,0.589742470042212,0.5996072215540817,1.0,1
9.298260014456373,78.71271097414046,7,204,1,1.8308473671411352,341.1926226584491,0.41097285664567373,0.37776647379940825,37.33467210416832,45.56108917952574,11.98719342354048,0.6216531351355968,0.39743558702338344,1.0,1
9.271461688414227,78.86874120238538,8,229,1,2.603540447099406,342.18536585660905,0.4068492565323437,0.3877675770412512,34.802151557689854,49.080854868478355,9.239666969687097,0.5386121265757726,0.4424639731032508,1.0,1
9.306713949415032,78.6825765861974,7,209,1,1.7309330754409828,326.91197615503836,0.39334551033312953,0.37412711342115157,36.91400732498738,44.63160939737444,11.80211601644386,0.6332168476147628,0.7025971959803557,1.0,1
9.282660534864222,79.08208739270752,7,204,1,7.811002239361171,345.7735221904092,0.4263330284418229,0.35351651165467796,35.65445341533638,50.45928438292603,12.162249680320265,0.3626737581794331,0.3972641585219631,1.0,1
9.327308357908299,78.69741968410162,8,222,1,1.4823318826079463,328.5087834607588,0.41050128588282614,0.3743034318873187,36.5621651728599,48.9371787076551,10.052580804452626,0.6360648763525237,0.69846154983462,1.0,1
9.446680175808698,77.8422233137791,8,241,1,11.212946698663435,356.25015579701846,0.3810508626954969,0.343524619856886,36.24114534645504,47.178731578240566,9.460253942391065,1.0,0.9142764651982263,1.0,1
9.404949092610103,78.13209196967105,8,231,1,9.16440762850986,333.8514420522217,0.3847034886931101,0.3738292456092054,36.58017886206006,42.110238808855755,8.698027896995416,1.0,0.938001430889265,1.0,1
9.53318301485499,77.85682056627701,8,232,1,15.935248960843673,352.3980149919892,0.3827631592279663,0.3675448182636223,37.178785678391016,41.1718546012448,10.33877177955139,1.0,0.9586640100301974,1.0,1
9.618693914199504,78.04879441120309,8,230,1,2.7732436952090205,349.2872659616932,0.376646854296375,0.34823260247121013,36.812260526304236,41.947313316670716,9.107690834090054,1.0,0.8745546127978572,1.0,1
9.764218550622966,78.28647355938482,8,233,1,2.1332511220754022,349.43326687455146,0.3762635515291455,0.3453019562096711,35.516058408452515,36.85265248878221,7.7165892282509105,1.0,1.0,1.0,1
9.811170042414131,78.48444946431546,8,222,1,2.615321348534387,339.43433066233956,0.41744509853502976,0.35829072946857177,36.33343975469766,39.85280830258227,8.458230758043092,0.7553939958599928,0.5053525642491367,1.0,1
9.989885891786408,78.3154959693215,7,206,1,20.36572984660183,344.8813226701809,0.3875782574507514,0.3772809784639509,36.692872745355444,35.789459015115185,10.460691644587742,0.8137588416837328,0.6669536992304135,1.0,1
9.825171821901474,78.35578885975261,8,235,1,19.177109667858982,353.96614728443836,0.385449473088319,0.35850818312850563,36.33719069078518,40.92855131686188,10.735830833851889,0.9406292823065351,0.9418263609588328,1.0,1
10.775119484821404,79.70631116241843,8,219,1,17.857385562865,357.28490908796584,0.43987648547312724,0.3907950760369735,33.32854580548658,57.404473601205396,12.348133042575535,0.14647377553463795,0.0987316968837175,0.9987141168998026,1
10.753799115986894,79.24827037262052,8,221,1,12.469516750733519,347.89066922361104,0.4121727156753689,0.37504710865798774,33.49140854053658,51.13001152046068,11.130886141394772,0.25272686494932595,0.18980134298002793,1.0,1
10.925958047900997,78.46746866032933,8,216,1,3.39004145584173,342.9920425204946,0.4174455994735385,0.37267928654846955,34.11375850852898,48.4256691783514,10.392653507972945,0.43715493992566107,0.47344426745127094,1.0,1
10.97686271455735,78.80641233159777,7,208,1,3.9452982419475213,339.9398805409801,0.42149236125028505,0.3568698194226068,35.929301161157746,53.379456090300444,12.475795007211268,0.4058857535925355,0.4635922009999247,1.0,1
11.23806556319515,78.0830667603488,8,238,1,7.1593866864575855,346.9915507002562,0.3991747825649816,0.38650290478164956,31.485837503247698,58.64050889802835,9.430955900552009,0.16652776172762804,0.23778083440853087,0.726525854984484,1
12.1205458605855,79.83534980236406,8,233,1,3.6111744963540344,341.53256229997857,0.454312535780118,0.382252362668074,31.211001042190126,61.00080827803886,11.335724094967098,0.18848969576177732,0.255447090356713,0.7106957253049243,1
12.773544306463995,77.41215412332828,8,227,1,9.97185611397214,340.92542202237763,0.4089786302520486,0.3628086197690715,31.2509549494092,54.01097959686229,12.073095949039681,0.167065243295715,0.1637732576732041,0.8923976142613168,1
9.68621924494261,77.57309499178743,8,217,0,3.5309243534192407,312.9462675950698,0.4700169708561676,0.4793894693956861,37.85475364607024,38.570486705688786,11.507742495202532,1.0,0.7872547715435423,1.0,1
9.679055374513482,77.55478322406582,8,234,0,2.5454257348796556,325.08045773194607,0.48075495436017673,0.47701395829652954,36.37086195380913,39.73862248103852,11.972798779059998,1.0,0.8661966898075144,1.0,1
9.772438311688001,77.59042463795085,8,223,0,4.9246199250202745,338.1268864032409,0.4424500145519839,0.49070793725568934,37.239993658809986,39.418793511282125,10.935934651959759,1.0,0.9180069750144175,1.0,1
9.701708697258287,77.67672861615513,8,219,0,3.129951142708086,321.43370905478884,0.47612454924277603,0.45347663252624265,37.61580024844675,42.77339741500577,9.443443944225663,1.0,0.7169162120009972,1.0,1
9.626621957366346,77.60834339972118,8,219,0,4.150981994441605,335.66441281302036,0.4663053986635956,0.47039257870700624,38.89640177983757,33.52993459666669,9.411351952879599,1.0,0.9866674577938084,1.0,1
9.637579895019757,77.58880556140728,7,210,0,6.529423455470166,320.3216188840544,0.4426083972034152,0.46548961636481595,37.73910486159664,39.387251539762694,13.124108066488805,1.0,0.9051568753612185,1.0,1
9.655268339979887,77.52918423730219,7,204,0,1.1275337498354687,308.53141318006686,0.4640598679985842,0.468785930285683,38.07947492385081,37.47524598467018,13.587772681354403,1.0,0.928247832969638,1.0,1
9.754511252083763,77.4918921938707,8,223,0,2.45511123394568,316.9875149256219,0.46856043279485066,0.45210322373129397,36.36856240286516,38.50037274401569,10.721519108759159,1.0,0.7881931640827442,1.0,1
9.73053980152494,77.57034844636486,8,237,0,2.053971058491419,325.0561039608017,0.43756592355087576,0.4528024466640199,36.270260590528046,38.64904906939402,9.744885724693386,1.0,0.7149467681969549,1.0,1
9.770773974784744,77.60746522144272,7,203,0,4.787571619667426,315.59109611029953,0.4578986262447204,0.45956955065171906,39.25481837304512,36.68571227368697,13.209694922398333,1.0,1.0,1.0,1
9.693342314756443,77.73026509395059,8,236,0,2.9902022869284686,341.5422346052791,0.47496837751503085,0.46082111637675904,35.85144675744981,41.71649722112747,8.717422674491509,1.0,0.6864873135227356,1.0,1
9.73524777837537,77.61840921650311,8,234,0,1.6275250137499309,318.88094702460944,0.45058651516582815,0.4666114510430234,35.466304501543746,43.996336239593546,9.233350340844902,1.0,0.812551958441013,1.0,1
9.768791327577713,77.6733717657716,7,212,0,2.4849518231564094,313.57844753707917,0.4580932117627333,0.47521641471072146,37.20469476108843,38.31856760082041,11.790792505007326,1.0,0.7698743547098489,1.0,1
10.393855742219582,77.07449930810226,8,226,0,3.2487678166420806,331.494026430673,0.4175771933368515,0.4560583102838219,33.65774939956911,62.6255632851068,11.104779096231407,0.18205755235611523,0.23188796082944377,0.8712687237189509,1
8.696964266629019,77.79039393635081,7,208,1,6.0352693079253035,343.8680991691649,0.5293040791378946,0.41629605765659394,37.138252092265105,47.48003545670392,11.065530227802766,0.42486041162747284,0.40355824642716676,1.0,1
8.694045184125335,77.65642182664374,8,233,1,3.2606868097439543,332.6707254913646,0.5730143042533556,0.426077673705434,34.88630895231168,50.918084431692286,9.997818241647009,0.38549373925790104,0.3353296234388601,1.0,1
9.089656230740445,77.4926441754825,8,230,1,5.871107428876754,350.5498703674573,0.5654711719487334,0.41785802664796934,35.78379082679679,45.66254355220905,10.964723929858012,0.8535340847140761,0.6720680825600162,1.0,1
9.398928347420116,78.95666288127046,8,216,1,11.466583916667803,347.21171035713746,0.45169765531681716,0.4035322499363604,35.879959146723394,49.99801289367673,12.484591285115046,0.4677354421106517,0.4192825799792841,1.0,1
9.451171224808766,78.46300293245429,7,204,1,2.873276829499525,336.8206154109025,0.5038576635762035,0.3926816364526895,37.79526663675741,45.86097288447688,10.729982307923995,0.771131589613825,0.7968835220419493,1.0,1
9.69159807365499,78.15514424426155,8,241,1,4.7335802843800465,348.5710471453468,0.5293392012396951,0.39097845320537183,35.679394308991,47.78974567123102,9.636473692487932,1.0,1.0,1.0,1
9.625621836185811,78.03566509753391,8,220,1,5.7076467629862355,340.38398788664836,0.49897933033106595,0.4066544018104312,37.90390484994777,41.25405677852801,7.85961291081303,1.0,0.95203352319092,1.0,1
9.677934588310938,77.47289011090119,8,238,1,29.003622702862785,360.2919121916014,0.5685293118813517,0.4288877050288773,35.93936716456476,49.35497707506484,10.239724894000213,1.0,0.9793656090993794,1.0,1
9.743232266123414,77.6263765676274,8,229,1,7.803859784314659,338.37029910015804,0.5187466547210547,0.4084749004645768,36.96528703309009,37.724786702585575,9.492927644081766,1.0,1.0,1.0,1
9.933487182322095,78.16043534716394,8,233,1,3.6899637367220355,343.0918344342316,0.524955236523712,0.41297077525800674,36.07338130115602,40.62395093313203,7.950794129859598,1.0,0.7084567553234343,1.0,1
10.053576957628096,78.03037662317053,8,233,1,20.41103096624289,352.93548315475675,0.5184499215414334,0.41269664791770877,36.154831984231905,39.59138306197123,8.55281338202221,1.0,0.8754888057090422,1.0,1
10.39361601608434,79.37124486131994,7,209,1,7.590660101012617,354.41331137435094,0.43645537566902826,0.38767608288219413,34.957493762891666,51.766573152431484,11.674766741803365,0.18146643320226338,0.195777535411563,1.0,1
11.70324911815691,79.28890505410374,8,216,1,6.079353162783762,350.1603159702705,0.41238895126031766,0.385622042323646,32.1595353599789,49.28148941448297,12.551721531740622,0.20291782556816185,0.20290259518671294,1.0,1
12.091399725236553,79.75171115637615,8,221,1,10.288138909057755,342.76098476410624,0.4262783693547616,0.37564002309127814,32.31520888974684,57.72476393205274,10.732704809194836,0.19754347527753724,0.3096374810935768,0.8566696787206257,1
12.449276589622938,76.86658759653629,8,222,1,8.219282126932846,347.1264487217277,0.5145659731730414,0.4122809943766098,31.5019097858266,56.82537068152538,12.119618640777087,0.09418561755601486,0.09777776520565215,0.8522223273092702,1
8.597692126930385,77.96940436979762,7,203,0,0.9805159950310867,311.9561541439886,0.40911477843772814,0.39092242443546626,36.19692072459045,43.86888712603624,10.456941631737683,0.3295924347195382,0.2790574047715308,1.0,1
9.113941027135192,77.51053115424055,8,224,0,1.2811757264470485,317.99431988348204,0.3857208750066654,0.37181834219318816,36.82630420220646,38.54012455611036,10.482533850295082,0.9299216461800023,1.0,1.0,1
9.210972722067897,77.50222638794872,7,208,0,3.37673368229526,324.9449066855989,0.4110707176276888,0.3674624732216559,39.530891772867726,38.54271338734949,12.672741882313172,1.0,1.0,1.0,1
9.55425419587064,77.46077941295013,8,232,0,2.7337700717943454,331.67366023478826,0.3879281690885159,0.37466246179481916,35.73007733841472,45.71298416902353,11.15105254990336,1.0,1.0,1.0,1
9.463456466124796,77.43778531717231,8,230,0,4.054656245980405,312.2358421297266,0.41642552908523545,0.36484432137465944,37.27371855643719,49.42253008602418,12.143279318151658,1.0,0.8673760545899849,1.0,1
9.503188621217243,77.46995782977218,8,239,0,3.053359543195388,350.64459007444594,0.40625076157309964,0.37047135205045006,34.5977357498683,54.80919509543701,10.089294524141936,1.0,1.0,1.0,1
9.621165980845024,77.53795012191948,8,232,0,2.729289879108221,352.25209724562785,0.38144650841978783,0.3787581104738421,36.06886585989074,44.187602484397345,9.679362581189935,1.0,0.834787400242983,1.0,1
9.678211522025702,77.60452677509547,8,217,0,8.605880784041936,350.2673429820214,0.38021719336514803,0.3842969068087772,37.59387825924343,35.74772468189754,10.746340809478585,1.0,0.9019298297717039,1.0,1
9.758156089792697,77.56089509384164,8,241,0,1.4210337656343548,317.9768340909868,0.382066316680576,0.3855791162999221,35.90075588743528,37.10797857530582,10.272564801077689,1.0,0.8780288947249572,1.0,1
9.65135676239931,77.66827020970419,8,218,0,1.0330485671334817,314.20082758333797,0.40423700710590915,0.3701344182317747,37.9285631353394,40.492274689115035,11.017886260752718,1.0,0.7751743320574873,1.0,1
9.708879370949266,77.64428295069231,8,215,0,0.28007689760610444,314.9163432198458,0.4120592724343767,0.37075017924540105,38.18181206810473,35.95079866660147,9.837994777594115,1.0,0.8904012976920598,1.0,1
9.83048845615626,77.79563291943973,8,239,0,1.711723717339765,319.7686763253241,0.38954211282509554,0.38109520519826195,35.34557504070244,42.82400408116376,9.767674460488356,1.0,1.0,1.0,1
9.87662768468696,77.70150641060553,8,217,0,2.2445063094639175,335.58105095941806,0.413976353716923,0.36313467559453544,37.01483225591952,37.10651343739694,11.06003158434142,1.0,0.9903007654136925,1.0,1
9.220611569622017,77.82920716777956,7,206,1,2.8746383924968995,337.0315532978732,0.34406034984551737,0.5892307946536689,39.20875556346614,36.505748420482966,13.812703007202568,1.0,0.8631100322526227,1.0,1
10.713737570376535,78.52352885605279,8,222,1,9.957593151298363,346.08504096251255,0.6180578312185006,0.5296895072654235,33.88424404108187,56.196377744071185,11.93573842361968,0.37137106375839884,0.3586060758831886,1.0,1
10.96335965504821,78.6166949552562,8,235,1,2.0083490916252567,331.74295521226503,0.6256677258103368,0.5096404063897693,32.19683370022566,54.33179738537844,8.578540430231548,0.4539038798671677,0.3763322552229691,0.8548866993440201,1
10.95278149216326,78.62202660045483,7,210,1,8.610283836575903,338.82411172051167,0.6265986123453672,0.507319134794866,34.28856590501623,47.613790690416074,10.330229760557764,0.454655279960119,0.3543601905727233,1.0,1
11.610789503101225,79.11403365507022,8,221,1,11.611735443907603,346.59182694041357,0.5405004015508678,0.5170996605519732,32.198318960638936,51.69708803010776,9.436872080018926,0.198216053342811,0.28698572603804245,0.9403824318847748,1
12.197125950192808,78.19089688752048,7,208,1,3.922114882793334,334.52146915428455,0.620278813119323,0.5064450995960645,33.384120655206026,48.822052490645355,9.712192956674471,0.08227118131303923,0.05899922218072837,1.0,1
9.52688906553997,77.55396110045696,8,231,0,0.7328658600827029,308.7574552847841,0.45792726237825915,0.3912244574453463,36.55592230738238,40.714078080425686,10.786687576522093,1.0,0.8395896570874066,1.0,1
9.499805510365535,77.37396680225696,8,222,0,3.3549152395481125,326.53366725637983,0.4656855413145146,0.39336520162006183,37.696978406650665,40.22128194169929,12.475575969037209,1.0,0.9337723186445823,1.0,1
10.633047334794828,77.3592491086731,8,216,0,0.9522022062135291,313.53645785900073,0.47162126028597645,0.3869197778076638,33.45898300654727,61.29067622232702,10.68845874823472,0.1666773525284905,0.2427409413458027,0.8713590037095627,1
10.932579650186641,77.10986287562824,7,212,0,1.7130891073049959,308.1991673109814,0.5202356114900353,0.40236962816188154,33.77112047770208,55.633322787055825,11.403837413727999,0.10924028248329368,0.1361877596466119,1.0,1
12.856944522392466,77.59177764139983,8,226,0,0.33892090614813103,302.1917843947892,0.522504594544771,0.4199503952357285,31.905580264140216,61.06282003973063,8.280779476866392,0.14701552479316143,0.2636183291230868,0.6717322686697453,1
9.725635839054483,77.5397111329652,8,227,1,12.51954326072723,370.4631862995714,0.3864181100610095,0.4240718907633078,36.82662892985685,39.833511197625846,9.15226808169879,1.0,0.7879836852670972,1.0,1
9.801445405670886,77.79976716335106,7,203,1,2.7185436475149944,337.4706821699106,0.3976020043293421,0.4527924708514237,38.910310282666856,44.94393263835894,14.45989960917953,1.0,0.8211406499291132,1.0,1
9.742326694999097,77.74488967386199,7,202,0,1.0262593102878015,313.1424827816207,0.46203873687898966,0.635091089897606,38.10681830509459,36.32941245105507,11.156000470506953,1.0,0.9971571802246375,1.0,1
8.964993755719792,78.13856544202069,8,215,1,2.651876075805892,337.789273341235,0.37407722348330125,0.37385456614222895,35.452634311697174,50.10158159768595,8.759804490131115,0.4770398030756508,0.4873128267469073,1.0,1
8.750155589656668,77.72584493917992,7,209,1,1.6049054386627346,327.8956447951124,0.3863646170795768,0.3658843172602471,35.19328000131471,44.46316658414,9.907059617177522,0.4594106426381023,0.5447123688003962,1.0,1
9.176010646715817,78.78278375846668,8,223,1,1.9302375254199378,328.85076378031334,0.4062207095337221,0.35563825768808505,36.25639865826716,49.42421013515299,11.25619009024674,0.533243671195865,0.4873728198786049,1.0,1
9.182490856622698,78.68857372264213,7,201,1,2.1696768980891696,353.0096341469437,0.40651638856840383,0.3823035835421883,37.29304474242099,43.92608037079862,12.07296279315861,0.5583224537094651,0.6132869374501217,1.0,1
9.09338507913297,78.78050580938284,8,213,1,2.4379442635144057,341.3384387949952,0.3807906578137077,0.35802518606029876,36.27867024798129,55.29985568151224,11.58407211778683,0.46531209435742965,0.495426963098158,1.0,1
9.191735308894184,78.68924700406765,8,219,1,1.2316409672370465,343.8500017369941,0.3930618737068712,0.3671693296031472,35.4212590680243,44.37021393477291,10.922613680147705,0.5653567237869971,0.629958574950019,1.0,1
9.213869071890784,79.15465939131492,8,240,1,6.034715262855195,332.280765470837,0.39761020373762707,0.37193084235669516,34.088981580767175,48.15419528018852,8.962946334615564,0.28709762521529475,0.2523850867176862,1.0,1
9.292992674183681,78.76650701498971,8,227,1,1.975262716226691,338.5824974518486,0.4111260569017605,0.3700283475159703,36.09244754606579,50.60347997483115,9.88625589250598,0.6003529968206349,0.4456206492774433,1.0,1
9.480397612416219,77.7783243518216,8,237,1,8.686476340735487,341.4469826305838,0.40406458565444914,0.3667018649621454,35.90163463452322,49.4349142595441,7.208934615353387,1.0,0.878315506591409,1.0,1
9.489795754416651,78.22487620217284,8,215,1,10.276557152099999,336.9816503688317,0.3801205347118197,0.3654967224552932,37.35278471981734,36.39819061160272,8.942811404742832,1.0,0.8976142498402564,1.0,1
9.483403039581018,77.80677893053002,8,219,1,11.982355869914471,335.7079937269486,0.39654611719507143,0.37771351219900995,37.190690007249124,33.18358230184872,11.17989429950524,1.0,0.7516985327249722,1.0,1
9.647633182115053,78.19017928166512,8,218,1,2.7090928819912676,333.40558884215034,0.3755451493348727,0.3779791887320708,36.84388993452756,35.666354773681704,7.7845265376305415,1.0,0.9161544043596317,1.0,1
9.882382153500894,78.45202493299594,8,237,1,3.1054603443597983,348.1673181505431,0.38123094849846684,0.36059253849488304,34.79155688892314,50.19384393058422,11.611858084313042,0.7485191642054281,0.8341333223473343,1.0,1
9.762112882871957,78.5563411807364,8,240,1,2.559647739724923,329.91624702827346,0.3855461798493368,0.35502236621755195,33.91369675146243,48.53344840556305,10.479996563530742,0.6838852534003748,0.6987719369979554,1.0,1
9.821499758125498,78.31096511168607,8,240,1,18.8962167802048,341.42807125939953,0.3815573098973699,0.3682023587628739,35.941562692600876,44.70395682395293,7.434772200436426,1.0,0.9465680568567886,1.0,1
9.924878427149196,78.3002148664673,8,231,1,17.961045320720697,350.2657026689347,0.3968147253466219,0.3771599068157972,35.660432588351455,35.35489055085215,9.819362913981841,0.927517702563204,0.7768456519947856,1.0,1
10.691832471898845,79.55233602106432,8,221,1,14.761435809695021,349.3813414592271,0.44764405713796585,0.3730964027299028,33.219607166166575,53.46808673195476,12.341483431456812,0.20263962580630357,0.18851792375116438,1.0,1
10.916923928349664,78.96853009618283,8,223,1,11.55519065309058,356.2845064341222,0.3978034187248916,0.3685647287759902,34.8169976967166,55.920746063900886,10.450292613027473,0.3450697384369388,0.38731442621612644,1.0,1
10.94844472457433,78.42788636856753,8,241,1,2.6439332444053054,335.89957966970803,0.4016831613980288,0.36721674621817185,31.992132128617094,54.78225795628201,9.484334747440107,0.42359526015948273,0.38712596725427806,0.8561240725471053,1
11.014586455366269,78.82345312203432,7,212,1,3.876313126924422,349.5116563019889,0.4182570351509807,0.3534025087186064,33.54214661532911,46.140889421377494,10.560058954069426,0.39012938192796803,0.4711980547963419,1.0,1
11.124574532017155,78.14478791227538,8,215,1,4.274358789101921,346.19901700664,0.41811689873942265,0.3763737839552675,34.03619622555586,57.25372798153913,10.02679843668272,0.2321371270936399,0.2544302895094907,0.9884931814640097,1
12.06991407444482,79.85239552701833,8,237,1,4.896501824750414,347.20199194196266,0.46506278221281,0.3842801701076703,29.72875236498023,62.814702080554866,12.17437531676447,0.18911988534716007,0.2279001358917963,0.5730741017182452,1
12.703261698994579,77.49644852619532,8,216,1,12.194352312587263,342.631633336568,0.38044917031006786,0.37034869948673405,32.62965873860679,53.15896728500212,11.69291668854294,0.17150381190547373,0.17544724398505995,1.0,1
9.625517635312711,77.47710047420424,7,210,0,3.5655313324446194,303.9727483777654,0.4657719952180411,0.48560964353825337,38.746402644365844,35.1527280271177,11.856978748687023,1.0,0.8267419759260666,1.0,1
9.601976543649192,77.58904207537533,8,223,0,3.272514335980327,337.8919677689146,0.45174259343718876,0.4850978469700987,37.104109149829064,45.240335074781726,11.078153592839895,1.0,1.0,1.0,1
9.760382432469227,77.669979097013,8,214,0,4.820213207902696,342.2653109450773,0.4819019059718186,0.46608330190787434,37.65992605845986,36.68354838298971,12.022308636799863,1.0,0.9665339517893604,1.0,1
9.69053333324474,77.67625566172273,8,237,0,2.8188966054236397,313.2546499283433,0.4553851022175273,0.46161264706532223,34.37632087703614,43.2667528931805,10.792297060887806,1.0,0.7741641856028517,1.0,1
9.644360380284688,77.66915857900197,8,238,0,2.897907144696011,334.1717642410789,0.46852967515500665,0.4816945766443516,36.20002025826638,50.57056827764278,8.63624064962134,1.0,1.0,1.0,1
9.710177474415367,77.6026339244831,8,213,0,7.123732190861635,331.1863800330745,0.4380684687879509,0.4841653033906079,38.04677331254534,39.12347114228517,10.340670454378573,1.0,0.9244656374982062,1.0,1
9.798591320014452,77.54252682704217,8,222,0,1.098555376272373,313.2459213549121,0.45540282652219877,0.46958909998039416,36.161779789420436,38.63138536973788,12.433734823893785,1.0,0.9264466628945989,1.0,1
9.560058350823965,77.53326108208493,8,241,0,2.5709144624854883,324.2849176801931,0.47725495021283554,0.4884724579182062,36.984922277203545,37.66825840955618,11.735665874705678,1.0,1.0,1.0,1
9.615805291706767,77.62851234333252,8,231,0,2.669630471261697,334.15058506623177,0.46507046244392936,0.4532637087156922,35.514288565870196,42.592249860596034,10.902956177918037,1.0,0.7952733030300418,1.0,1
9.657837949067332,77.63777960240557,7,209,0,5.250674558523781,312.4279813119561,0.45742137277421496,0.48781623264397106,36.88256047724402,37.3060251147837,10.99468126211214,1.0,0.8540451019009396,1.0,1
9.825532520670423,77.69662317781236,8,225,0,5.18184876755504,346.3192683440212,0.4800531249740434,0.45101647594967836,35.443733379452844,38.84522703208954,11.336550722191221,1.0,0.9293107424679237,1.0,1
9.74393108880435,77.68628857552395,8,226,0,1.5830970760546335,321.58676303807755,0.4762832813027726,0.4537156995365668,36.738653971373154,44.650222130178186,11.161458083733924,1.0,0.8031166965701688,1.0,1
9.778712206832285,77.59532399404281,8,227,0,1.6616294251684594,307.95644706043856,0.45182192099585516,0.4715904806238761,36.85955134610353,36.89715371799049,8.874465982647244,1.0,0.9568667761132547,1.0,1
10.335698735661163,77.02235558847974,7,202,0,2.4703615783586077,313.9285686063085,0.42187103288573624,0.4305383316084337,35.3136770822623,46.269239351985476,12.801777834171618,0.17196532451358498,0.18743825358307062,1.0,1
8.586622488731063,77.85100253820923,8,214,1,7.331863871405379,354.348379161007,0.539450509828993,0.4012178982588046,35.65656176113815,48.40955358005283,9.169545099282455,0.3377023623833951,0.26891077487165244,1.0,1
8.77172696017059,77.73918618363673,8,237,1,2.4699712955323476,331.7230334214375,0.5572711375063174,0.4085223059991253,33.89627403339799,53.501893894158925,9.357533712311165,0.481951656870994,0.47797412558623215,1.0,1
9.119149203165481,77.52926417282274,7,211,1,6.6263220982936275,340.712733417011,0.5408761196827315,0.42726161636685334,38.74376154937663,33.312892605714985,11.435933018100505,0.9584239218280144,0.8595868396088112,1.0,1
9.464061717320488,78.76721741243456,8,214,1,10.112782829943004,339.3245593353699,0.4579776350359967,0.41098495525168927,35.67518030468034,41.93415050242284,12.574206620620597,0.5988382403135658,0.4827150307310935,1.0,1
9.521743030635008,78.53820193704789,8,215,1,2.779502164274144,326.4387886158856,0.4998082480922657,0.38139353401119663,35.901670843103346,40.513603133026955,7.9717918308691225,0.7475039766957298,0.6338954574302404,1.0,1
9.676980060851823,78.06117295810127,7,209,1,4.032993103628883,335.30843388857903,0.5316175994744239,0.41624256186510006,39.088154445615565,37.289483329891276,10.152348594481994,1.0,0.96728813809576,1.0,1
9.66954833594336,78.05490537413922,7,208,1,5.28478374288261,342.39327881945053,0.5275094671738609,0.42324822001406365,38.284311365622756,34.641459960512194,11.332028601922211,1.0,0.7575947776443116,1.0,1
9.731503717235945,77.42948169840123,8,216,1,24.42955019348442,355.1955275019072,0.5763012436920509,0.4157240364888485,37.85856304839609,42.35624146453869,12.070208055161137,1.0,0.8861370208160924,1.0,1
9.766070579736114,77.57129051939096,8,237,1,8.621028496117987,351.2707190687853,0.5532295423921033,0.40516827686249896,36.25426570778047,35.61703951049782,11.076105269471114,1.0,0.7345269017251859,1.0,1
9.788838960392576,78.18848730722848,7,202,1,3.1982195650662746,334.73502852941573,0.5132333614280999,0.42479283991844197,38.08647256868281,37.38907841049476,9.558251700800382,1.0,0.8629657014112522,1.0,1
9.84969120112614,78.05235428159965,8,213,1,23.76405411254558,364.11484342420033,0.5233920946900946,0.42324810900795384,37.28709767984468,35.99299590019416,10.227832808371994,1.0,0.7628670267958899,1.0,1
10.470632177835606,79.33731996992358,7,204,1,7.833583248784277,349.5492468795862,0.4291661281305192,0.3814797871180391,35.35082125620581,53.10627018239353,11.706354022350274,0.20297348690064265,0.24056833117905765,1.0,1
11.816020756528335,79.22399312132941,8,225,1,6.62675872556544,346.071640237758,0.42812744436411365,0.3921295954131713,31.948312059312485,63.1775045001676,12.448398787771344,0.1944166631640919,0.282483726000613,0.7585383670568371,1
12.025536388634066,79.88420438579415,7,212,1,8.536763445380053,352.49485824075674,0.3993492773221091,0.3549319748647063,33.46495652345915,53.19443114799834,12.670821505295995,0.18199596813671,0.2759369363564475,1.0,1
12.437201521541805,76.87103443410861,8,234,1,7.995227315055516,344.22625588684434,0.5478202364954018,0.41556822375342767,30.804799361054197,60.75855176274156,11.564437178810664,0.093227107174695,0.1620539333513458,0.6893763471980927,1
8.705922437470504,77.91069418857205,8,225,0,1.460276268735549,328.19092011360453,0.411151445716298,0.38903630713204224,34.42872644301618,54.69633762875478,10.277201692469518,0.424515896461438,0.3353251245885765,1.0,1
9.271688675844539,77.36812083927303,8,234,0,1.4168300438115715,310.8548564718666,0.3903123363880942,0.3610257224949866,37.06833193523344,38.04382803200538,9.235969535335109,1.0,0.7371782684406551,1.0,1
9.406611616570402,77.39372769626037,8,228,0,4.009437028062206,326.78048048782586,0.40343845496384223,0.37933616983404145,35.84848750932613,43.82105420571108,11.425821145305928,1.0,0.6709626596763946,1.0,1
9.562410830047101,77.45174420946229,8,219,0,2.684091810935369,326.72147453325806,0.3963992955290017,0.3701546083624601,37.56388642002979,42.348766831777255,9.97702645059,1.0,0.9681333193609712,1.0,1
9.500819831239001,77.43785724012024,8,237,0,4.193770470062324,325.668765339714,0.3887542643517853,0.3792598415540846,36.024302355907835,43.03203101561702,10.5950208891367,1.0,0.7926069100231232,1.0,1
9.46714085648906,77.53494328802499,8,221,0,2.644650242951049,332.0170492370058,0.41264224067011335,0.3686931466007212,38.21243530060695,42.21212057405926,10.145715920213602,1.0,0.987928154085282,1.0,1
9.531021590416946,77.25943158968279,8,240,0,2.9642061043493726,345.03092866166884,0.41442279677177507,0.3651124605882073,34.902652725898655,44.68428911186843,11.888163531319142,1.0,0.9852519302828844,1.0,1
9.682201470728033,77.61688537121016,8,242,0,8.311682330346787,356.4504692651619,0.3867079807871112,0.35961000100970936,35.05455745211017,41.938597847515894,9.910494526116524,1.0,0.9916249580058728,1.0,1
9.635475246598984,77.69896067412624,8,226,0,1.4349689866158646,317.36366477862526,0.380300281312,0.35921003563309556,36.71823050327456,36.25722619036742,12.49234322001529,1.0,0.8818101629620579,1.0,1
9.860122895560432,77.51188534645757,8,229,0,1.1193250868051559,317.8089223898892,0.39344519874117495,0.3793051599911416,36.53070024425208,45.20813368824992,8.19697879636649,1.0,1.0,1.0,1
9.848221788145048,77.58768354417471,7,212,0,0.3388520851089146,307.3600167163598,0.4119004334272301,0.35589968287725654,38.37198058050854,44.32252958239644,12.732363981478546,1.0,0.6442939549781255,1.0,1
9.97651340784888,77.635427565794,8,235,0,1.8734417321815238,327.60759346447986,0.41356695464937304,0.3546813469541049,36.05593414759114,40.23404058676219,11.055013386715517,1.0,0.895076803208728,1.0,1
9.83590047215336,77.62607577677458,8,229,0,3.4535962302641217,329.87820248679645,0.38553316280464195,0.35802278050581876,36.43413455295002,43.00631525633589,10.72009343245045,1.0,0.8697288703724019,1.0,1
9.221641352700809,77.89208165964838,8,240,1,4.616631013681663,354.5204823342678,0.36987609244258984,0.5514947511528735,36.65028325003102,39.859877594307086,11.839035027724968,1.0,1.0,1.0,1
10.879423848664853,78.71922396985791,8,213,1,14.822272137024195,340.98385780664046,0.5769422500385657,0.5471247040087657,36.36646580809446,47.159208290539986,9.133928813861406,0.43575461486229117,0.3445600891807919,1.0,1
10.963928193694283,78.62974706728413,8,235,1,2.4462379339809694,343.14406532500124,0.5934037554093917,0.5246208510441333,32.134691872085604,51.687243774669405,9.753126494514444,0.4527753533231655,0.4604565943100338,0.9451818861902789,1
11.023616568693065,78.47785425424719,8,222,1,8.329545605882922,335.5796836047509,0.6404151804157269,0.5559905882401056,34.03429346719349,46.854064286585846,11.173524703101473,0.42870506467684044,0.4171848223818564,1.0,1
11.69685598000029,79.2599542149845,7,210,1,9.02255563403216,346.37427461279356,0.5137073136312382,0.4818605628895306,34.21575249599049,52.365966889069966,12.444646838334283,0.20410988229593205,0.16145121223213246,1.0,1
12.350150996541302,78.22021035338892,7,210,1,3.5686937725809753,339.5752856633771,0.5792378149546575,0.5381376107617631,32.863891556360876,58.41732154680461,9.795763214269353,0.08779062807803392,0.12067332336490846,0.8577236402136657,1
9.566423439836054,77.57441837186909,8,226,0,0.6599831392261447,308.50655043129024,0.4762944159622461,0.39794918028805004,37.868274082208096,43.03023018139572,11.330885796386273,1.0,0.860268799369568,1.0,1
9.560725398560148,77.44492909452426,8,216,0,4.183832185171023,329.2678789231139,0.48574408924655327,0.39571672706788297,37.38963609233336,36.93097587690253,10.873205938512667,1.0,1.0,1.0,1
10.491907220920007,77.43105404782324,7,207,0,0.9579982130895309,306.5832596596717,0.5112121383382494,0.41500336796216336,34.05457337917935,56.58033518879828,11.396212900393328,0.234473754459659,0.22111208078458994,1.0,1
10.93690347541874,77.090413213085,8,220,0,1.6531707469647514,311.03687295531057,0.5450026995677179,0.42949942147896436,33.65877294453137,57.42397146865877,11.060270626493283,0.10733214597169302,0.16299094129619987,0.9855540587075566,1
12.705886562880561,77.84191975755573,8,229,0,0.4623990601433246,297.6011369296461,0.4880516724661611,0.4252872173097413,29.190085859931184,65.02263268718687,11.154239207749136,0.11469201061216348,0.18399480894290804,0.4472408482989398,1
9.889276836541223,77.51481757260795,8,229,1,10.626862007272818,378.63715348030865,0.40122392117491607,0.42142076534470185,35.656503384043866,44.28196246770428,7.2295586676595125,1.0,0.9455341693271901,1.0,1
9.812092436353812,77.69862640280822,8,235,1,2.6535362950905834,339.7222123013501,0.39531132651121026,0.4516610738278339,37.092493390719206,44.58322893641089,9.450325419803166,1.0,1.0,1.0,1
9.733195152735158,77.61801858517413,7,202,0,0.8244232895140209,315.99797916010766,0.5030389699147275,0.637498255314637,39.91797420634302,33.59134040182279,10.831306259757868,1.0,0.8560450313924308,1.0,1
8.862852630370023,78.01262086068292,7,201,1,2.4436549871922595,348.8372765705909,0.40495766362052465,0.3497984051106255,37.223926978417836,49.17342529914944,10.173197860126546,0.49168820860848345,0.41966042543085796,1.0,1
8.879056201865843,77.50108668229585,8,239,1,2.0349031130398867,333.4734973762178,0.3724501735911794,0.366800452288307,33.582129318914546,55.75367171793534,9.174778756605741,0.4845884403112585,0.5673255271592268,0.9573632412104673,1
9.216102612536655,78.6009277771214,8,222,1,2.329855982280296,334.39902097691754,0.41080772454151426,0.38516247504112966,35.392674519480416,53.33653650966199,8.95545556297952,0.5878609418958857,0.6796306970300894,1.0,1
9.21081354270692,78.76618884559822,8,221,1,2.5223303080886166,352.4193764442901,0.3934742617533308,0.3624157107223586,35.73428453748211,51.223928855915595,12.064640947712286,0.5619510990124915,0.6101498412710494,1.0,1
9.31995180087522,78.71978617999558,8,220,1,3.135999411360855,336.5446777157331,0.4042545136086214,0.3725468507992198,35.27129932880048,49.45351394690898,10.944039675447929,0.6264338843845066,0.6846703975406342,1.0,1
9.137865362775372,78.79103141743597,8,218,1,2.000962356460022,339.4065010272596,0.4063392307357317,0.3622238622124312,37.413840729363585,53.798103142560926,10.90404701639403,0.5012132376208576,0.40852797411169944,1.0,1
9.33827000352885,79.02952201990173,8,229,1,7.948604510647596,344.1846121499897,0.4235134117725139,0.3720085666718778,34.68527951612616,52.72107638308587,11.529328571102091,0.4115577896298974,0.40072473048475027,1.0,1
9.28049194324002,78.86298938376515,8,224,1,2.1839277615777384,329.4275515607837,0.3809780336352806,0.3745088951342106,36.18388511177748,45.055149187908796,9.926249455054599,0.5447444330059128,0.5554099447255008,1.0,1
9.428876344998676,77.85942806379617,7,207,1,11.781066479821646,346.82461996888924,0.3790861577549397,0.36397207399644643,38.78064653703808,37.60063325754187,10.52547784131646,1.0,0.8176245545969223,1.0,1
9.42806084628594,78.24876282775385,8,226,1,9.517542419081037,335.9125475048515,0.3982647946129546,0.36444766930713884,37.47072389738816,47.23919595798152,8.77815776736343,0.93469899147641,0.9041637627766842,1.0,1
9.64856417467946,77.97516458543171,8,228,1,13.716555941928773,338.89452202176125,0.392477406241812,0.34686287251983083,36.64928325417091,43.48737810079511,10.608540521384246,1.0,0.8427628093524123,1.0,1
9.73881444721203,78.17050080704126,7,205,1,2.6736158464462725,340.39447665853015,0.3898285980498446,0.3669674569051219,37.82913591094635,37.58098946305227,11.147727238396778,1.0,0.8486872480309506,1.0,1
9.876111336802506,78.36797040650991,8,216,1,1.9666006164884788,335.50387555851825,0.3726531883116112,0.36629101282968807,37.91417891007346,37.67564238028621,12.37564429407768,0.8789903970868178,0.9357644354871267,1.0,1
9.724397165694452,78.51401458705907,8,233,1,2.0764182777863476,339.31616140702084,0.39393103533845825,0.37675576052202464,34.86204244634777,43.946948306766515,8.800384292785344,0.7565986618703152,0.6400430324217936,1.0,1
9.943278474974623,78.27076184919363,8,226,1,21.555664214102624,347.46352441814895,0.4042389090445153,0.3446665398985934,35.76282596245927,41.747869150712674,6.492150469895236,0.9465086369220298,0.7417786281570028,1.0,1
9.9141198561345,78.33281287739337,7,206,1,20.48608326062485,357.30728788498874,0.37170482064440524,0.35808619832690947,38.4996440230271,36.27183010114093,11.543826064691586,0.8917231784808674,0.6412507191932837,1.0,1
10.59497101270072,79.55917431060244,7,202,1,18.67102936613265,346.57480538329327,0.4255467581206869,0.37654333501773773,34.25186493053419,50.88403831219143,11.722005105872947,0.20212948017028895,0.24771811232948537,1.0,1
10.869899183136043,79.01663290984976,8,224,1,11.75090897223036,350.8393987204293,0.42825107979450167,0.35470832489479837,32.799213060782705,55.380859049779424,10.263525742058826,0.3251151833189478,0.30507158852221444,0.93442828895391,1
10.97491741423233,78.54116268754964,8,219,1,3.2077892110374666,337.27178776025835,0.38203522938180057,0.35972761333218195,35.51838659583304,54.0063241671729,7.8806077816514515,0.4507555645668923,0.47861646000018465,1.0,1
11.00439526916762,78.86768530757556,8,240,1,3.491153704573123,332.2889176793651,0.42023793579283014,0.36781561737652735,32.772434545565105,59.30319139351363,10.763993133469182,0.37541749114960965,0.3360355063821466,0.8606734110288122,1
11.20943829568642,78.3932812365126,8,222,1,4.864737709292967,348.73199254082624,0.3903045046472815,0.378987533464749,33.1589923446191,58.071289355918616,10.450140585925848,0.3115263603062103,0.30941822862969465,0.9104542696746941,1
12.091146199179317,79.82296197946265,8,239,1,5.773350414775567,340.2972399277258,0.47686400627906894,0.3797454210024019,30.670831190965558,56.37058362010101,11.791593848871825,0.1925185215484583,0.20447308703759517,0.7828213821332408,1
12.821162797457717,77.59403228759572,7,209,1,11.581194067609763,337.6545127028343,0.3995966511794153,0.3718709967644968,31.821623921669303,47.708607314814365,13.230153143129824,0.1534203580754373,0.12033256424417248,1.0,1
9.796452373693748,77.62718235958974,8,219,0,4.204340947459262,316.76492082927103,0.4777424378594847,0.4721525194297548,38.06335216462607,37.696681106844046,11.137457055385465,1.0,0.8711935909690273,1.0,1
9.510726153235208,77.66503724012746,7,206,0,3.976828404981576,327.67980129006855,0.44693254035983826,0.482239819203677,38.606261316776575,31.66832221068603,10.682377883061854,1.0,0.81009767683905,1.0,1
9.690159301161362,77.54955722639376,8,224,0,7.564268343305921,335.978807664837,0.46143946672165587,0.46871013121683225,37.61172452207634,42.1741880298741,11.533150347394818,1.0,0.9035826990380943,1.0,1
9.703574428071922,77.54234685441888,7,208,0,2.934436130535928,315.392955211487,0.47284641740444083,0.4699621285948445,39.03909582615837,39.61106319123219,10.751080816320448,1.0,0.8038687315113278,1.0,1
9.593273099909112,77.62952941685106,8,221,0,3.097380941388298,340.12039327053344,0.4483021881777691,0.47562681130084306,36.84499216172381,47.159515111950554,11.903391588866628,1.0,0.7014512851902064,1.0,1
9.723502814076262,77.66910872697257,8,215,0,5.3744885051360525,330.9630129624392,0.447614330042292,0.4901146185837937,38.52313987883456,35.46371074387072,12.509168375546091,1.0,0.7837143944174425,1.0,1
9.807043044068736,77.60449795514003,7,208,0,0.9594016703099714,305.6388018929405,0.4382503781408889,0.4696151913264067,38.37019543857742,35.251862688726696,11.52041756791389,1.0,0.8886869544584292,1.0,1
9.643650249828658,77.51907246654415,7,204,0,2.615153893648058,327.4464361172142,0.48109170352287084,0.4713469042910897,38.857281651776745,31.982953788557893,10.119984210595828,1.0,0.7828585464690364,1.0,1
9.74411806570829,77.50917191435974,8,221,0,1.9078605113034297,335.26972401164176,0.46966077648251275,0.4747938572857938,35.997168480197004,37.316646734982776,8.24335393292322,1.0,1.0,1.0,1
9.65833235658925,77.51133045184697,8,239,0,4.253789376017367,324.44574345508624,0.4662357762844685,0.48116321145299307,36.20120077207242,46.886182765635475,11.43685133684306,1.0,0.7256814714477068,1.0,1
9.676216158342422,77.48277645209424,7,209,0,3.642807813930787,332.349349426196,0.47122375724396964,0.44987696576785297,37.86981961000018,37.06377751269235,12.089100197963944,1.0,0.9255355667178008,1.0,1
9.827567554391901,77.6169539751613,8,217,0,1.699729888779031,314.1574174751671,0.4614541942599902,0.4707373096105327,36.97915196213838,40.49742452307053,11.463056474823818,1.0,0.8558104575735602,1.0,1
9.687020952592173,77.68333307451957,7,210,0,1.7299488546961277,312.1008531544957,0.4589021557701589,0.46913480469268404,38.03349573471413,33.75128056689636,11.085752936977055,1.0,0.8361558724121408,1.0,1
10.447864874230744,77.10851089491526,8,234,0,2.0806115897147834,319.76088531576056,0.4178803541271879,0.46897582429069073,32.15208414904335,57.25834004599205,11.24237530100749,0.1816797739899119,0.18710256292149563,0.8693681284436063,1
8.534004731875731,77.71511096698634,8,219,1,8.93670975725528,346.6904589113798,0.5475837174535967,0.4197272763783263,35.083435378918445,52.98322263479431,10.589324810933823,0.2749538177370938,0.2778912778585938,1.0,1
8.870742229297642,77.71062676777657,8,241,1,3.0275689503877072,341.2882507933455,0.5335844236465811,0.4286377829918562,33.888039334482514,52.71441708620004,7.732815272241047,0.5759643953490664,0.5529087823857209,1.0,1
9.157255671241455,77.53201407023572,7,212,1,6.589547161449841,342.0890622051196,0.571343228225818,0.44987459950699216,37.72680752792682,39.13212727194139,11.25674891317573,1.0,0.6992196081197645,1.0,1
9.412875011014481,78.95438991251578,7,205,1,10.461091175688193,345.843181468121,0.48465236144730545,0.3980230585440353,36.52248247596238,50.003125375776186,11.538458078463252,0.46576968374771766,0.32391141075148855,1.0,1
9.575168255699992,78.41850034609563,8,225,1,2.238487888986434,342.4903191243226,0.4727790533496976,0.3872353772128836,37.7087002126872,40.93552322830782,9.208147554574968,0.8726742804901921,0.9126774226315901,1.0,1
9.558822639973654,78.06910256781806,8,228,1,4.061754729457188,347.0249097783026,0.5140090741374387,0.39839356103503726,35.56522566752621,43.909303784278556,9.173684630518473,1.0,0.8934333295758891,1.0,1
9.741257151922687,78.21827968763813,8,242,1,7.238560343042072,338.53738102073527,0.49169239229745076,0.39340268907181586,33.651744073893674,44.128910805178734,9.246909131610503,1.0,0.7351671884182515,1.0,1
9.654381065715251,77.43917848389425,8,237,1,26.227688619026665,365.46836161890343,0.575979043636348,0.40852442955813456,35.76218602326936,47.09067135319368,9.39191375013254,1.0,0.8711547051072698,1.0,1
9.69529513394661,77.63886191514615,8,238,1,8.871700603569531,343.2418659584391,0.5617562051320353,0.41714171776202025,36.38678665760222,46.83220903946128,8.780755998404585,1.0,0.9762509603816286,1.0,1
9.867814106952416,78.17942091059167,8,228,1,2.4271361825409556,343.29038937423013,0.52109487532496,0.42103894583322704,36.182170746342806,43.758949588056154,8.645797771069017,1.0,1.0,1.0,1
9.96635440180781,78.05632604770601,8,216,1,23.07944872669486,366.12811476452924,0.501440315432876,0.4195721241547933,35.62512233499934,37.62615045924661,10.933323280401739,1.0,0.8787147915782824,1.0,1
10.44913694281399,79.4715126671195,8,219,1,10.446837019521526,355.5487808516861,0.4157727924174628,0.3622216653365083,33.10742046822465,50.71101872999544,10.397417796524868,0.19387865836441673,0.23378065423925715,1.0,1
11.750793479507296,79.2010159576775,7,207,1,6.0736347829641115,338.49382212169587,0.4176062030290513,0.3826593503365732,33.189959277438305,54.98827083422584,11.790933102244823,0.20087910174271528,0.2388823424933641,1.0,1
12.142602369898214,79.84502410052357,8,219,1,7.876338121040626,342.46415648515665,0.39319005703284865,0.35720847564029856,31.25364033960219,57.90480193617264,12.110613283843172,0.1844808237027608,0.16108914276501682,0.8072644281720006,1
12.56677437173601,76.85626978881801,8,216,1,8.80543092310629,339.4242974260996,0.5194859740254748,0.43852520396011735,32.73721763731828,56.00435964505275,14.097743333591534,0.10181170263336223,0.18193527849932883,1.0,1
8.734913986775403,78.0818457580982,7,203,0,1.095098597764957,319.6993916033326,0.40199479043576347,0.3673598699864788,36.93773433656138,46.71969319095489,12.253161982952285,0.37265755521758687,0.30773249213217824,1.0,1
9.177210587925249,77.51096186743005,7,210,0,1.6326544586633263,313.88516605308115,0.41959292276819493,0.37468565105480683,37.40799867089361,38.395934274758304,11.768391394334499,1.0,0.7883117116352676,1.0,1
9.43686122889867,77.34854948382655,8,223,0,3.0815894233621846,334.80441349050324,0.38296230733476294,0.3635708194000701,37.64301319193966,41.23767896303631,13.236718878062266,1.0,0.7049432341370337,1.0,1
9.416514870849864,77.4479920307272,8,217,0,2.9418080511631084,321.28632589194484,0.3853016832380565,0.375237769060681,37.23029548297432,33.864802127956274,11.737471612361864,1.0,0.8574578238013263,1.0,1
9.615105612649408,77.40251218931341,8,242,0,3.959510087075728,324.5480999181482,0.41309018382362944,0.36675356806917075,36.509768785484766,43.3336638403831,10.854004213904547,1.0,0.96894413620968,1.0,1
9.625413521550469,77.37493090711968,8,221,0,3.9518363013985196,349.71736648804057,0.4032096086697178,0.3796067929353366,37.66988041326415,42.29372424478841,11.890679628091092,1.0,0.70653937606724,1.0,1
9.47056888358241,77.42177696808704,8,241,0,3.185709510090866,340.85947233945234,0.41097668818277333,0.36003512763713075,36.98228986278267,49.715943069564126,9.806014371968534,1.0,0.8762262016112545,1.0,1
9.859199152738919,77.51189079552398,8,229,0,8.266845799294249,353.22312763926163,0.4052364803109062,0.38501429855782765,36.35263969667427,45.804498378723835,11.31460245741958,1.0,0.9382282502842954,1.0,1
9.776214319806172,77.61225582248652,7,203,0,1.4684913995170843,316.0326254822113,0.4152870028131579,0.37000775702459404,39.06847507236863,36.54540774376859,12.26090902844378,1.0,0.9735653984096074,1.0,1
9.784689730477604,77.51032401540934,7,210,0,0.8452831473870777,309.2108675006799,0.40553870111058965,0.37947544646537557,37.42052494632849,38.634824255085874,10.542098374914808,1.0,1.0,1.0,1
9.725221553091812,77.66410839160937,8,230,0,0.362919604631859,301.1109635123566,0.40088500371612606,0.3829400170818454,36.39757787417722,41.671263870989215,8.435189648892214,1.0,1.0,1.0,1
9.881784168924693,77.60542646524499,8,224,0,2.8066197200301537,330.2147646203127,0.40850998775045205,0.38845665860532774,37.229263076162496,40.33265953555606,12.513085254660783,1.0,0.9774639950292769,1.0,1
9.885701382107227,77.64903935590934,8,214,0,2.2752053060222517,342.9288428682484,0.3978957100716844,0.35978598962697644,37.707353878884206,39.475856271395564,10.424026215873964,1.0,0.7829808396786997,1.0,1
9.189127141742366,77.87119776142494,8,224,1,3.2086245841183367,349.89021672303903,0.35445829762457043,0.5578528675731169,37.239900486245574,40.34644029467286,10.297612952926215,1.0,0.8905756078491771,1.0,1
10.932733039252373,78.71206027102123,8,240,1,12.350360548213732,352.24521612710225,0.5980591471470128,0.5167729535967901,32.908243392131055,55.234517384344926,10.629546727871187,0.4409264164861138,0.4407573298114899,0.9582043427158975,1
10.9456419952503,78.52425029619316,8,218,1,3.166943243791675,348.0821238254548,0.5801828463059135,0.5174321806044685,34.41188682195627,51.25956108635165,8.780612331500029,0.4510200554629343,0.40165272062389307,1.0,1
10.87233894638039,78.48654863382188,7,204,1,6.272397384030463,334.5552976590361,0.6280908755179643,0.534369571301587,34.92891175860628,43.73555522754518,8.759475433067287,0.43471094979204183,0.41782468110950444,1.0,1
11.71008989436695,79.16151036087487,8,215,1,9.901939388292769,347.94067634796403,0.517317300410805,0.5246761261572922,33.43837624259405,51.19825705123954,9.522703457407314,0.20070301729901577,0.15479281373898318,1.0,1
12.362830552247635,78.07021653568692,8,241,1,4.761406196175728,334.6797278180395,0.5792118927802228,0.555984738615916,30.277970020893438,64.81362696937039,9.938481820497937,0.09097576411792661,0.16648226871510405,0.504550014867894,1
9.567666166991344,77.44864064872515,8,234,0,0.757767591908958,317.25667340779256,0.46782490760559486,0.4010709292544923,36.317776262587564,36.86003090711303,10.799527576383218,1.0,0.7998452811723162,1.0,1
9.589054923456748,77.59128599244633,8,237,0,2.754031242733331,313.73539810759394,0.4964193672850675,0.4055610884105869,35.74837976559278,42.26425567383235,9.738814725315745,1.0,0.7893577188600096,1.0,1
10.597795030888953,77.43114425544819,8,240,0,0.6488693373498365,306.45650835658773,0.4816798634842888,0.4143988217480643,32.21357889542388,60.88663177922542,11.846589516503212,0.17509410737077175,0.2945546043148535,0.8127456796932615,1
10.866020758300861,77.06958392184185,7,207,0,1.3548416247323585,315.22179889422324,0.5296745932143068,0.42775027179659375,34.0419985350103,52.24998572813219,10.86179619454781,0.11736589283414749,0.1992921882652695,1.0,1
12.684046459855146,77.65776898657495,8,214,0,0.452440206279454,296.5604933081804,0.5281768911634427,0.39785828572051124,31.15815475550193,51.67693786419838,9.023600252639978,0.15355393879240614,0.1790021943405655,0.8412351183157516,1
9.788732207712679,77.50272991671905,7,202,1,9.021568991748602,371.14814699637225,0.400227802583837,0.42775647145603235,37.74135434186706,32.19515931458584,10.385385215785814,1.0,0.8772257785374928,1.0,1
9.78048760979228,77.79008449992102,8,231,1,2.1145879211902567,335.4975654146909,0.41948745328166775,0.45029672863070386,36.027905775821246,44.58672573552228,10.22988596405803,1.0,0.9663606979138981,1.0,1
9.704230955229267,77.64182611114985,8,233,0,1.0549284747679446,314.28591182289284,0.45815425547886124,0.6712836554130686,36.758111580901364,48.729860020147214,9.953588376751226,1.0,0.8224497517882057,1.0,1
8.907445089791626,77.92340598731526,7,201,1,1.9308701718060717,347.1276290216946,0.39967476740411584,0.363364425813239,36.62173825185761,45.16257509073141,10.275112516143809,0.5748469810931578,0.6647292977740233,1.0,1
8.902894084996651,77.6580126351947,8,216,1,1.779577235229601,345.0870145422368,0.3637307623019565,0.3632890539510616,35.62674498354223,51.20602988619945,8.686796336525697,0.6019895642687257,0.5105140364074404,1.0,1
9.140536797688606,78.74227120046588,8,235,1,1.7939473310376042,327.9132909318607,0.40368531299614674,0.3640278833988001,35.30949566588724,54.70629526752104,10.990966004648435,0.5160648700063077,0.38904475458859694,1.0,1
9.134233135407307,78.6681526218207,8,222,1,2.929462810872368,341.41868281538444,0.4102430112971296,0.3680112507829684,36.458229127382126,54.04956227351484,11.359359814553045,0.5186997110379439,0.47692012308955567,1.0,1
9.295370736516684,78.73046570064767,7,209,1,2.9609079473474513,335.2217912091096,0.39436817589070955,0.3834720090911678,38.1191871353324,41.740422847314676,10.742106090646901,0.6149087779042525,0.6842446113103071,1.0,1
9.077057817946383,78.86385173022191,8,225,1,1.8922985288006735,331.89369877094754,0.38043738884442657,0.37826285224578476,34.90725727952336,47.68144635505112,11.27512639516862,0.4211583196152592,0.44346076799967293,1.0,1
9.292308736887287,79.05355989975313,7,206,1,5.922590443027038,334.77628153960234,0.41390276343714244,0.37073088540874616,36.90750462578344,50.66523119382088,12.719658655799078,0.3896609247347934,0.4725523263538574,1.0,1
9.273604185957232,78.70640926495716,7,201,1,1.6047396731702694,330.96629495198545,0.41964978512560114,0.3651245982911897,37.81519358544137,38.33571958267373,10.689191305729848,0.612983720048863,0.6986902549887429,1.0,1
9.494067262481593,77.88430705325338,8,226,1,8.843434558455574,352.9315635251437,0.3805470794907014,0.3438136705783879,37.05358547813667,36.02651519257706,12.983777025998485,1.0,0.8211597012381942,1.0,1
9.472407225359229,78.25579184524376,8,222,1,8.33672234430008,341.92069987256446,0.37789015981030144,0.3471482664477498,37.73815196220926,39.05900187565449,7.848065738880229,0.9832600318736668,0.9868397144278578,1.0,1
9.601723894997633,77.84710401240385,8,232,1,12.40743239325786,353.9504585156522,0.37533310981738705,0.34894890682341734,36.54019502626546,45.38969417880065,8.843950394350966,1.0,0.6873830152826962,1.0,1
9.623836031113354,78.12813666311983,8,215,1,2.632643213706929,331.6554858624007,0.3921549691761022,0.35544180755731225,38.96047767497041,37.24125712637635,10.204226115653244,1.0,0.7764043816040743,1.0,1
9.81690237074403,78.4033305034477,8,236,1,2.5116744441825074,331.0140440302482,0.3937613588750507,0.37598917129474585,35.874749086780916,46.59693098792052,8.979667532114208,0.8719678106623072,0.8391707296101183,1.0,1
9.882008557164403,78.58979687572568,8,218,1,1.8099937098830057,331.5354464042672,0.4116908334868161,0.37019067560977365,35.24262661750024,45.38254304542638,9.6376494079766,0.5588029140717712,0.48504357911103047,1.0,1
9.852861099857279,78.27540535184794,8,231,1,20.22234062203071,330.7900609490307,0.3998698576711999,0.3504542458773323,36.83123429154552,49.212647232276524,8.120687044878174,1.0,0.9174235315979616,1.0,1
9.955538841914889,78.30150888122658,7,205,1,17.897959941860417,346.047827360765,0.4053091182970084,0.3458070049486145,38.416319861283135,37.52807994754532,11.748452913745929,0.8835915434229643,0.9127942623662155,1.0,1
10.637781148602546,79.57406739260375,7,204,1,15.53977615427494,361.6075177997483,0.44314822602871895,0.3738556099349126,33.46503180265638,51.72369203610472,10.896672968711574,0.19947640348725829,0.24576340598078367,1.0,1
10.892221498979087,79.05935686950734,8,233,1,12.236398422682031,349.4625552919554,0.39963795040625716,0.3816820335153891,33.01277862914855,55.59510306975653,9.699104340506254,0.3084594292046368,0.33782788272484854,0.9298262726308322,1
11.01398478059515,78.4925377865308,8,235,1,2.5210187822728494,336.1207695419389,0.4022350961950305,0.3656836833561888,32.99895462772738,60.33884592973155,9.055273167597198,0.4347452268235879,0.4660179671587462,0.8031380403595485,1
11.011672624425323,78.91454019773614,8,239,1,4.095847339512151,341.13877723055856,0.40169389032283676,0.3800827148228293,32.376321444412305,61.24978533725616,10.386523884922859,0.3538360259378464,0.38582429739435475,0.7726104287213946,1
11.331181141371479,78.23540519020301,8,214,1,5.877303694202839,339.7336963003435,0.39319141518206013,0.38120008411669454,32.74576732724748,56.75706788675659,11.546336046896997,0.1896771383318036,0.18972877085154136,0.9394798812526746,1
12.017319247788254,79.75997118105413,7,201,1,5.713833050367481,343.92463233532266,0.4798694409845799,0.37482201001824944,33.16983537753852,49.17595040978904,12.91537835739944,0.19888556411740327,0.25363368897650773,1.0,1
12.621469552405598,77.4737969880644,8,241,1,9.002146439139954,340.75506114028434,0.39709394029761585,0.3639117510945642,31.396693975406876,63.3606153927556,9.371125948379358,0.16714801260642237,0.22481522858280417,0.6123362862206368,1
9.641026542405342,77.6002087550573,8,225,0,3.444228877007709,316.39784439174304,0.48183115900955087,0.4915775149784422,37.89617859730227,48.8406653877506,10.56268419567244,1.0,1.0,1.0,1
9.757650979658392,77.61115271058692,7,211,0,4.15092733946209,322.57607837111834,0.4561779766890623,0.465400489520467,38.991107720725864,39.57011748963685,11.159102368244966,1.0,0.6829907920038286,1.0,1
9.747234605398855,77.75473677149982,8,232,0,6.268605169878127,344.05118744854195,0.4617221283742829,0.448894372183142,35.69372438600724,37.46012129618008,9.880361520600838,1.0,1.0,1.0,1
9.722257966175318,77.56544590550212,8,238,0,4.04566423729704,325.4849844946207,0.4594073093161554,0.48989522644212025,35.05735367912835,46.519140818334805,12.008612809273139,1.0,1.0,1.0,1
9.6373130065625,77.62691023133878,7,212,0,3.8289518513873437,344.70913732140514,0.44193520464609143,0.48803231523390667,37.71509927757942,38.55502664366211,11.149370405286422,1.0,1.0,1.0,1
9.770590710533035,77.6747023447071,8,232,0,4.637183709299167,322.97071049483554,0.44788829174822375,0.471040648018823,36.60666517931143,43.59355899711035,10.500219734857014,1.0,0.8637545280405944,1.0,1
9.633900665564463,77.60854013398696,8,233,0,0.8682142792580795,312.23053219765796,0.46127127258780615,0.47245589665616844,36.90568894142928,45.377284070161906,10.05702079725238,1.0,0.925058311150478,1.0,1
9.800836470766383,77.77276915834206,8,221,0,2.328878232726767,311.34518678014985,0.4400992180361183,0.4564518318304778,37.4634977578053,36.53249466471023,10.160064941664686,1.0,1.0,1.0,1
9.920590689619791,77.57792724957879,8,226,0,2.6721818605783367,321.9895594728794,0.47984724874820894,0.4850141855105979,36.876865932238886,44.85067732808434,12.336129962383179,1.0,1.0,1.0,1
9.74809158026001,77.6339162455624,7,212,0,4.022650675966121,309.73114974948015,0.44269680936939504,0.46993420180442996,37.80640209124055,40.29667542286579,10.221155407630778,1.0,0.6823646254879705,1.0,1
9.764067569496042,77.55059359785749,8,239,0,3.1658519902914266,342.3878593168048,0.44610711433517775,0.4480922563717001,35.28931795262663,49.919668880611596,8.955258883316585,1.0,1.0,1.0,1
9.68964981617731,77.58468326853998,8,241,0,2.166615721578198,318.7118922882533,0.47220477630117735,0.47860170295310295,36.11902253636916,40.67027088457195,10.763046549586091,1.0,0.6986556492465191,1.0,1
9.598285067523923,77.62200537372776,8,241,0,1.6482615381443624,309.49386879241484,0.44145898892230845,0.4911733246807272,34.60374361898002,43.931277337717916,11.765333919661,1.0,1.0,1.0,1
10.373319644587884,77.16869128436154,8,231,0,3.1771524248017204,315.1602022876862,0.4368116801838472,0.4648117720655588,34.218778526513475,60.90217938331834,11.141873973921465,0.23573397280741296,0.21694978543181162,0.9574777859318722,1
8.588487333123087,77.89567663838164,7,203,1,7.1487810919237536,351.6729650661507,0.5521878524190169,0.41064232188884264,36.34683868337421,50.96347069925424,13.401859468610748,0.33671686440938764,0.31326806976180965,1.0,1
8.639089679650949,77.81211803945342,8,217,1,3.611870698278118,342.7969630415257,0.5262741471409872,0.41079297865213366,34.38656311405306,49.29553807788189,11.365739089413065,0.37899298377245805,0.35409396425825657,1.0,1
9.235635195939695,77.53676242825851,8,220,1,6.700542009936599,341.27102820932794,0.560551588370711,0.4489351107391417,37.83861845496172,41.89489316716645,10.475039288403604,1.0,0.8522029633802298,1.0,1
9.444750376261803,78.78441820291127,8,241,1,10.17854560457602,330.5440714824868,0.4761865414820519,0.41748250899518813,34.33608360095003,53.841309955276195,10.102764866802769,0.592291447915648,0.4844908130383739,1.0,1
9.561458130642977,78.70977895750956,8,224,1,2.8876838365010618,324.9963733881451,0.4923527727715161,0.40129661278851475,36.25448656599305,47.4493909258053,11.313682540938574,0.6071600614636153,0.4871078096718209,1.0,1
9.635878434436263,78.12404663546094,8,223,1,5.702599475098651,349.5725255437007,0.5267380904769562,0.41583501387853294,37.650531316949426,41.56872841674644,10.550745593297144,1.0,0.9235229763064114,1.0,1
9.64637902422896,78.04850629178151,7,208,1,7.345096649079687,334.3694919346498,0.521135878721831,0.40846660248914307,37.980368965811856,44.54170610552397,10.420577288263017,1.0,0.817713263164334,1.0,1
9.744578547756754,77.35908153664263,8,234,1,36.63663479332058,358.494422523373,0.5547396962399035,0.4265499107852466,36.73920753941973,45.46409329878277,9.354035976818954,1.0,0.9503430290839328,1.0,1
9.707316401691335,77.53344240598281,8,215,1,5.289046493521125,341.1814237418177,0.530413019203416,0.40401683430900537,37.16841767899506,40.29290544541429,12.321193570248827,1.0,1.0,1.0,1
9.939378575661731,78.23695985490998,7,205,1,3.1495463552409615,344.31061770782634,0.5098636830914964,0.3934668688328049,38.38225584922324,41.07179261056126,9.96221983727486,1.0,0.9469077682041527,1.0,1
9.993279699150849,78.00772358949747,8,242,1,17.577892472992286,359.0503475669297,0.5333055508161698,0.39904201801372363,34.21013133107162,40.78902307900173,9.64834617263738,1.0,0.7440751149737982,1.0,1
10.376559297648758,79.42599537329595,7,209,1,10.678059497074656,350.37265434101926,0.4337634365627416,0.3927923483634487,33.997928728713404,52.12505810519153,12.527155317557579,0.17610732287536848,0.12100553661473464,1.0,1
11.634396008407869,79.25323439278931,7,202,1,7.753963065259109,352.7746551663035,0.43706682934267294,0.3665416274279558,34.1485460479002,53.09814602390423,9.802149745195958,0.2015905150738352,0.23752118457782448,1.0,1
11.958537565634302,79.83476446855586,7,205,1,8.615654118360922,343.1362469828493,0.4074222497301918,0.3598878501208443,33.032997591674864,53.97971099576108,12.428144620070107,0.18408709828320977,0.18588787215302197,1.0,1
12.549080666925352,76.89310791349813,8,220,1,5.7294313309711695,351.55724421418194,0.5538305237261261,0.4220417904915327,32.80698800716249,55.19134853346063,13.832753655228217,0.10764057789546416,0.1846991690058365,1.0,1
8.702944768439526,77.98356993996998,7,206,0,1.1486257917615392,311.1330655693231,0.44090203047822274,0.3691749862869744,38.52238119758507,48.736361680248265,10.285660573114608,0.39982048895112393,0.4397671742490944,1.0,1
9.116500897430386,77.51415081150272,8,236,0,1.897493786159305,313.3701551838559,0.38641557296270945,0.3575386473345581,35.86592404730283,41.41550717998994,10.616616095302449,0.939602402925091,1.0,1.0,1
9.278366759447575,77.433757149929,8,223,0,2.665706579011775,340.8151161022472,0.3880962111801505,0.37234270094282457,36.914255978175575,37.28017074555489,11.17181220800476,1.0,0.847099029852365,1.0,1
9.530032679409336,77.47285726191683,8,215,0,2.6313872779847443,326.4740994233928,0.4015775103465756,0.36511945102687476,36.51836122978836,41.52191865209804,10.321635722205604,1.0,0.949635083176112,1.0,1
9.375919439575844,77.38942823896319,7,202,0,4.178014386517396,322.62061353932376,0.39925501589046636,0.3746678935760974,38.840210655235985,36.85000126788824,11.291804982464054,1.0,0.9541925414175116,1.0,1
9.465601273836434,77.4973739389464,8,221,0,3.9369647085625714,336.5402425226841,0.4028627913802688,0.385251597595121,37.06995298403258,36.434588137555146,10.169238463692535,1.0,1.0,1.0,1
9.558728472561482,77.3944597351033,7,208,0,2.8381607710052528,344.3924279907253,0.38196296190897094,0.35708674586309747,38.25312779171198,38.14112141203966,12.781938873264398,1.0,0.7005515431167364,1.0,1
9.730244111057702,77.55266229486494,8,242,0,6.123055209622409,345.56798863077313,0.39617105825321797,0.3852970454130834,34.494272775620125,45.69376608428979,8.940483215689351,1.0,0.7614575343213196,1.0,1
9.625772755852017,77.52358325326945,8,213,0,2.22612045081205,313.12466766967316,0.40331913048262247,0.384892128794648,37.421855630819735,39.88045720303211,10.728430391719636,1.0,1.0,1.0,1
9.727801363534983,77.68191108440564,8,221,0,1.3166003323339048,308.0944167049695,0.4034076540521985,0.3821762405834284,36.90911705128974,38.31031404734971,12.461120085373839,1.0,0.8616690177622528,1.0,1
9.794828505775232,77.65860950787192,7,202,0,0.3707275656360228,303.63272246295816,0.40629335847073494,0.3748575789403252,39.58790396364542,33.305369921713236,11.216524662668299,1.0,0.9437491925368491,1.0,1
9.951385107129363,77.73047953629752,7,207,0,1.951166618535551,320.77303853365885,0.4088086411601066,0.37444542632622524,37.28356504402891,32.93812301589127,9.627714248988635,1.0,0.8487918185813551,1.0,1
9.893689994909023,77.77598479947997,7,210,0,2.73224497795458,328.8544623297861,0.4056618881336343,0.3751508684176505,38.197178792562475,40.750958180717916,11.685792799148938,1.0,1.0,1.0,1
9.1290316580673,78.11180544737671,7,205,1,2.8399013918654386,342.5706172792903,0.3704487535940197,0.5808582464194153,37.61545185722186,51.65032086303964,12.044607474505865,0.653056838180841,0.6590465179903962,1.0,1
10.790595886096584,78.49965417272628,8,232,1,13.806894671341805,336.5653950613444,0.6074856380810755,0.5043735566315963,33.03373064613803,52.22333801088915,10.026014247905069,0.4084767236799947,0.4038075762370978,1.0,1
10.965697384803676,78.44944363933861,8,241,1,1.9927185396521132,345.8292964702718,0.6022504597522322,0.5542789066955145,31.86362032723977,60.01091127547501,9.272546122426235,0.430926756867545,0.4735397756942306,0.7226040652519115,1
10.949797278120002,78.45823774410778,8,243,1,5.880416736158566,339.5693755017737,0.6164779821621564,0.5345369993576757,32.90165497472188,56.12253336987007,10.097777089258265,0.4346437106812466,0.43526614189207546,0.9213038181579203,1
11.696438280427154,79.0670426264332,8,213,1,11.903891980216978,337.59900902566983,0.5088632484379266,0.5140732919701211,33.12498477920289,52.859577118217324,9.147542777361256,0.18774631179981313,0.267450283869297,0.9827299518768396,1
12.30758116691848,78.14228917266774,8,235,1,5.240595623726313,339.059082150237,0.5863893924435312,0.5234959374702522,31.753954061470726,63.4811011003013,8.474173955067386,0.08946722213185805,0.11205258669179023,0.6114007501006096,1
9.57915347652432,77.43068428551612,8,223,0,0.9367739171931994,314.7112457609061,0.48131518947159024,0.38049588855663186,38.35919280847784,41.386045107134855,10.303312468047377,1.0,1.0,1.0,1
9.54349147730704,77.36629773992973,7,204,0,3.292319938834442,316.4803987862573,0.49790338633928194,0.4003893863950578,37.526874029324865,44.57062887395561,12.999153013557578,1.0,1.0,1.0,1
10.671688210129217,77.44533296572762,7,206,0,0.7785705994039737,301.6658812367285,0.4987735262581116,0.4002876047726372,34.523025539152925,52.32280729441217,11.843654176698498,0.1478630214216965,0.18606125626523684,1.0,1
10.992007593925665,77.06844888250001,8,225,0,1.3760300024756034,299.3420457458218,0.4987012200805387,0.4074165608207695,32.20340946073069,62.394051686270856,10.8703415138983,0.0958384840067705,0.1794790461264451,0.7478922565641937,1
12.688503135884265,77.65307200653345,8,220,0,0.41213721091553085,295.0,0.5147060224726646,0.40342839922064516,30.94524525516669,56.95282030871558,11.038326683067508,0.1544355914753086,0.21614520148764335,0.7692110288049597,1
9.739858268100132,77.58068743306522,8,230,1,11.145331765886827,373.00963864029217,0.38003455785694773,0.42561305253910503,35.98600233882237,45.22025869323841,10.215724824931643,1.0,0.8299014958419516,1.0,1
9.849154436428249,77.56885284198846,8,234,1,3.1092923582806766,328.1970788501784,0.41531237328578324,0.46182469322451125,37.25777519552769,39.87098475827292,10.466004053081788,1.0,1.0,1.0,1
9.711221912119363,77.58651363320219,8,223,0,1.2282909344325181,307.6615373089514,0.4739482483340747,0.6216381333057261,37.688326349964896,40.4913086608083,11.943224156005126,1.0,0.9773875079045421,1.0,1
8.794362258833441,78.10565891222689,8,231,1,1.5906396699081806,330.2579462338055,0.38789523704996576,0.37177228852588795,34.988146364261965,54.64994614627149,8.398135279704213,0.39306723988393727,0.42234332528179835,1.0,1
8.917661831318286,77.67003972675319,7,202,1,2.028263857520427,336.20267678003023,0.3765686409088618,0.365021799677659,38.41157871718976,43.87081838005893,10.710295912941605,0.6248772503729345,0.5255380687563063,1.0,1
9.110926629547757,78.63965696732996,8,221,1,2.4225721460881426,329.5435557363585,0.3872777182110701,0.3786979764376891,34.49432335732776,50.59138924537042,11.471027779734689,0.49700020334994177,0.48553727726577656,1.0,1
9.220476029097448,78.56023547606527,8,222,1,2.6037937790272836,346.0284603589343,0.40926508061720934,0.37783353343710646,36.27799724371548,53.24786760366928,10.22272789926094,0.5904982025308464,0.5858172020975507,1.0,1
9.345888958385185,78.88899532881857,8,238,1,2.0765361817426955,347.60752946441966,0.39793833049075433,0.3832620759477077,35.251860485445846,58.68830413750208,7.793973650608021,0.5329425375624887,0.5083423931589093,0.9881432917574972,1
9.125506596597761,78.82358995489977,8,214,1,1.5883012961747933,341.2377937930172,0.38065028439570875,0.358300306584676,37.08845482971098,49.701856600098445,11.181657781864194,0.47945452062924254,0.45292652906649117,1.0,1
9.188365224286027,79.18076271868922,7,211,1,8.20341274643811,335.22082534090805,0.4290245617967517,0.35153051082288334,34.31201981429126,60.43457294507364,9.236761009934664,0.2592271638119417,0.3134238445113372,0.9161043673053159,1
9.23482774283869,78.83002077707457,8,216,1,1.743112262151795,338.47298942599195,0.4126305444638166,0.3736455540946008,35.4824554711742,54.3618660572923,11.92290973257602,0.5479424422471202,0.49306877535663773,1.0,1
9.398057609820233,77.90987958530805,7,208,1,7.683316407433873,348.7810933140066,0.3987188148095804,0.35473891101564003,38.660642960789,37.36570907832658,9.910825270662228,1.0,0.7766810157829537,1.0,1
9.481349825004765,78.21135698013744,8,224,1,6.975840160882401,341.4452597249533,0.4043945829502227,0.34645634392021696,37.288985451386736,42.65604957449733,10.62620487099085,1.0,0.9612148106261809,1.0,1
9.653499546718725,77.80089651271145,8,228,1,16.856141836453517,348.5315855736922,0.40586548289061647,0.3487009951477526,36.07387148740195,39.28347578476195,12.045353936564167,1.0,0.7796239942683463,1.0,1
9.718424383036417,78.03442049447855,8,234,1,2.580417890091328,335.2524155642839,0.38366209854899314,0.353942975248532,36.97559956623201,43.64868354568987,10.125558294741046,1.0,0.8120677389902617,1.0,1
9.843609106224802,78.57386185280906,8,241,1,3.0365412766969264,349.4266580018761,0.39432738845825127,0.3445284013519213,33.91007826551816,58.58987249608601,9.096042747580457,0.6090610633857801,0.44211746951245995,0.9192051358531579,1
9.84062412200407,78.59445384219096,7,205,1,2.7012701176932823,325.4898632948442,0.4043523123682238,0.3536057884787527,36.57815344721485,41.48599420031744,13.199131062866767,0.5838921041586514,0.7069147722373261,1.0,1
9.912766084388938,78.2610839691054,7,212,1,15.567246838510115,345.8838253471229,0.38092468708361327,0.374976945173968,37.39107975545141,35.63968348353725,8.41722217153852,1.0,0.7898381515921633,1.0,1
9.825441235128064,78.32970477419164,8,214,1,17.456190735231516,352.9572142431166,0.37915613780643564,0.35323569897673307,38.60593932357253,35.18805623426002,10.416428705396616,0.9825752138169934,0.8486615452863344,1.0,1
10.767344724748963,79.49577917575006,7,212,1,19.754516503471223,346.1326732957082,0.4133980119572179,0.39832476650399623,33.276120194131614,49.78263940909957,11.076230387502001,0.20679648991971564,0.23138962146899789,1.0,1
10.793756902194858,79.14961547030126,8,235,1,8.55602450362733,360.80088265894904,0.4165318820325746,0.3871815793082248,33.64585925310324,56.85029738239421,8.963315002717925,0.27594171450870175,0.35791292394570406,0.9316963675403338,1
11.007876389573157,78.3921851632935,7,207,1,2.8298043812768627,333.81028246708536,0.41123675964123124,0.35677513744610323,34.86450246606968,52.123548766203605,10.854659082570072,0.4025433485496704,0.42577871682691854,1.0,1
11.048499975148317,78.91075598028358,7,203,1,4.960809864536362,345.18993841280695,0.42069907216019714,0.37795219920715906,34.88772116633392,54.534537409355664,10.311355222146595,0.3441893888549132,0.3765167371642248,1.0,1
11.211790522146165,78.30692843408202,8,237,1,6.055202392544527,341.59041571688635,0.39265101508739897,0.37372978089770154,31.905426700111963,60.651896864991926,10.270767083518244,0.28116168934753677,0.22249135886405905,0.743038210480566,1
12.058425085872662,79.84354379809434,8,241,1,4.5691219020637,334.3739969742724,0.44644195312139934,0.397435235851101,31.180331764130724,65.0235201489128,11.595417465360287,0.19065957581326062,0.22758040360342988,0.6268617728275627,1
12.746031693581676,77.47567289942738,7,211,1,10.753234258548922,334.69389334369225,0.3881909529597303,0.34546287600052106,32.6314287199955,56.460662669162815,11.827668705769513,0.17057260590114648,0.21625582930908827,0.9453300921846373,1
9.510323714092953,77.60292614593992,8,215,0,3.456872261559391,314.9979203159015,0.46215341917106356,0.4553623236958242,37.187361490813544,40.521246164662834,9.972937719956619,1.0,0.8941898703543197,1.0,1
9.732578075293983,77.5936791232179,8,222,0,2.735292490561673,325.5988810314272,0.4792780078865536,0.4501020170881914,37.832521882513745,46.4955560807701,11.843004980107562,1.0,1.0,1.0,1
9.704445220151213,77.55991110577507,8,223,0,6.413538130289322,353.51180978884787,0.47724186509660654,0.4748943076452023,37.69765728881443,38.15110531822436,11.503053766581532,1.0,1.0,1.0,1
9.71155603208601,77.57064615991612,8,242,0,3.993615248624666,326.8675885767012,0.47913868323988407,0.4928697805649073,35.15011675130516,46.105646432257615,7.623841161023235,1.0,0.937674591602993,1.0,1
9.765377275902848,77.70092132615557,8,218,0,3.5922442777555172,341.3015135899962,0.4761120697162551,0.4780832732699232,37.24334974418377,40.975462179693395,10.023751436181618,1.0,1.0,1.0,1
9.711676175490469,77.59231243571203,7,202,0,6.091860972438171,321.2117823549309,0.4813707354040704,0.4799057921460307,39.88718379636925,28.350047937914532,12.391117059501283,1.0,0.9448853408346032,1.0,1
9.63981552003442,77.54667426114321,8,219,0,0.8128871793366196,314.83904104440535,0.4584129998697766,0.4927754969525342,37.1472818704981,38.262036110441144,10.786435714907597,1.0,0.7924697802153442,1.0,1
9.709811813042222,77.5729791682197,8,224,0,1.5998389437144869,328.0301600883868,0.43918378088192234,0.47836654304607434,37.220987165497895,39.051492471543426,8.20715503244855,1.0,0.9713622745470575,1.0,1
9.725298883885658,77.6814159476488,8,223,0,1.7888041388363476,320.4529506805367,0.44084385347883004,0.44838853391353806,36.00923862495523,44.551947936618966,11.138153207155927,1.0,0.6898615239938432,1.0,1
9.730485373810671,77.65852246432152,8,223,0,2.9746172745344044,314.5845944014818,0.4549527025215278,0.4872492632402601,36.598565416693724,37.34879093794071,10.707204296224802,1.0,1.0,1.0,1
9.734584355709956,77.64573304247625,8,239,0,5.260656500311505,332.4900499577364,0.4488536061985579,0.4636398796478034,34.88700563359209,46.88922835295065,9.664242713366521,1.0,0.7548719684496611,1.0,1
9.796905833144299,77.59126351607631,8,235,0,1.762442872934052,320.7288926771059,0.4448172672026091,0.4467050902111916,35.744241700635726,36.17428689057242,9.81518765341468,1.0,0.7898121023177237,1.0,1
9.648977581287609,77.6447153729121,7,212,0,2.467628322172667,309.83112908926296,0.4808473736273978,0.4703400063453585,37.98687052282587,36.80409806968438,11.129783114433355,1.0,0.9493473999454812,1.0,1
10.427809031931538,77.06440072125345,8,216,0,2.255627558133671,322.99790938428424,0.4072076227132461,0.4696656750394319,34.74439442827499,57.23817716331639,12.463325520593106,0.16979748898675973,0.237763614309587,1.0,1
8.755285078903276,77.8551670178058,8,230,1,6.241587614293127,345.7050116257652,0.5648064807050226,0.4098078888621893,34.563217638781936,49.34434411308142,10.752329703654942,0.4721808574151062,0.3622798394772721,1.0,1
8.618957195214396,77.79186631411741,8,219,1,3.0556358974894664,332.38707932634975,0.5643461362176664,0.4296350664412721,35.4380620653951,56.21971484529888,10.300869753966662,0.3603698822675079,0.41038988417014427,1.0,1
9.127645267654604,77.60460943752433,8,220,1,4.984148079780399,342.35913225933706,0.5577520119668873,0.41597240617464276,38.994704204900664,42.97982432725658,11.673476316764269,1.0,0.6287334217827653,1.0,1
9.384673504861887,78.73893631078344,7,209,1,11.092304284026689,335.4581951777336,0.4782728911242008,0.3823077068666576,37.4956297719239,47.79877209821635,9.159665032427453,0.6276398466307618,0.5861832190912687,1.0,1
9.508930273086882,78.4606131482964,7,213,1,3.4206870832942107,340.92714456544786,0.47191076753563793,0.38322179786852456,37.47585814068286,44.315068093597134,11.227399558538709,0.8033434252327045,0.6784870990696442,1.0,1
9.59417347477499,78.10405915069694,8,233,1,6.044659389976315,344.4629995600231,0.5174677789409725,0.41930744714441553,36.139995562333034,49.79300378656156,10.975421832039865,1.0,0.7684918590861513,1.0,1
9.64661144990097,78.21969926622687,8,237,1,4.936231085142915,337.2612162069973,0.4940212980323445,0.42492705330042807,35.618508668584184,42.19297947720779,9.474521442667463,1.0,0.8287695779306075,1.0,1
9.805947893009884,77.27359043848718,8,235,1,35.04577508596964,363.62568544694057,0.574073798789479,0.4146618500878571,35.383454170287905,44.47091665516358,10.484149317827839,1.0,1.0,1.0,1
9.621069874717596,77.61891330576994,8,215,1,5.74468149838039,333.8163857354576,0.5292968403578721,0.4111093798480397,39.17144320145562,39.496018791570876,10.256619411231565,1.0,1.0,1.0,1
9.820357299826481,78.07507696678988,7,208,1,3.7696296009918075,333.4231155365455,0.4877593256146771,0.3974962081734379,38.44580626493271,34.38228827222248,10.792948727413737,1.0,0.7509841818897699,1.0,1
9.915864580088554,77.98882683045322,7,209,1,21.173859106266192,353.52667569956907,0.520769302707902,0.3906010868539835,37.32429202023672,39.68855228741708,8.832507170707458,1.0,1.0,1.0,1
10.521429280063968,79.3915700107355,8,219,1,8.036962512458636,360.46098677823204,0.4367272948768458,0.3820303920557053,33.706129070629665,56.640040407975775,9.750003064006245,0.21515123383017523,0.20575439896997244,0.9659752314587611,1
11.70051622061351,79.22824441595941,8,224,1,5.7554541027576285,347.01143885014505,0.42790585348876214,0.38759704246523063,32.87672737816202,54.715666754045586,10.496597184697444,0.20449106468015324,0.28384845926924074,0.9629533490009508,1
12.095185265775664,79.74619428422385,8,239,1,6.519023135075738,352.8714498378005,0.4154302956223222,0.3754714667927476,30.40485311179072,61.79350908182099,11.036204802047425,0.1972968771151049,0.1598714472052867,0.6165411797838535,1
12.539195194122563,76.95288449422635,8,239,1,5.966516391562093,334.64470305615447,0.5216126258750863,0.4152982489866944,30.923498244472515,63.71197211871273,11.272258492828744,0.11647675119277874,0.13786266661146435,0.624505773413325,1
8.632880398511784,78.02139211033585,7,203,0,1.5621632295119192,313.65022576768393,0.4272797889108821,0.38209038934571643,35.98464198459019,55.52029664583024,10.422476655156782,0.33708695980238634,0.37365677524817614,1.0,1
9.19006945473699,77.39607798306021,8,232,0,1.9879119923656985,316.31339813405253,0.39082442780780774,0.3549816743455403,36.176173317265025,45.36252249269018,8.742763919395689,0.9947907034219741,0.9687388798186054,1.0,1
9.452857052401558,77.44628087287659,8,215,0,4.060939970488011,330.7880808535904,0.39091343906705833,0.3572092375927393,37.266373491253304,39.98430027046797,11.107482899729336,1.0,0.9540875856257353,1.0,1
9.623714964468197,77.50228105170042,7,211,0,2.6453625293190894,331.44972904894007,0.3864871973977514,0.38597640092346036,36.78025812650631,44.49789547626385,11.207438282824997,1.0,0.8172439799032425,1.0,1
9.467134352754542,77.50511220170158,8,225,0,3.602053577856837,324.1278770222703,0.3932950854014466,0.3796757866693362,36.724643700423684,39.6511563439238,10.536029232468694,1.0,0.8042835853978689,1.0,1
9.574990187214318,77.34209858526151,7,204,0,2.949820542843116,340.2726752746928,0.39325004241245315,0.3856413465455312,37.99626930865631,37.073952798608346,13.104240068093148,1.0,0.946235443550443,1.0,1
9.472013405913353,77.46745427068089,8,216,0,3.5061989127977227,351.1960287142228,0.39816716046809075,0.38541717052647656,38.113736832643376,41.41010143343107,9.498741016372737,1.0,0.7638079798238606,1.0,1
9.578804265280766,77.63648851990648,8,225,0,6.23420452504431,358.1662465920713,0.38761678018665396,0.37552752683298635,37.68458673358361,42.249202270254195,9.906935328409647,1.0,0.7658989305964267,1.0,1
9.777895764236526,77.51747585520923,8,214,0,1.5387553122529196,312.00140956513894,0.38772030144635067,0.3858448299801501,39.43001279345045,37.88766869111727,11.019766308893848,1.0,0.7906222590500065,1.0,1
9.79791649926505,77.59147212737274,8,227,0,1.2266468142356706,311.4017663822497,0.4016695428665291,0.3669180518140511,37.291319660682205,42.19014712751365,12.000052154299656,1.0,0.7700455171102478,1.0,1
9.796483657573352,77.60613133482828,8,221,0,0.2859703233149168,314.41766260949214,0.38515509618681903,0.3516338010570428,37.19516775495523,40.77562018636369,11.029908098622162,1.0,0.9243521955213015,1.0,1
9.86409943255463,77.81708054609977,8,235,0,2.1524340891546516,319.67789933953054,0.4075558803195534,0.35381513128630787,36.60028227247249,39.3559388467709,10.303731765551298,1.0,0.9527049075589147,1.0,1
9.88868569861986,77.82339472259089,7,210,0,3.3493152002462634,341.4601114932541,0.41775788503450384,0.35555103105093017,37.15364374055042,37.89805899546593,11.753071506745805,1.0,0.8895157323870935,1.0,1
9.214273588756068,77.79841505246688,7,206,1,3.033939285367885,337.0827491683891,0.3573646423799176,0.546935146831423,38.698584166136726,29.22969698785444,11.221856020268323,1.0,0.726278853374768,1.0,1
10.862054722614367,78.79387489040096,8,225,1,15.211616301448661,346.7442038159609,0.6240663187890406,0.522140226715064,33.60975261350478,47.74501065317153,10.412745205973447,0.4107876664998291,0.4203799874104028,1.0,1
10.905395377009206,78.43706419951927,8,214,1,2.7010668047440465,344.03504691662124,0.5758989954675519,0.540667352776796,33.87112042580119,54.78694715762412,9.28406834781735,0.4243888904427904,0.3724134253521812,1.0,1
10.822804972591728,78.57001713060292,8,232,1,9.673686142687874,339.81974638098654,0.5821204152699143,0.5454043867498263,33.92032322637171,54.78677247365596,12.163741436399407,0.43370140365163945,0.4917064664777386,1.0,1
11.660351263589941,79.19453485866046,7,207,1,11.451170405075674,345.0153572338529,0.5417325505082337,0.5045106637172312,33.42314093263895,52.951169904086626,11.964687292147241,0.20385947790128522,0.2574135679326637,1.0,1
12.373880674746527,78.14802168412108,8,227,1,4.6733682350270564,337.53550933140025,0.6156612943788898,0.5112611172515199,30.469454714955067,53.98832802111413,9.147279298689403,0.09018855096955898,0.13391907764684127,0.7363441927499854,1
9.438008819767608,77.48618874556874,8,244,0,0.9180008875616696,301.9622848191966,0.4964667955663561,0.409916064085927,34.56105793633705,43.695653460738534,9.875347373301429,1.0,0.8871375404273601,1.0,1
9.581583156717318,77.44393263790137,7,207,0,4.060265144066807,316.0608987683127,0.4587272485631991,0.394192076765504,37.106112831351616,38.327412796012226,11.594199761449502,1.0,1.0,1.0,1
10.639967918659357,77.46068310032427,8,216,0,0.8355134662049468,303.84911993400743,0.5035684456928846,0.38051973394687183,33.41931803591497,56.15017712875582,11.454747240885263,0.1564398690227276,0.23102189218049435,1.0,1
10.983560378426263,77.08097706116665,8,238,0,1.2477679706281126,310.1339632940567,0.5135800141054222,0.4010041334418427,30.359564193440733,57.82346913452936,10.508940887440387,0.09819842087122113,0.2258219828925413,0.6845132158630318,1
12.805858284980332,77.70314376397592,8,225,0,0.353512311002165,299.377543322484,0.49997021926679214,0.4030546227197801,30.982412760506907,59.29970444358173,10.007021797839748,0.1375267583100416,0.2133315827572499,0.6879270624784737,1
9.873498712764064,77.62122655036349,7,208,1,11.299004584110698,379.66177177542596,0.37873655508113324,0.4550015565611463,38.33188650905385,36.33978187985576,9.873955533839943,1.0,0.7656440676465073,1.0,1
9.834208976736631,77.7565418530373,7,202,1,3.229472338456877,344.680529665158,0.3875584153687875,0.451814747674355,38.057672935580435,40.98684860819789,11.077757222651414,1.0,0.7476821297856246,1.0,1
9.65675153680918,77.5553691383971,7,212,0,1.1991733711865455,315.79470225780597,0.49711180804327637,0.6583038862264072,39.78235879699134,37.985351385299005,12.503575198745237,1.0,0.7507958183740387,1.0,1
8.882084293243627,78.24043132172864,7,207,1,2.4890619850274227,333.8793397472486,0.3904195029831921,0.3613804127759885,35.152663820611586,50.115334106536274,11.648274719078605,0.3607304006161887,0.4009092795431379,1.0,1
8.925744406675708,77.73424802347168,8,237,1,1.5331152546691724,333.63215939920156,0.36442520531745415,0.3431190304802891,35.474170919520915,49.22935075291355,8.920993872167578,0.6441745342623749,0.6313037336209961,1.0,1
9.24631137818465,78.71489804769863,8,221,1,2.3116544907467897,330.5601954688706,0.4086807789105156,0.37824855795160106,35.809103877791024,48.330041222642066,11.649922439434805,0.596935834842819,0.5260209566309099,1.0,1
9.275011318706,78.72448671817808,8,239,1,2.7032515904218064,336.1886602510567,0.39000684211220116,0.3716643687644044,34.2155359982335,56.41276167417478,7.966611735516859,0.6087008857549856,0.49026609556554546,0.9577454682726984,1
9.191616573747748,78.89770955327322,8,229,1,2.2881525767813664,339.2672634099164,0.4150557900300352,0.3615174188745638,35.65205685624955,54.981851683206486,10.137536323370618,0.4866471167896701,0.4128590288756704,1.0,1
9.263736016128552,78.82126551881707,8,224,1,1.8281224375578469,336.34338271077536,0.392382871441199,0.3636301554375773,34.22922990475932,45.20816055090738,10.450318326834857,0.5644200316938901,0.5681471869051199,1.0,1
9.307352598084329,79.01451608146972,8,223,1,6.736318142456317,336.2357639492121,0.39771110403369586,0.38611745109938045,34.35575839203144,48.47839014777964,12.331520593252447,0.42620878184000194,0.5123711982102298,1.0,1
9.364866966731256,78.86052292693373,7,210,1,2.0987312241696148,339.71342141229223,0.3833943377421974,0.37460140306933737,36.4288581525142,44.8453599519418,9.022418150404457,0.5531753630900963,0.47666240498971674,1.0,1
9.346089728337105,77.84564723943886,8,225,1,7.312568730675223,343.27460874959377,0.39044971432886827,0.359132847647671,38.31304995121778,40.001654887168044,8.570636382401183,1.0,0.9832291348777482,1.0,1
9.482789019292998,78.23596085509875,8,230,1,6.048372167393399,338.86430683230486,0.3880787659249132,0.36435318262950267,36.628105728802716,44.75899944368575,6.749818598580262,1.0,0.9861583242143948,1.0,1
9.366292762394867,77.72281222194773,8,241,1,17.99945146474276,351.3127012714625,0.3998011736395226,0.35689472369948366,36.37828250231159,37.11573798625825,8.60331103901764,1.0,0.8743521936812262,1.0,1
9.608117662269555,78.10118414126867,8,224,1,4.247384200825734,348.79404802156404,0.38861950090052844,0.3589265618353086,35.627909259948495,45.50640793406275,7.543394700418043,1.0,1.0,1.0,1
9.772230957492027,78.34383379969528,8,240,1,3.3051399758511257,336.16194268117385,0.3839088227880505,0.3524511332414761,34.621279318789554,40.60821512245075,9.172715101704743,0.9898109350307067,0.8820446524802279,1.0,1
9.759059084428278,78.56255187465953,8,240,1,2.6437015853060783,334.86815650884853,0.3904661966253178,0.36777457212189085,35.032424924670785,54.41852436350058,7.8808422255441775,0.6773171547609311,0.6340205755065069,1.0,1
9.896832850516285,78.27366306962475,8,223,1,20.86684125884573,334.7781157721944,0.38134772307332887,0.36668132036776474,36.40968031539126,36.10486232934315,8.705638454428385,1.0,0.7710719688896441,1.0,1
9.881863819756832,78.43187089612151,8,220,1,19.003506791009617,341.6816912811699,0.4066860681712847,0.34343790930311285,36.22187857756778,43.443489756461176,12.01300556919192,0.7782411759060666,0.7180843943319684,1.0,1
10.549195028569567,79.7052982210102,7,207,1,14.191549544064035,356.42597251818773,0.41559837988977594,0.39121104147725394,34.9751449798415,56.3648774147079,13.191272485382132,0.1559211942480438,0.13060115265607183,1.0,1
10.886685557851123,79.04755592191503,7,213,1,11.420148969451589,348.66071698475696,0.4300152334068431,0.3619702430118686,32.79927647849587,51.629169671795225,10.614648997241382,0.3132043930483488,0.4441793026974312,1.0,1
10.88441731084477,78.44293843979582,8,238,1,2.2635819979778775,340.74827217532703,0.393076778207689,0.3767547123570025,31.93695803904467,59.2572660989315,9.585301429637022,0.42306122268804014,0.34404631766059435,0.755236815175846,1
10.999468227143335,78.84953899235553,7,207,1,5.603371108454917,339.3915117381086,0.39312399965211736,0.37528083664316225,34.955628222033205,57.95335809004612,11.81269587767233,0.3840664536405196,0.30119518457730043,1.0,1
11.107300412658994,78.30973044040519,8,218,1,4.139329572179827,333.4052851380216,0.3899476152315146,0.3756472378182283,32.82116519409175,50.34058855209455,10.945623990359419,0.3327661417233423,0.3500562333637004,1.0,1
12.072860457697166,79.79358560907666,8,230,1,3.9442701773993387,334.0446885003895,0.4396870614595125,0.3942170277339763,31.315394766433993,53.99433307434128,10.985314338361274,0.19646802588861367,0.15502904069548407,0.864144346402372,1
12.698188566977944,77.4395663907748,7,211,1,8.274069306446997,340.1693509977754,0.4013111609973927,0.37652766617050326,32.79293050283679,49.5508339642563,11.796801140466128,0.17233804520482052,0.2897467916973583,1.0,1
9.731847131946523,77.67067150045655,8,241,0,2.7190930151752206,318.7122475634128,0.4605774339768909,0.47039217564668334,35.016889657695145,39.36791018617696,9.754589421167752,1.0,0.8898392492539221,1.0,1
9.720148809435594,77.55994906332784,8,228,0,2.7691477183450552,331.9086463129792,0.45250138446787286,0.4809189984292215,36.37950782777667,40.79332417898675,10.414526559734096,1.0,0.9149930257219876,1.0,1
9.694518507748498,77.5976371475886,7,203,0,6.740737245983445,343.08682634819803,0.4674542818130519,0.4796561185680251,38.52109080412138,30.670355326388563,11.134961739503888,1.0,0.8718291115380045,1.0,1
9.607560938016903,77.49141824529423,7,212,0,2.959003040547999,313.04058267536715,0.4660097401937147,0.4576045761320815,38.86086215215613,28.693539086645934,12.27589863430341,1.0,0.9519821192217574,1.0,1
9.612515442557727,77.64664332415863,8,232,0,3.495558501508075,339.3393163951085,0.4802341161044692,0.4598153744417808,37.45223613249381,40.360359933914864,10.995785234655719,1.0,0.7557762059594478,1.0,1
9.676037914263546,77.73577068574272,8,237,0,7.5655323391287785,317.60851219665454,0.4812179837704255,0.46642880361337746,35.57809183853024,49.640269074074304,8.110394703353027,1.0,1.0,1.0,1
9.719050408124929,77.65216577609598,8,240,0,0.9574757115395262,311.764959168532,0.4683114536806086,0.4595518027317708,34.99058297619475,45.49884130038142,9.068347685805843,1.0,0.8965194238144223,1.0,1
9.67713264369606,77.71144594172831,8,236,0,2.3243718347473084,324.3060237678109,0.4746195326532318,0.4637369256497081,36.58435314567693,38.97115414713436,9.790520730428174,1.0,0.9532987637247957,1.0,1
9.764334835140563,77.54516285046758,7,205,0,1.9326951262027037,326.93083486230097,0.4734515546154182,0.4648751488546303,38.675472882376816,33.63386135727163,12.474964015149427,1.0,0.9298734430317264,1.0,1
9.702894535655183,77.62777269974198,8,231,0,3.3227630727205812,314.0794471389194,0.45959996250419544,0.4748816343641022,36.518306896784644,45.351551310187965,10.529047944844942,1.0,0.7373332930520227,1.0,1
9.655699109265434,77.54048880529415,7,206,0,3.6997208087575997,328.7315162810984,0.4694050812495372,0.45683483200854785,37.654273709449306,37.73962850034583,12.515343255733434,1.0,0.8961912698438999,1.0,1
9.704683259490846,77.5933464118093,7,205,0,2.64548206501737,313.66351080064857,0.4405999143534442,0.4843017176962043,38.81101065659118,35.31355413762059,11.317409638608538,1.0,0.7713549918878257,1.0,1
9.740810188542158,77.65863480341467,8,230,0,2.237804272053014,304.16446009559013,0.4718689698249142,0.4670642087682607,37.02426715586581,46.252643095953076,9.698169191379284,1.0,0.8737085960634012,1.0,1
10.43825193031772,77.11657744291723,8,221,0,2.427745079825178,330.85979940520724,0.4393969863020794,0.4592809850257461,32.29521612723742,56.69733976997754,11.855761047258003,0.18710869959530588,0.23070222756546574,0.9129307706637632,1
8.796476539239519,77.77445512841791,8,229,1,6.918975550632493,339.0243278890996,0.5175886366687898,0.4024205842121143,35.95965582052645,49.905614206802326,11.555009730885587,0.5092734238173948,0.5279475949352395,1.0,1
8.693556346199761,77.63192796261235,8,237,1,3.8161731646292165,337.576307039541,0.568486368152552,0.42870851194734777,34.069368929451535,55.71831761302471,9.301417582582017,0.3739447609238197,0.3486105014792438,1.0,1
9.109926493688672,77.44672852479565,7,205,1,6.067729870294904,353.64355923876514,0.57381390146571,0.4097134398836251,37.64796721013624,40.66655357106418,11.369298057985475,0.8552751865497118,0.584046544454505,1.0,1
9.455478676277359,78.84207168129578,8,224,1,9.810161422893133,331.2932499624675,0.4571308778206969,0.40703639967262256,34.207730810097495,54.070373227577136,9.58140643060565,0.5459254883795931,0.3980247864089685,1.0,1
9.533240392855943,78.66497261749596,8,237,1,3.3087144489473244,326.9160885919555,0.4811909370052418,0.3937484030798828,34.38865030516556,46.54095331515397,9.352905046155904,0.6525608903135371,0.5037686224320982,1.0,1
9.622466729780795,78.19182207708002,8,221,1,5.469890283919053,338.94817121207797,0.5318207694986125,0.42841936537833897,37.1554883241858,39.68688300355128,10.766111480086973,1.0,0.9110696864569193,1.0,1
9.550031997655903,77.96615103605978,8,224,1,6.646697322630302,343.1563524033968,0.5334715262306714,0.40278909279865815,36.73739561885942,39.79577060839957,9.983590772087108,1.0,0.8113358566572612,1.0,1
9.64130158086629,77.50715531566489,8,223,1,24.936890488063387,356.1746618362534,0.5295335311393774,0.4327436536147622,36.16091050994546,33.40218725414552,10.66052099064658,1.0,1.0,1.0,1
9.634420831109754,77.66497802919102,8,240,1,5.574882881052096,347.4505026817461,0.5318462281799944,0.4098102781791738,34.780930541507836,42.110300328600694,9.41499856712397,1.0,0.8378716239967777,1.0,1
9.781367532321335,78.06322900381299,7,205,1,3.859486715211644,345.7593582154598,0.5099072320575428,0.4149246177868409,38.80468985391832,31.019747740575433,9.386029269768594,1.0,0.7623120508669898,1.0,1
9.951302481083058,78.01200588683027,8,238,1,22.139348803358462,364.801946197264,0.49579948346868247,0.4086487363554626,35.635046025710956,44.45228012962316,8.991587974433186,1.0,1.0,1.0,1
10.327213579546349,79.4937665688047,8,236,1,8.43669379214349,360.6042380246936,0.42246513703128263,0.37508387393721404,32.52040723450114,58.91536304578377,7.927573380497366,0.1563200423283372,0.22806346640440206,0.7596514255537763,1
11.773745058170507,79.29621034576543,8,236,1,7.512465482806037,347.9943140369338,0.40950151558020176,0.36874019526504687,31.999694832439435,59.79232363837404,10.905919969092597,0.20145710463734176,0.2440179761050773,0.7898440431068956,1
12.139056428619002,79.69192334633283,8,219,1,6.775717883357758,357.75081430247013,0.39579438891817914,0.3556262897269438,33.158269840283346,56.03889208443478,11.484765618557192,0.18953948993713163,0.2586340556614323,0.9878904770605295,1
12.504118449729338,76.99513195090574,8,224,1,8.241303833753289,351.59129422735185,0.5433657926985582,0.4040349236261802,32.98753230238944,51.76487148319272,12.291057250847567,0.11872381711798914,0.24123624987077869,1.0,1
8.680773995860582,77.90923495827435,8,218,0,1.0606114691778703,324.01727050678335,0.42642978278477567,0.39896352066521107,35.73856187535811,50.71647375004523,10.391183316126213,0.40593568225968785,0.444549538876,1.0,1
9.076453013652124,77.482852447697,7,213,0,1.9949568973107181,319.4126273039192,0.4059564732438335,0.36675549689371767,37.277246899777516,43.55422231398993,11.3085517529905,0.8133395931013752,0.5989254228995735,1.0,1
9.246176203487211,77.471346973858,8,238,0,3.2672650263809095,341.7720373825973,0.41113441883112867,0.3515713991913135,35.36908468678439,47.39455681505161,9.363155091305392,1.0,0.9138231198134531,1.0,1
9.554198733049164,77.45086759508999,8,223,0,2.9876303961872583,322.824832911976,0.39661125654955165,0.38675836525316254,37.26427495422652,40.65746103593079,11.965468775871912,1.0,1.0,1.0,1
9.584585652272986,77.41116437150266,8,232,0,2.508012727237663,321.73100711231007,0.39093962864964626,0.35223925719650306,36.5241795447515,40.48749542671251,11.587220636472843,1.0,1.0,1.0,1
9.479746704281608,77.51220423776407,7,207,0,4.037464376149836,341.642541698164,0.380623228001701,0.36698768664551773,37.804541137774855,38.01343139833968,10.19818886634955,1.0,0.7503775009506399,1.0,1
9.603849840236926,77.51476262705606,8,235,0,2.7927326034124462,353.28315879748953,0.3882651930420955,0.37804667068091424,36.050757968850434,48.13468760725402,10.441108555824513,1.0,0.9207035461873411,1.0,1
9.597051565494057,77.68087277850069,8,230,0,5.173199123708116,346.9084379902995,0.3924955124880815,0.3853401720417552,36.47672166652655,43.02333864225903,11.882379083527162,1.0,0.7574140970822727,1.0,1
9.619196054059936,77.65086396999124,8,243,0,2.010317150910394,318.66612000897265,0.38712827425921864,0.37787679278298775,38.042733904603274,39.11024004678675,9.937198003572231,1.0,0.7596731077696457,1.0,1
9.766386330594653,77.6665262355756,7,208,0,1.0767889417009466,314.27860045393317,0.3808057788598641,0.36865415293130044,37.72594235322705,39.1435783639886,10.24649274929288,1.0,0.9863155280153268,1.0,1
9.840238485999427,77.66557359902063,8,225,0,0.32684386670938337,315.2053741974426,0.3862979043466077,0.38755435544241185,37.63527931053327,41.19019866792867,8.457047826935433,1.0,0.7904595708478008,1.0,1
9.93153023917286,77.70671700543815,8,223,0,1.8756956272692318,319.6826425927041,0.40664398214270286,0.352954817172231,37.13215939541472,40.64208223933496,11.981858808098057,1.0,0.9433007627693941,1.0,1
9.897536032942618,77.69494562998347,8,225,0,3.714914558721576,337.9515291093317,0.40518341665890384,0.3880150114939063,36.63482704526264,39.53821274115894,8.993182938970865,1.0,0.7434958453730167,1.0,1
9.008127137743445,77.89831181966318,7,206,1,3.404135400836756,350.6099548781377,0.37568461101832956,0.589915318447381,37.85599272154154,42.936134416234125,8.780240385129613,0.6928798848058799,0.6320753761650955,1.0,1
10.693078706076957,78.53443421948582,8,223,1,10.204680398283568,352.62129603318135,0.6178900974838385,0.5527332909076971,34.171619801659325,53.0976871028222,10.972831680184877,0.3603048773936003,0.3180321159314851,1.0,1
10.94200866758271,78.43425819438262,8,216,1,2.4001850309111896,346.5287386029162,0.6040653670104714,0.5170029384771695,34.528618091671966,44.78792990526395,10.608406401679698,0.42608154998436665,0.33048276091366524,1.0,1
10.911075613130018,78.48162898626452,8,229,1,6.8037050518944335,338.99605234794376,0.5878909371970858,0.5110502778310663,33.410201855059725,55.47084205020644,9.530304667148217,0.44011982699363394,0.34091827212926074,0.9604312409876601,1
11.574971537249352,79.14350165117217,7,213,1,9.437300648446548,346.72965112467176,0.5333958064030334,0.508165763968635,33.236568743418495,52.55905271453837,11.815036155730885,0.19916936077331246,0.30478075242249525,1.0,1
12.302937280658103,78.3185768818603,8,221,1,3.184340354822764,328.57363677296775,0.5736957036548508,0.5308405502132645,31.687056918960515,57.12889924581322,9.436976068473605,0.08090719956580926,0.09212391781924015,0.7770735954795492,1
9.529899195725546,77.44873419404871,8,229,0,0.6587164635405481,317.0429818053772,0.4766824750757209,0.4009267184297752,36.81605630903529,40.544091671061096,11.217922804647642,1.0,0.8855998550282426,1.0,1
9.60297911079782,77.52170334036144,7,206,0,3.1884184582562276,316.8142765131877,0.4747324141894653,0.41698476713932875,38.25752444544534,42.071746326995395,11.684073092794517,1.0,0.8411729555881711,1.0,1
10.626322159810888,77.49743209595024,8,236,0,0.9541940043353209,312.17290763938973,0.4864628766587841,0.40480323626613046,32.81963183390736,63.26272290091773,10.513107065347572,0.15750866143847042,0.22080186415307823,0.768776739708442,1
11.017037605783408,77.04862872416179,8,233,0,1.0683315444878405,313.7610954210209,0.5085509477565289,0.40225361723928815,32.85501608672444,65.46138736445185,11.25794439818758,0.0898300156388705,0.14633848360949708,0.7461423837936907,1
12.745379582068418,77.66102831479591,7,206,0,0.38298049364031195,299.36530838149656,0.5194773528288151,0.4059027288131329,33.03657030833672,51.966010658423066,11.950077753240484,0.15172858491544305,0.14374320595523427,1.0,1
9.855455121672929,77.60335708625222,7,204,1,10.463787137722008,370.91817067238145,0.37104493605732003,0.4390724099436402,39.115392020987755,38.08663775350515,12.530011857597527,1.0,0.774104831181326,1.0,1
9.75793305646981,77.75387327676748,8,216,1,3.615423481002728,343.1111986915663,0.3800894081898959,0.4397320286987936,36.9171066274847,38.693030717339454,9.93206422067181,1.0,1.0,1.0,1
9.737268079633505,77.62247694981149,8,217,0,1.1840224732423628,305.5479193537838,0.480511710323515,0.6731526791046472,38.286948947296516,40.714102507347185,11.474703143705067,1.0,0.7470939311973357,1.0,1
8.931228770363976,77.9861410972757,8,233,1,1.8633103073525008,331.5452735684324,0.3823932650362186,0.3697401349002636,35.45318543839765,44.53318199897597,8.321211192701922,0.558452081017774,0.49951526236820504,1.0,1
8.849118657370203,77.58784259257608,8,220,1,1.9297616997582165,336.5941831995746,0.3678518349478167,0.34267865684536625,36.315218503788365,50.40865487948438,10.791577146138266,0.5046273506288568,0.4430115668558603,1.0,1
9.315520181457273,78.6573479854273,8,240,1,2.5792087370483086,331.02122610422225,0.4045437575086444,0.36833580514157793,33.96462246622958,55.44249924116167,9.850709367935117,0.6427170016204956,0.6249445143684547,1.0,1
9.26257203652905,78.74055505320209,8,231,1,2.348285945598832,348.4751709418756,0.3891374588686971,0.37436873201503124,34.25897547882015,48.27433445611206,9.311671693940012,0.598167365143116,0.6104355064735019,1.0,1
9.273762123760097,78.92566770826802,8,229,1,2.480455060674066,350.8304386716775,0.403688285987398,0.36853463672244186,35.47951041547698,57.35088795589945,11.155681251915858,0.49817949442167986,0.5675036181728674,1.0,1
9.307276756743958,78.77010272423325,8,231,1,1.8384247434035097,340.1269236973701,0.3951706380234509,0.35633387447295095,35.24261669978526,56.097586727099106,9.526760546938261,0.6028054436658005,0.759669167317355,1.0,1
9.398528091835834,79.07329511394157,7,207,1,8.711208350655754,346.6540662296041,0.3971565949244613,0.366206541096554,36.71026814920219,47.431318473740724,11.679576049186982,0.36000734118000444,0.4557204962524121,1.0,1
9.319036874653126,78.67933243542011,8,219,1,2.048852866386394,337.8841808682544,0.3855241895147499,0.3667312607198002,37.429460087874006,50.99965056525421,10.777569644422302,0.638679953541716,0.6860042007190987,1.0,1
9.394577174039004,77.9081468427414,8,225,1,12.268516909138048,354.34026800538,0.37973756352196425,0.3487577732081913,37.5422363169067,42.853731705572585,8.81412623414462,1.0,0.9307987376825445,1.0,1
9.612560373632581,78.1049368763331,7,209,1,8.064316166119598,335.55377082778386,0.3716634522125064,0.3692270561209543,37.420935431953296,38.204146212364336,10.91998842273939,1.0,1.0,1.0,1
9.62328852911938,77.85088415709833,7,205,1,16.477361209216234,336.49361164977864,0.3825169515194145,0.35357042448512915,38.0113148147799,36.43839828373967,11.294962101264657,1.0,0.9172240058650112,1.0,1
9.629151411173138,78.12158981243842,7,206,1,4.233451811845816,344.28788977667676,0.40567623291709,0.36320354246047015,39.12427289346845,36.30416957204272,13.020791667816063,1.0,1.0,1.0,1
9.80930305140613,78.4199695617263,8,233,1,2.2688720652481975,330.7107781643503,0.4029231229094381,0.36056628651451567,36.52503860601482,45.7524884655552,9.395102397355851,0.8514457002338118,0.6642666094253755,1.0,1
9.844106664115715,78.54016368296429,8,227,1,1.5557367045606927,341.22616443173797,0.39488015026878637,0.38396480193100635,36.110596063921804,52.392010285722584,7.83534635018844,0.654485585026304,0.628197839746133,1.0,1
9.910566906122348,78.33309584574828,7,212,1,20.45392914564128,343.10936734831466,0.3929575111246904,0.3463925375470622,37.55981639034247,37.90272502652263,10.43878819679136,0.8954831642469934,0.894381574360869,1.0,1
9.790818010434263,78.30908568597899,8,231,1,26.013746607919895,360.4241277656463,0.39262706180154827,0.3461134682971245,35.70705939241297,39.19672925221668,12.517846075974925,1.0,0.811137034909642,1.0,1
10.59936607745389,79.51207133106976,8,229,1,15.817934126276432,347.5739767198328,0.44413571418532966,0.3724121474266746,32.34155089731791,62.83150928354211,11.59375548837143,0.21223833640815054,0.22062081972106218,0.772289449709386,1
10.80948269845983,79.17382886256625,8,234,1,12.710645914113277,355.31848874520796,0.3991878941621956,0.3674549538206559,32.677107015686694,51.13116834743248,8.049741277455839,0.2703456578355069,0.2185673099787091,0.9495095918403311,1
10.881868308989207,78.41384244342727,8,238,1,1.937852940163012,347.17279684017035,0.3918554995517205,0.36254606320382915,32.44105759878023,53.421073921159135,7.092652796994733,0.41049822221021093,0.405342225079549,0.8490430015564574,1
10.920402319021925,78.9299826610315,8,237,1,4.121342905918815,334.4628487012372,0.40187320278357,0.37973792204862405,33.66046658412941,52.591058552184855,11.47526737213687,0.36144313153132085,0.34691053225355045,1.0,1
11.241459744946301,78.0630070002113,7,208,1,6.144971655467785,340.618801694426,0.381634799590867,0.3605748361950441,32.64146163107909,52.017845563817986,12.351074766738861,0.15613896652727438,0.2000292333657508,1.0,1
12.058934959057268,79.90596296179466,8,232,1,3.906440538615614,345.5316075699614,0.45147564171130283,0.37380621496811756,32.035341341785184,59.33367245150804,14.022998159986809,0.17831547447846746,0.2001449471324464,0.900415527614841,1
12.731757622350713,77.57187346212582,8,217,1,11.849400052663595,353.03266184321495,0.4047386372869323,0.3568967931558293,32.111847111499735,56.80469422600911,11.617861367133173,0.1653820582391976,0.2744036544682649,0.8878299997699093,1
9.624928761297042,77.60425836509887,8,217,0,2.639438496095893,314.88483933924107,0.47895143178828814,0.48284882654250877,37.38296738398864,38.711359998506246,9.791648782638708,1.0,1.0,1.0,1
9.679105045795534,77.63674397243163,8,227,0,4.045656713686454,322.1756036933552,0.44204322590535333,0.4864764113485769,36.29317185707326,43.488135035701156,9.506705907452313,1.0,1.0,1.0,1
9.753488036322139,77.63937606271253,8,225,0,5.192436589457963,345.0146944230939,0.45807069291444785,0.48096720787307745,37.83661604102209,45.65088586437659,10.247786785625529,1.0,1.0,1.0,1
9.756746672072376,77.55711515012514,8,218,0,4.203322861261742,323.5540151249172,0.4545420494730314,0.4727206738894879,36.87515764455355,41.42468773791404,11.506236482595664,1.0,1.0,1.0,1
9.665199832026847,77.63564856138076,8,241,0,3.4763820487522312,330.2484398091159,0.4595105230446758,0.48053700998221127,36.6598013133362,46.8564462858279,11.093193275177375,1.0,0.8028109577420676,1.0,1
9.728226367046569,77.54330586710891,7,208,0,4.727428980253957,324.1771820709975,0.46251709810669916,0.47852530815928146,38.215838420876565,38.901644860822536,12.61029158846609,1.0,0.9553299416283147,1.0,1
9.873549349743763,77.55906701534482,7,204,0,0.6809916648627183,306.98872345098795,0.4379319029608163,0.4575152317272678,38.734601840694246,37.10435782917124,12.013471212627625,1.0,0.7780344980074028,1.0,1
9.718478144952105,77.68800602002487,7,202,0,1.5867867872272716,312.2883368762009,0.4757431434043734,0.4723856679335501,38.96424003919935,38.78993641686477,10.41382558659288,1.0,0.7829900807596317,1.0,1
9.672046913770028,77.672616038349,8,234,0,2.199808326375149,328.6566405302587,0.4817885473659736,0.48271863863400627,36.09071157340391,44.65139259293035,10.926888668446383,1.0,1.0,1.0,1
9.71027663274465,77.5617837148519,8,217,0,4.845729818574459,311.55328259537237,0.4670566213521675,0.4614046711081315,37.6555198198769,39.536808431709964,12.019313513938146,1.0,1.0,1.0,1
9.729702397526879,77.55515965595492,8,218,0,3.8927834816133573,339.63162282298003,0.467380802970695,0.4772367378956958,37.30987507704443,37.63286922159809,10.787112259965769,1.0,0.8374071808520642,1.0,1
9.713568213351662,77.56409823782796,8,227,0,2.027132487849128,316.44230473635133,0.46128707346021264,0.4691295800933835,36.04057134825978,48.22266175000439,10.081201695361248,1.0,1.0,1.0,1
9.722805170952645,77.65586476965258,8,218,0,2.199088082442373,309.49114045080375,0.4523765769388616,0.4701484659944159,37.40998522285979,38.98956397111437,11.307657699019472,1.0,0.8849986746804533,1.0,1
10.31446872421442,77.03945106534327,8,224,0,2.831737196167228,317.6362363664104,0.40525706861553984,0.4315524767001972,33.395798973605984,60.573936182571885,10.623438071619583,0.1880348356359881,0.22523097987886592,0.8799893279259021,1
8.597605866743983,77.89830988473251,7,204,1,7.8790867326338025,352.3629265959731,0.5445394205055868,0.426981120942826,37.03368429618166,48.24597580984853,10.392475000251093,0.34357502555283914,0.3429705519067053,1.0,1
8.729926533404996,77.7762592767444,7,208,1,3.153171010713165,326.6379012547248,0.5249717771930064,0.44572454252024435,35.921465899842985,50.77498455657701,8.187466309577651,0.45106339044789817,0.43779807895050465,1.0,1
9.103501242098428,77.53723281847948,8,240,1,6.210775613677787,350.27062770019745,0.5678476412230531,0.41458154538511205,36.37914957089745,39.35147920237299,8.62548208620185,0.9236396747901612,0.7950490863080781,1.0,1
9.386016750759799,78.87837445878054,8,220,1,12.165494145296542,336.5326771090354,0.4662828498751189,0.394644226488658,35.88530282798431,49.07928037163193,10.41681833366346,0.5368331360629562,0.4865043681432425,1.0,1
9.522489048974649,78.49919828813572,7,208,1,2.4829898088636435,328.3433324601947,0.47590820275977475,0.3819466981936334,36.99103160664092,36.453865247821525,11.785790381842663,0.7776780904750404,0.7587578659467593,1.0,1
9.661781039878994,78.08148010793043,8,217,1,3.5992112926243554,341.8023175665516,0.5011857137822712,0.390714907325032,37.14103950025278,45.25247591847773,9.83216815502926,1.0,0.8579787261829077,1.0,1
9.720738941956718,78.03046276382078,8,215,1,4.838485659285026,346.6261014742817,0.533937048323628,0.43007599836354143,36.62695824923834,39.62661691601362,10.411815231946761,1.0,1.0,1.0,1
9.670115178534177,77.47888241433341,8,213,1,31.2019069165413,366.2880436811229,0.5321204324023896,0.4297192748571745,37.90008878500957,39.41680133930403,10.928786122083274,1.0,0.9537283119553571,1.0,1
9.737517224370878,77.54577356871148,8,214,1,6.546768466715619,338.677553419083,0.5211706223596615,0.4139317987826803,37.86740864752703,36.797896250252485,10.01003337214539,1.0,1.0,1.0,1
9.864317978899624,78.19588402724006,8,231,1,3.8158097826718667,331.4200818964574,0.48327657507725147,0.40076996014162575,35.33523535468564,37.54693193987405,8.584699484548159,1.0,0.7884565734223695,1.0,1
10.047046700651894,78.02823787530119,7,206,1,22.480188753914284,363.98593368476577,0.5180849016253889,0.42968051844274335,38.034170065050866,28.954004543579316,10.641889747208372,1.0,0.9447539191957777,1.0,1
10.426811120832866,79.34338518558218,8,214,1,8.964302350377537,352.0655722724057,0.45115149870537274,0.37058552984982396,34.81264191075947,52.055116944144345,10.718047794655892,0.19065669669673038,0.26192137906505375,1.0,1
11.793487190222587,79.21504277993236,8,221,1,8.362586259573552,336.7253340710482,0.41862543232727545,0.3885769190380342,33.09306978223508,58.520332480157215,11.51476359549715,0.19705310442672008,0.2613891951665475,0.9282514557642709,1
12.146922232371114,79.88036105673285,8,224,1,7.785896962017635,355.8380774206161,0.42663031327976697,0.36199904954481954,30.93507307548401,51.82902508651033,12.823068523718767,0.17821006547481585,0.2653654930690833,0.9379986457340939,1
12.60860149360168,76.96649602798442,8,238,1,8.231840148890653,345.17143696071656,0.5280452941972413,0.4019605592249906,30.757875541932687,66.08982965831139,10.524207278953732,0.12120193224296161,0.18133389206701428,0.534486002443664,1
8.692100781393956,77.98821947610432,8,239,0,0.9070015466182556,322.55759076440626,0.4262117966452626,0.3869645113516818,34.356600955923746,53.687052105442504,10.341928847350147,0.390592128047289,0.35829274515619414,1.0,1
9.223675745893113,77.51982298011441,8,214,0,1.8161519446576662,311.1647670643048,0.38161995807733473,0.351560341362305,37.92229639906983,38.52290816628243,11.81420197924456,1.0,0.8867165789278978,1.0,1
9.355225624991608,77.38146201778838,8,224,0,3.9970753349262456,331.96330675280893,0.3998261589830476,0.3765026949277411,36.705566269571676,33.587844958631166,11.0322930466152,1.0,0.8626813033994776,1.0,1
9.480624780141804,77.69136324815709,7,202,0,3.983005754619538,317.16165034138913,0.40618279865115925,0.3607639341626234,39.3326012609179,34.43350723341692,13.767272538302281,1.0,0.8138827153840185,1.0,1
9.48285145549122,77.46604866889396,8,227,0,4.1110550452724794,323.9722713029527,0.4014527910889052,0.3791058565866456,36.671989164287936,42.24082672042768,10.832778446552988,1.0,0.9769905393229508,1.0,1
9.542360197856524,77.42330626070536,7,208,0,3.2219914005598773,334.38461282662036,0.3895134153952717,0.37998075619197397,37.8493532253851,33.57503488382946,10.133257868141412,1.0,0.6888978980875188,1.0,1
9.559289578318582,77.54593195424509,7,205,0,4.053828380267726,351.7878560639302,0.41313987793071666,0.37829196783624897,38.307184591863304,36.490955994202466,13.231636970645214,1.0,0.8980277991155384,1.0,1
9.64546254505152,77.4602974682895,8,229,0,7.144054577870536,354.49541693955575,0.4188054604495297,0.35240588733430156,35.56715303024534,46.328968151098486,9.360543888907996,1.0,0.9402933972902427,1.0,1
9.701296620561068,77.59626241094668,7,209,0,1.8732268640774932,317.30760339002325,0.39836784382768264,0.3775382549268194,39.88477979935291,43.95753201735979,9.62054157317278,1.0,0.7630554292942819,1.0,1
9.710130085803986,77.73043999462767,8,221,0,0.881849711219254,299.97168773959197,0.4054367706075702,0.38813538772006323,36.836153475608896,44.86403549340854,9.81165682854324,1.0,0.8022748753192375,1.0,1
9.568190391907757,77.60613605009482,7,206,0,0.2895878567193994,302.65285279975666,0.4116165307338229,0.36047713863544806,37.921392255576876,38.64052667534819,12.703992315295018,1.0,0.8699061253607125,1.0,1
9.881618420751888,77.56679892687464,8,232,0,2.2544118546129885,323.91269600818623,0.38965956242487176,0.36164682717233754,36.55386792374052,44.66925502101714,9.584061749876433,1.0,0.6934631232984688,1.0,1
9.889347751700607,77.66096574249126,8,233,0,2.3105723360571093,335.6894877033268,0.41457801527715143,0.38160048233448,34.87054367137537,49.09734668158444,9.079628284169985,1.0,0.8728664681742133,1.0,1
9.150569494002388,78.01673626286713,8,226,1,4.376130480897869,353.93962521297595,0.35208723259115987,0.5506426178881966,36.71855780931567,51.05620739164877,9.516785726705521,0.7820082428185247,0.558459118920145,1.0,1
10.933763999220409,78.64562487174246,8,237,1,14.58236422062892,341.17314810250707,0.6165498482109144,0.5385109348017412,32.91545959142249,50.6703583427849,10.509786832682202,0.4533517298602985,0.47052960544000466,1.0,1
10.847844119104378,78.44241007233413,8,220,1,3.336042920086864,345.8879687073565,0.5767259539455853,0.5435163980075307,33.90073421179835,50.45878771190312,10.00559847397884,0.4133079346730298,0.3806203373267345,1.0,1
10.878416420015677,78.45340300349746,7,210,1,6.331654299633012,330.7732879705741,0.5970915889082643,0.5054695150764259,35.63526178263468,50.16760475359773,10.577007210743723,0.4256295286094144,0.45290829172246605,1.0,1
11.469526294117648,79.0874209810195,7,209,1,13.162972509458154,342.46796978660933,0.531781856498813,0.5026881047132613,34.354377923720946,51.55298625613122,12.200616737568206,0.19437104486513754,0.3123145313513457,1.0,1
12.264685833367809,78.24300385188378,7,211,1,3.147970470116524,326.2834812250828,0.601495325742259,0.5340214947024019,32.352533685921685,56.786901013268235,11.978208754590558,0.0854515828816287,0.14977489121440407,0.9195434748906901,1
9.49414495121118,77.54533372930571,7,211,0,0.8054361404064341,312.78467333998225,0.4968206968553456,0.3921377158956718,38.673098313020624,41.22698009847157,12.532396680461456,1.0,0.8512424349338518,1.0,1
9.501171597656603,77.52512961089595,8,216,0,3.9939337926629768,314.8210567531082,0.5038141083666532,0.4150537867759007,38.360190974975325,39.062935819542496,11.517212354400849,1.0,1.0,1.0,1
10.694297413763863,77.45380085274763,7,211,0,0.5929868922551729,303.6134204983762,0.47075333144714687,0.3865099887719943,33.565456393125714,54.594563879795466,12.407754417671713,0.14031139252173586,0.19894873567735644,1.0,1
10.991293226563588,76.97161486679597,8,227,0,1.0366072774816526,313.38445757372403,0.508112182906902,0.40443198308974027,32.669532522403806,63.45730104277344,10.043847796580085,0.0864586925954165,0.15440902784600014,0.737280152892924,1
12.750269970698712,77.52644472402046,7,209,0,0.3340963859512118,301.0339684258127,0.5027375087213768,0.42429541617304045,32.52554359313158,51.66533043061422,13.44531001377255,0.16824560243983663,0.25131491028412134,1.0,1
9.931819608451057,77.6238138880312,8,225,1,15.261856437376682,379.01807819623076,0.3819876869236896,0.44694723838186373,37.40750264633148,42.083231552169416,9.558429802182786,1.0,0.7701189254927775,1.0,1
9.841457995755691,77.66888006289382,8,218,1,2.918071615742786,339.46733743355423,0.3809120099029988,0.4349361476768459,37.66282384999863,40.65052543727454,10.626500893494129,1.0,0.9918167754127158,1.0,1
9.850833109286233,77.64153145202147,8,231,0,1.1360107102536083,314.9697439357915,0.4854913560510874,0.6177084998945369,35.765340379195734,44.38777992369765,10.245040292220242,1.0,0.9154676985477546,1.0,1
8.954017010845163,78.09614484453795,8,215,1,2.2405737965856245,341.3073074834578,0.40269328449735925,0.3662600815586749,36.32620652451301,47.65238822889706,11.120752508707923,0.49905634073214505,0.38399169160292734,1.0,1
9.0374805482457,77.6218617896681,7,212,1,1.8982721328783831,333.9323439816415,0.37812051260944307,0.34395447915892485,37.74565014495987,41.40858155580751,12.40058317968354,0.8118601749710447,0.9231828341519924,1.0,1
9.178789861156922,78.61469352705367,8,223,1,2.5390422987893952,332.7756779013239,0.38658824561963456,0.3835483059402566,35.55548225333432,50.7522644775525,8.994183622485046,0.557736467625377,0.5400994751636952,1.0,1
9.058008383003896,78.56533373793616,7,203,1,2.586193956888393,345.65260136805836,0.39152328291742566,0.3523381975451937,37.15370755452186,41.81475356366067,8.03426511495589,0.4405409373859514,0.3791783943494538,1.0,1
9.224581207415298,78.82695781802504,7,210,1,2.1925581345430682,332.0718758684408,0.4003995571804746,0.3711275795604954,36.4444528611974,49.56061084232782,10.884128550061005,0.5445668743622286,0.5224154884680349,1.0,1
9.298265300288328,78.78331263052333,7,202,1,1.7730984219737487,325.0379173687371,0.4134672487591067,0.3846119616482643,36.89228705310559,48.409026666624065,9.881468140345802,0.5943189822408266,0.5740051323949358,1.0,1
9.288536188022357,79.16223872611529,8,222,1,6.353403288663412,346.1397696652691,0.3965418789888052,0.3726821143041849,33.830877195467345,52.94810637317885,11.06609445231614,0.2904295319533519,0.40945712646275567,1.0,1
9.326353082767744,78.66221512331457,8,219,1,2.2763150317649834,328.39775567374653,0.4044859950283806,0.37401141962212536,34.86554462367287,46.42802643529991,9.450825926109799,0.6457584106625832,0.6220970126024397,1.0,1
9.49495370018689,77.99445636860162,8,224,1,8.079170072132454,347.9922314112426,0.3998813759440713,0.3665379905401466,37.31268668287269,42.08995993736799,9.602138321654266,1.0,1.0,1.0,1
9.533694030212375,78.18584043642983,8,226,1,6.941313175906797,344.33226038474277,0.4070058532930581,0.3464067185182968,35.96242757947744,35.73914257672235,10.850264114464819,1.0,1.0,1.0,1
9.61148390493137,77.82413440649779,8,217,1,16.890296297588947,339.15704131268797,0.3750514439754755,0.36629737562918013,37.34735176665266,40.262715109672946,10.490519238879958,1.0,1.0,1.0,1
9.585850608070306,78.1241569262475,8,236,1,2.9966969748225725,349.1469854374432,0.40662927373241775,0.3736927757524613,36.2516368929368,46.588936046062365,7.197707484824677,1.0,1.0,1.0,1
9.732262441754877,78.32034141709428,8,238,1,2.4993617325918427,333.49897899950616,0.3939572338718047,0.3770719499820714,35.386036735045344,40.85708023557621,8.83425491973507,1.0,0.8774359399429776,1.0,1
9.943417974611714,78.51729729490411,7,205,1,2.3605384168668233,341.0683573847465,0.41066806349729146,0.36789292397625883,36.585303868530566,51.51712031713271,11.75759503156137,0.6008513647287411,0.6198936288886491,1.0,1
9.892303107460295,78.30609202422205,8,238,1,17.427934535259745,344.54904809397635,0.37259721367317367,0.3544021746603917,35.27475859964108,42.968401227129846,10.272964659515385,0.9582375642994243,0.9388606288303292,1.0,1
9.842153957158772,78.49714311528254,7,209,1,17.43190984178214,345.58937947252366,0.3902397780699832,0.3691191461614674,36.13773844604741,40.51297490985537,9.371670603813895,0.7161626371066535,0.6682117653651598,1.0,1
10.663842385451701,79.58761873199964,7,211,1,17.834631247793258,344.16775729884534,0.43527307598547416,0.3816292229476219,33.638367255137915,51.897831984390216,13.161402141158636,0.1952426313452423,0.1791292468869159,1.0,1
10.826161381485322,79.15674528054416,8,222,1,9.748533110426324,351.72874249576824,0.40208018743478646,0.3610202722148361,34.89290265451761,57.949804654439255,10.898991942734403,0.2753490110385916,0.4013252232289013,1.0,1
10.899772868526792,78.52285712016344,7,202,1,2.287486593158418,340.1838105035205,0.3972660083240501,0.35786984174387904,35.762542738441844,40.693886812536775,11.303498916634757,0.4482629662778962,0.49802899955259705,1.0,1
10.875649653817744,78.90144070255462,8,215,1,3.2371999008714494,334.52349573158943,0.4122262235464635,0.3577985211219315,34.207280232310275,48.648676377546494,10.495363273487158,0.3721805823600015,0.3374281942446352,1.0,1
11.092000571844563,78.16306629598586,7,208,1,5.34120056921103,349.8440263549886,0.40210191759091923,0.3684895503544276,34.4342180547037,54.02081041592237,11.553598098929946,0.2509149516571506,0.286768529613736,1.0,1
12.05710969356419,79.89079275275728,8,220,1,4.4370116611398815,336.7917506050956,0.43892563016871455,0.37713485181901035,32.50100418019261,55.066185536350794,13.753647454356694,0.1817411996001487,0.21907221098779034,1.0,1
12.676505189077572,77.36419227608464,8,234,1,7.089938266060191,350.01107151879984,0.3876397888965768,0.34270988198441343,29.792302340821173,50.343478334391534,11.176225921527937,0.16937201414802283,0.15417224197578264,0.8243160699074784,1
9.78813114998103,77.71423125865739,8,238,0,3.5071453571823383,304.0878130208541,0.44683563512044266,0.4489481724235754,35.30076424782915,49.606517428266784,10.760849811446661,1.0,0.7474900545278134,1.0,1
9.731935365728685,77.61163037157527,7,209,0,3.517263900654659,339.05872259462905,0.4791679735919261,0.49020457356578934,38.221909589849496,36.8755025789684,11.841524031834703,1.0,1.0,1.0,1
9.73095223760546,77.41476435168913,8,223,0,4.679730941398117,339.8870945047186,0.48192267954567336,0.44992918303452634,37.42247564303045,38.7928522299823,11.281832775116579,1.0,0.9039796233980347,1.0,1
9.663081571471189,77.57827457334777,8,220,0,2.939462964701621,320.3593695051732,0.4507837572321952,0.4499394924573051,36.83643344415198,39.14100295932875,12.686168104607047,1.0,0.8643969622354204,1.0,1
9.707448010895403,77.64312634746462,8,218,0,3.976629683809811,338.50348875958883,0.4450585282735487,0.467705856940076,37.65961574763888,42.71862891736829,10.05191459136748,1.0,0.9862693205399174,1.0,1
9.7421800772542,77.58331832888722,8,226,0,6.480559547530106,318.15046864540125,0.44709719094362377,0.4580197132697465,37.54993928080523,44.14873914742124,10.97760081740974,1.0,0.8850387189251737,1.0,1
9.769763701779887,77.65173040676954,8,241,0,0.859402192976569,316.83193392660894,0.4589766037462359,0.4917466110521074,35.733918499991674,42.923932228169974,10.838343650781066,1.0,0.8949647427281052,1.0,1
9.713137572143713,77.54961830826015,8,217,0,2.0512573356436596,315.2467709071344,0.4772272575592063,0.4893163344563968,38.32947267133982,39.25312424605168,9.344239217656117,1.0,1.0,1.0,1
9.796108664552696,77.51297123390486,7,203,0,1.7455365053763825,329.3829656342288,0.46000166588713143,0.4655229326875495,38.43297256978314,36.28136682183471,9.100562582781281,1.0,1.0,1.0,1
9.722999251623557,77.60622882178667,8,238,0,4.851125485059099,318.80444517408273,0.4395480348389037,0.46759038141256415,35.410375819406724,45.78513438376321,11.238268433841153,1.0,1.0,1.0,1
9.778749298296237,77.60871959671029,8,239,0,5.090461427694887,339.8745131390043,0.43883473772480464,0.46413034169455175,35.85369918351779,43.662091213671104,8.68790390120566,1.0,0.9083604440245612,1.0,1
9.68986034539876,77.58490309542564,8,214,0,2.5816544758944517,314.25233269440645,0.447459983498651,0.448279707482227,37.849118195637324,39.900842840681435,12.14470899770095,1.0,1.0,1.0,1
9.598118814340195,77.69049038026495,8,221,0,1.7641714998705134,299.4213199859291,0.4757674787700337,0.46026380144497125,37.57899123987621,43.71358740684951,10.502232982859953,1.0,0.8636171055923585,1.0,1
10.434295129161296,77.04993548374026,8,236,0,2.4802803633545785,316.98189580915545,0.4251021834164761,0.4330203061325393,32.545238870888255,63.3232390374612,10.479699506327607,0.1630289176045044,0.2514545986796656,0.7435218702031767,1
8.715762684420262,77.89526159251326,8,222,1,5.743697366093891,340.2102503063136,0.5433997241044598,0.4032995538606351,36.34315849193702,57.44551627830066,10.167293676402217,0.4351581642858621,0.4180970819512678,1.0,1
8.78065431322653,77.72873789798145,8,221,1,2.8531662263849804,329.00798503866497,0.5400433275920453,0.4326170476362647,35.70970021490706,44.46141900018239,10.16768684715431,0.4880038200739311,0.5167556286796257,1.0,1
9.14462306630062,77.43443988335046,8,239,1,5.010603800037342,358.5814469670106,0.5736183972775404,0.41274688888168315,34.91232095102288,47.41661835701978,10.854370761905388,0.9285807942832423,0.8411725508023027,1.0,1
9.40124891238315,78.7153378871432,8,235,1,10.200972345726642,340.42978353593236,0.4620653775132202,0.38411725295181054,35.158120104345116,49.41155587211729,8.51393347418881,0.639612945955092,0.6809686557006391,1.0,1
9.478407762398808,78.5213337711374,8,222,1,2.234976083833995,336.24532103385565,0.4960773318073414,0.399220548592774,36.832619989324265,49.65842333151991,9.181967899255593,0.7483639441783606,0.597194723074595,1.0,1
9.696130978833065,78.23513399990809,7,208,1,6.169619245503565,339.4812949946925,0.5301910794167701,0.40763357697002817,38.393359060800094,41.86784424792354,10.115644861023236,1.0,0.6554038730107805,1.0,1
9.68833131913388,78.13941888683293,8,219,1,4.759718226994312,335.20788911989,0.509150085674023,0.3951430261904271,37.925798553615834,40.965801961220805,10.223744019370399,1.0,0.9724581622184175,1.0,1
9.637797063640933,77.28688556223987,8,229,1,21.786864110850942,357.5367697516172,0.571685909821441,0.4086913080667811,36.00044586965548,42.61384511390933,10.220247635189102,1.0,1.0,1.0,1
9.787239693243444,77.38169583544165,8,213,1,8.633334806558631,338.49585052790263,0.5279473775191166,0.4071049265542494,38.137023632916616,40.99488979601513,12.30610121513679,1.0,0.8639548254552293,1.0,1
9.840429413981667,78.22271375151031,8,224,1,3.4057443862818615,335.2272954822791,0.5079216713091638,0.3991715824214636,37.618097606626456,40.375268283135476,10.683216892867545,1.0,0.8034592306030517,1.0,1
9.966153363484628,78.02649505619503,8,229,1,19.236213590306427,358.27882411026235,0.4889861511747437,0.42231018618796357,35.415991116220944,40.588332463168115,8.449409884896376,1.0,0.8439702225602512,1.0,1
10.515059764863917,79.49696861786572,7,205,1,9.343075817610542,350.4782375248428,0.4288791712059729,0.3957866573200342,33.98449535571345,54.249209684548575,12.973640274006069,0.20484213100085535,0.18861848671648931,1.0,1
11.793680735641374,79.19602974555019,8,225,1,6.025998566933329,352.67735171273955,0.4178452674928089,0.37642588710454283,30.35528653149234,59.375653599500204,11.536387039843758,0.19537886766467213,0.20240643017112162,0.6817714481861412,1
12.07191934858763,79.80807487485009,8,232,1,7.322845100285901,344.65990631776714,0.3920732943951547,0.36648598888053613,31.37181164169971,54.707060520168774,13.522969854484453,0.19511651089089313,0.1536201124810323,0.932309099868309,1
12.587506649675047,77.01161214241195,7,210,1,6.850798643592591,344.5374254043594,0.5132011774361915,0.4289242139179144,32.535569475194045,56.28657036005258,12.580231881502412,0.1275926537949831,0.09537265636880395,0.9647281390063969,1
8.709825457116668,78.02753754532554,8,224,0,1.1588126871353148,312.98944851881515,0.41263958889051394,0.3848230365967782,35.00583180333521,52.72354809566511,10.99531099592316,0.3853998394604754,0.3933250963384379,1.0,1
9.014337029451584,77.46862401008383,8,231,0,1.8118505048777345,310.99066569706275,0.4035812237814705,0.3583131869076561,34.430777114873266,54.85870799473023,9.841822941757972,0.6694871264533205,0.5711042023827573,1.0,1
9.217326823536864,77.39345839817689,7,203,0,2.690842333617848,337.4697572067809,0.3982092139060463,0.3554844975249468,38.94816463045303,35.229728080262525,12.804490500661712,1.0,0.7609124452054277,1.0,1
9.52271073680235,77.48756734425922,8,228,0,3.7397876474514127,317.0487199330656,0.3920707719407799,0.36769163995423687,35.94985447148913,41.3958918392918,12.22899343327013,1.0,1.0,1.0,1
9.501877196640848,77.44508661968416,7,212,0,3.9421260077255167,320.6516767372262,0.41964800123105006,0.3723986494370222,38.55258862354838,43.458964978769835,9.227080145654472,1.0,0.8479816909810136,1.0,1
9.54695717953813,77.51812974364317,8,218,0,2.773607243247834,339.6504966755026,0.41758100159918715,0.35663218131687596,37.22769205676151,39.33070944420439,11.678348084493752,1.0,0.8648698501961297,1.0,1
9.609283761906354,77.41419453675131,8,228,0,2.534583306157999,336.8475929056849,0.38502613227349985,0.3623511192561124,37.72638944391988,41.9717353210606,10.99990255604305,1.0,0.7181474093536081,1.0,1
9.680642495074226,77.49618233561758,7,202,0,6.704706380015106,357.29033935686516,0.39660429706673983,0.36281989086793126,38.694914065945966,36.21982829027764,11.630679620501041,1.0,0.8898381311730005,1.0,1
9.6324941642714,77.72804827576792,7,202,0,2.0284308426376505,311.1212364197332,0.4059538773597445,0.36116803343789405,38.21528236229477,35.96711658357318,10.773822346516072,1.0,1.0,1.0,1
9.739449616095774,77.54850563844202,8,220,0,1.278162177900446,313.99559158651226,0.4093396319011975,0.3685481668527963,38.16149818531889,39.00429369128448,12.574732283753615,1.0,0.7076263248323298,1.0,1
9.700396366650253,77.57447905413976,8,240,0,0.38885333333025485,305.26231333213707,0.3946548861963797,0.37566335261983036,35.66655858999895,45.034455584984165,9.10245387012302,1.0,0.750505426522929,1.0,1
9.886065554942467,77.68352376752495,7,202,0,2.0698183854997354,332.95479469558876,0.4098512725094139,0.37034742569379175,38.41329558055904,33.824712144409176,11.43413259129212,1.0,0.8475696562683039,1.0,1
9.879935839659284,77.69338267767579,8,234,0,2.6196354537010365,329.6400524495244,0.38496600051642715,0.3589538928031517,36.80280537773838,43.127791597524954,9.128155339252759,1.0,0.8898756628298103,1.0,1
9.318718646000768,77.88785214502582,7,206,1,3.9172511764126963,343.53859422447306,0.35394525450927733,0.5473675256817018,39.132091341872574,36.775401386293,11.712734444130936,1.0,1.0,1.0,1
10.677800701730144,78.61807962721356,8,223,1,10.164182444695669,348.99874537615824,0.6129859905453543,0.5470591345336312,33.356528849831705,51.128941753379735,7.870965800304837,0.3547556490336888,0.31291920286000485,1.0,1
10.905766626780714,78.49834664380003,8,220,1,3.0387466265629297,335.2077130371452,0.6075409674156225,0.5289031481840427,35.487000851082044,48.527141571223986,7.490968903323733,0.4438791717515988,0.4458953265960904,1.0,1
10.935881768204613,78.51360735289146,8,222,1,6.774915212238517,334.8020507659274,0.6305698231065611,0.5067933767590955,34.83004261806735,51.802943838496546,10.208764511964159,0.4492189014368969,0.5015415799647559,1.0,1
11.597700025540206,78.96157587787089,7,206,1,9.279233957005534,355.2514678074344,0.5059834222013592,0.4879060749824779,35.23288186044429,55.980403892880936,11.841056611626104,0.17315721261876166,0.2391584377336347,1.0,1
12.36133780824898,78.34938134149056,8,233,1,4.1902412306058086,336.3062409271668,0.5804635030693829,0.5461137902543602,31.685309357373416,60.119569833217064,9.180718570211507,0.0766588482996426,0.07959908326982013,0.7024605721398485,1
9.578768037510374,77.44134981805259,8,214,0,0.8113201193767252,311.8118575220576,0.45832773994905435,0.410069052990942,38.06701925707372,45.35207931557745,10.825396807187744,1.0,0.7437070283916215,1.0,1
9.533527176705803,77.49210358336128,8,234,0,3.5382567030531393,324.23302782520614,0.4652214827639621,0.41503266531589517,35.58496762233884,44.21301018524346,12.244741185677453,1.0,0.8902140332599779,1.0,1
10.597812837125941,77.32541290609262,8,229,0,0.7568752696631629,314.0613086474536,0.4657098577210138,0.4040835130400677,32.971193584605416,60.11096896726708,11.017422833870752,0.17804430483792077,0.30179741373332053,0.867205729669644,1
10.923213021603786,77.03185998171256,8,225,0,1.768596221171896,314.97059507651426,0.520218935687301,0.4068391433086802,31.776479767627286,56.626957156651756,11.128969094457489,0.1044321154720163,0.1761279638241669,0.8485545502451425,1
12.737484934244653,77.57233788935757,8,215,0,0.5463188381289478,301.54329424251813,0.5114440341739811,0.40699203489973246,32.38568055940607,54.2402934299449,11.727716655403237,0.16507101657354217,0.17536459122093695,0.9710691158775258,1
9.776631975171592,77.71940191697557,8,218,1,12.932467123758832,361.80062228402437,0.4093255209834158,0.42910785538265,37.51639431256347,42.03545826284584,10.050535786217484,1.0,0.946360727400937,1.0,1
9.89758990845645,77.64458793819841,7,206,1,3.053507962676052,328.13565738509493,0.41977394267788126,0.44447208824211,38.24895756871268,37.27538934456507,9.904854104835689,1.0,1.0,1.0,1
9.836702656005764,77.6887658539982,7,201,0,0.6999376724132956,317.2639015730083,0.4783199916241686,0.619493353600162,39.42596814530236,40.229503691021016,10.508553144548546,1.0,1.0,1.0,1
8.824139227168121,78.13868311112338,8,215,1,2.2557038708869217,339.8389774786783,0.4042762898921696,0.3652564220629502,35.841902651251466,45.279602448872716,11.433018462565363,0.3892293823258872,0.4508123187117475,1.0,1
8.963480475661639,77.59295271211012,8,241,1,1.853410178205991,333.52735808054905,0.3702556051206111,0.36843961788643786,33.773655318449315,56.362276831794844,10.739399299695926,0.6651114278649743,0.5171371648172862,1.0,1
9.296346136215801,78.73110414440688,8,216,1,2.6891510069904103,344.39916667560095,0.4095026464489319,0.37640197175733764,36.332558351604995,45.79066349870463,9.176903512438393,0.6150360006595297,0.6585105560756029,1.0,1
9.259307710100625,78.7548257877646,8,241,1,1.7474490521534005,350.7030254094821,0.41516903427254265,0.3637883481775521,34.626666584314506,57.51252507616119,10.082235172698446,0.5919000190838065,0.4511660392624107,1.0,1
9.33500970593519,78.74819915295288,8,221,1,2.3044783602873227,332.723310373628,0.4125866506432312,0.38207172785971905,36.806644720427464,48.99137814222641,10.03414129691265,0.6185709400422282,0.5587403524458565,1.0,1
9.272355182400933,78.68103584957323,8,232,1,1.488901138784981,337.14431454690026,0.4124709631296464,0.37797512789334686,36.436008204339295,52.92600838334971,11.251831129897631,0.6179795256557877,0.5379337753840499,1.0,1
9.291962740475338,79.19287690292768,8,233,1,6.10649044300499,344.54101003540467,0.40848409191564344,0.3562470009481983,32.66959416753525,59.72451642662169,10.698729330243204,0.2640038025521769,0.31680984886197217,0.8407011071620002,1
9.315556838127392,78.67831438207097,7,202,1,1.7070022002005818,338.503785633908,0.41279959791115095,0.3587203361599176,37.017955622803605,49.47910016056348,10.962143106261767,0.6376838184980496,0.6474518368670237,1.0,1
9.261212913994024,77.85702539958424,7,201,1,7.227359738098076,357.45079271413033,0.3974374877078307,0.36493590287441663,38.79368901583515,32.0040822139142,11.077078848226561,1.0,1.0,1.0,1
9.501322112426589,78.22565131595377,8,238,1,6.367958418828146,345.7759527329224,0.375665604527624,0.3524189808080169,36.537544116993516,44.079110834252965,9.521345688237355,1.0,0.8394204079568595,1.0,1
9.50878245978818,77.86244766361928,8,239,1,15.37438299063278,337.2279772198896,0.37495319175851627,0.3462995858920645,35.67528137025722,47.374848175692335,11.681424106773651,1.0,0.9254447485649567,1.0,1
9.56856864152652,78.02048579083413,7,206,1,3.0357996614601332,335.013509213179,0.40060496330145096,0.3475788837533961,37.92704848229899,36.70456477758638,10.032546422654475,1.0,0.9614220152148234,1.0,1
9.909321279931767,78.34150914178205,8,227,1,3.040468347338964,346.3386458709172,0.39489309946214407,0.3479622184994544,35.93085519104528,51.12382999308513,10.785226457343768,0.8842526939481788,0.7308177367189477,1.0,1
9.865724526297411,78.5624640835134,8,238,1,1.5629666646247449,343.2917529383154,0.40077504468765507,0.3691782635522801,33.29748271008825,48.595648556687514,8.359113579452936,0.6078131033262846,0.607153098990709,1.0,1
9.883151824333881,78.36399733343337,8,239,1,22.396897714877518,331.154070580986,0.4058832098431043,0.3638658763234619,34.648531193654996,53.223062309458356,9.098845679027043,0.8781968184153689,0.857047183751208,1.0,1
9.84624376542283,78.45724150004573,8,213,1,20.290331721049004,342.6615866722507,0.3962240239179775,0.3483504818947589,37.082545493750466,41.03221884293401,9.038340580515175,0.7706776778550027,0.7206048712406845,1.0,1
10.728071870924012,79.46101631601549,8,234,1,21.01027611666533,356.9590056260468,0.4255343100387969,0.38807487119380246,32.399757431545844,51.03859825743697,11.584868606883383,0.21901366330911054,0.23199693066950333,1.0,1
10.941000526532227,79.06637394124506,8,227,1,13.255543287746384,346.4077099429745,0.40647120413522353,0.36189746647755655,32.22839981862049,58.49669832440349,8.987845195270069,0.30176677666889656,0.4037462252196457,0.7777546289171529,1
10.891512390951714,78.3624025481636,8,239,1,2.5017320364594284,333.48657799185366,0.4042097744327034,0.36302765112057656,31.298076722083042,49.45786464484864,10.462023073385797,0.3868042810070349,0.37656132188109054,0.9471587335535899,1
10.965132013940638,78.94699678702447,7,207,1,4.804260677585657,347.49820570427914,0.42067128667214027,0.35976944897974195,35.83182600130763,49.50070411305915,11.870469285177046,0.3496072289312142,0.30744457823993865,1.0,1
11.257794654919582,78.16661188168835,8,225,1,4.872514779954157,345.83855928172306,0.40257413227796496,0.3805526270298981,33.73515726542171,61.04860169651421,8.479028655119011,0.19816967548091893,0.20319993165674408,0.8307082687795182,1
11.935239920964111,79.76938462472724,7,202,1,5.174929162480647,350.04770610604237,0.4604030005820822,0.40793273948453823,33.943971636865925,55.837171645323366,12.443777412731208,0.18933718758143134,0.20763614789080112,1.0,1
12.713980116631621,77.42781103986552,8,215,1,7.365507057895004,346.33799939897153,0.39884912740351314,0.35972999455241134,32.35419622426683,57.195219048780054,9.82516353572473,0.17196245126373186,0.1866411851209249,0.8433256225407435,1
9.680579604061672,77.59683607428961,7,201,0,3.15885851502215,307.1009265477087,0.4694421692957237,0.4484754401473036,39.224109297447804,34.809220392221924,12.542136384534608,1.0,0.9931702449112416,1.0,1
9.702051909957149,77.6202538317801,8,219,0,2.688806399286419,337.6108937315632,0.4751959546682239,0.4587467578719973,37.936234270344215,39.883125045259966,10.3108886476991,1.0,0.8749853900758986,1.0,1
9.677266001053967,77.63413909755259,8,234,0,7.541315170853506,341.3895990736252,0.43987738216875555,0.4539283636825857,37.05009044180086,37.96676718309361,11.072475435261234,1.0,1.0,1.0,1
9.72473372236451,77.6017062717672,8,227,0,3.178073906489701,317.5644223525446,0.47172779807577103,0.4861098273880448,37.90926371562027,39.1773839428537,8.612939751410112,1.0,0.8266953555940473,1.0,1
9.850573905429592,77.50425762842916,8,213,0,3.4503019697073674,345.0731325603716,0.46063298074377773,0.4504881374093606,37.85500421504088,35.33052642621257,12.07718791318014,1.0,0.9237303766175059,1.0,1
9.694235426825001,77.65085503052171,8,218,0,5.6995207593381645,328.9891218129672,0.440435883521525,0.49192438331235405,35.86601030975978,36.39579769460229,10.576286354587523,1.0,1.0,1.0,1
9.740049770636588,77.59797289354358,8,216,0,0.7959861367344024,318.2886460929185,0.46823446129579793,0.4741601475013574,38.01152822147219,42.249219553147334,12.94702797909317,1.0,0.9188896186062309,1.0,1
9.859342249288638,77.69044143530104,8,230,0,1.7391557097564494,312.9920559121032,0.46996084892408946,0.4708337699924856,36.090294122769976,40.37071127398153,10.56909433759023,1.0,0.7937018905644584,1.0,1
9.682068909513921,77.55484828543639,7,211,0,2.58309193200682,337.24610098376706,0.4610868497990555,0.48632547925370173,36.68088100732403,35.1531864907894,12.196259300437076,1.0,0.9323127894113808,1.0,1
9.84946727442503,77.49907076908544,7,204,0,4.822028007695806,319.99613269340364,0.47351475297188916,0.4477947382006984,38.84708131812458,33.33309704703564,13.227611021604119,1.0,1.0,1.0,1
9.723622610463897,77.60412817981218,8,221,0,3.260710818088564,341.18686087187575,0.4508114129969479,0.4830261792221295,38.36262446798822,43.61504841249005,11.98183226457661,1.0,1.0,1.0,1
9.848882735810545,77.7000066881799,8,235,0,2.3865012927377562,330.7153288156436,0.4462877320524461,0.45198039014172026,35.544096763168284,42.060500963174896,9.086782953887303,1.0,0.8195296247654482,1.0,1
9.777514078746242,77.61584594956312,8,220,0,1.9958190369844317,303.2704104246442,0.4531337617801908,0.4860165706502003,37.579158929055154,39.98048885751901,11.588379599059392,1.0,1.0,1.0,1
10.43700758538077,77.0954731140579,7,209,0,2.0133421114926606,327.7125605030683,0.416222121558431,0.45131292986570376,35.19385840917406,53.056541335968916,13.067400069852589,0.17959113366835086,0.20384492858950354,1.0,1
8.66039585226794,77.81241570876398,7,203,1,7.232547933275172,347.1286060426168,0.5505804145297172,0.40156743489912383,37.11246385744956,46.14879181255969,11.675950513289793,0.39648216632550476,0.34864162786080477,1.0,1
8.696697099208455,77.84702365266766,8,240,1,2.5302486509866937,341.84302833542154,0.5690035965833026,0.4443295366684569,34.51941700653541,57.08424398627726,7.685688278500937,0.42618162203669896,0.46861518855594164,0.9593681984416108,1
9.120375408497503,77.47133781835807,8,233,1,4.623609112519586,358.062368157088,0.5621505004543272,0.40967450703406383,36.0131303064316,45.43151708713387,10.499866435891956,0.9090576799561448,0.8212488206681462,1.0,1
9.4884653021314,78.75689240196603,7,208,1,10.540444945921557,343.80666976653134,0.4546774152762712,0.38553482771574415,36.5799468577464,41.446481683577375,10.435128604453181,0.5984066632566432,0.5683361229267979,1.0,1
9.533962199830233,78.56040239372588,7,205,1,2.3391758769385786,325.22145178206307,0.47357842007041234,0.41191298095306517,37.39050228345196,38.79193360862099,11.592057401955326,0.7319481440101722,0.8463041835498404,1.0,1
9.63534640364567,77.96652855170792,7,207,1,6.091676031098603,335.93516475037706,0.49257909938583666,0.40855971607817354,38.56802927839205,33.20335752208332,10.285541182272445,1.0,0.9530393411088246,1.0,1
9.640925222607557,78.1880913465767,8,217,1,6.697191211257636,348.88560608324144,0.5195229341774606,0.4256369368785482,37.58706711002167,38.14668946621292,9.61263765683941,1.0,0.9286632258809034,1.0,1
9.746533362950814,77.45137351799521,8,235,1,36.00331783070981,367.4214677225441,0.5361494533019292,0.4358234587300166,35.28474646789758,49.59922286502024,10.47440496211365,1.0,0.8060977386100078,1.0,1
9.795341301856991,77.66237617502678,7,208,1,7.653741415709465,352.19821979228306,0.5413708943739998,0.4251882076835571,37.58520033086639,35.163990929940276,11.473232065008737,1.0,0.6888034455198457,1.0,1
9.855529464036213,78.21046819083648,8,235,1,3.692322890014219,329.0593121073228,0.5145914921597342,0.40148163935141257,36.097841308254054,45.94156707607513,8.88035036616089,1.0,0.8570745063329973,1.0,1
9.960198849978676,78.02195135377806,7,202,1,19.31162170641909,356.7782972070788,0.5187179030210024,0.39498090146562104,38.48558465479452,31.12269592495091,9.171408294523925,1.0,1.0,1.0,1
10.427065124376698,79.34265959028912,8,232,1,9.109397991849454,355.76357185718376,0.4213300815986007,0.39752455085407395,32.461119194617474,57.56304374031431,9.40673167118141,0.19070264403097154,0.24447060954015484,0.8309859922688905,1
11.839807244533008,79.24787471911425,8,213,1,7.2150294366871925,347.9642699686525,0.4228132702765026,0.36498231218744903,33.61261260274786,55.846404152729974,12.20509799465234,0.19226494338138142,0.2001770261933497,1.0,1
12.17719932158188,79.71529345817731,8,241,1,11.098099978989067,341.7993656743433,0.4162879357507243,0.37107339220272195,30.48247375682819,59.25805565983524,11.607431963123377,0.18324755698147602,0.25068536836007854,0.6972038250313937,1
12.479760345147406,76.98641087170535,8,221,1,5.637561865825605,347.026273283145,0.542671258464357,0.4104478808150608,33.199202985711,56.570779122591006,11.525831852653702,0.11446372966574507,0.15082677539829636,0.9807651803693223,1
8.68050468210057,78.11533458813837,8,213,0,1.3205413008838691,312.86332261254864,0.40304852647374184,0.37103734521609527,35.84629222992779,55.73033912855004,11.997740916436449,0.3220668094995747,0.3765461268065443,1.0,1
9.141387751171735,77.60182660418388,7,211,0,1.9464858510563354,313.660216532122,0.41495966357094183,0.37349969011420403,40.31725537237139,31.926663845781203,10.256390354497622,1.0,0.9379805531882236,1.0,1
9.262054123465932,77.4177137348387,8,235,0,2.967726703500756,328.01650732818763,0.40050452992214514,0.3810235623356181,36.72511561477904,44.01626391007384,11.791142331983096,1.0,0.7971436441845384,1.0,1
9.638578699722474,77.51430027496166,8,218,0,4.138207712122383,314.7190134643372,0.39893444052789867,0.38025564086475727,36.58474689023721,42.927379050436656,9.67985374346641,1.0,0.8958186592147923,1.0,1
9.427257954585189,77.42528986839389,8,216,0,3.175385148546933,311.14792824970795,0.3879375734652905,0.3836456625001615,38.38130806929015,42.92440848648903,10.416162991941416,1.0,0.9915097824285936,1.0,1
9.416339429470387,77.41647060033942,8,232,0,2.7865974937653695,349.6715228774432,0.3950797527588215,0.36233740130275754,36.18296675635458,39.72187953625266,11.038740180178761,1.0,1.0,1.0,1
9.472221209259647,77.47968703235718,8,224,0,3.586225338302516,351.09592959044085,0.393312994492604,0.3687328011234577,36.772997199756844,36.1862072483147,11.107799088620341,1.0,1.0,1.0,1
9.72326174218032,77.5621168989098,8,229,0,6.629591298841363,357.2644472900313,0.3908294273131771,0.3518453792091409,36.4065957259448,41.325769993119884,12.066889004951072,1.0,0.9166329993796529,1.0,1
9.749982837444854,77.60850300521793,8,220,0,1.270962762493577,312.16877896490627,0.40269626298587097,0.3791337320560455,38.48607018579075,36.86172670052953,10.488058219319138,1.0,0.6839569962359934,1.0,1
9.747331390440308,77.51654654674651,7,204,0,0.8891639215336499,307.19675494229045,0.39849101441121126,0.3626866951492645,38.42399802540872,33.19049897161638,10.86059146126426,1.0,0.8783267032534464,1.0,1
9.80555797822617,77.55255606222666,7,202,0,0.28834299255298745,304.20697290585065,0.41556790741258676,0.3722752607309969,37.819542179621266,32.14583597093619,13.048694731000834,1.0,0.799100148823606,1.0,1
9.773574008403626,77.73260865107129,7,203,0,2.5265389955515207,326.7653379819498,0.4176537590818865,0.3577641104347197,37.31023408525746,28.576283507518102,12.882037602555185,1.0,0.6232365478925004,1.0,1
9.983543557685124,77.75074830527844,8,225,0,3.772572534832815,330.8514117080094,0.38877893716912365,0.38181778176397013,36.07251626532329,44.28881606173315,8.99802489478189,1.0,0.9584523076755367,1.0,1
9.13994332759676,77.84592406817232,8,224,1,3.9475896168675266,350.39154464978765,0.3456037954356196,0.5880845164988617,36.9309173822153,45.83101197955498,7.387373637335033,0.9512165752235535,0.8547189236127175,1.0,1
10.88585460168634,78.66624300173544,8,233,1,9.47750107756566,349.8655779570712,0.617120253089265,0.5500050044819067,32.904522067921,57.87513412039532,7.647890256589615,0.44734387378064705,0.5373463395652762,0.8060370957252795,1
10.840310220126575,78.46383850288754,8,239,1,2.745009183463163,345.9044763279306,0.6296916842183166,0.5059346608466563,32.7536983828612,55.93991007249799,10.314383673204519,0.41847763843805347,0.42750674955611323,0.9198013534150085,1
10.936486968790636,78.50252536233401,7,210,1,9.841670145631495,332.364752892162,0.6321796042611034,0.5561003116180758,34.67600675962209,45.36517308771559,8.519013392264327,0.44691928985082163,0.5457006154869017,1.0,1
11.668918953941231,79.22578610910534,8,242,1,12.023571416341015,345.66088984136275,0.5047559623122929,0.4873889707219847,31.102165736734637,56.88401346057083,10.959515118425488,0.20429284594679473,0.3832274313445891,0.781353915277109,1
12.379252572624889,78.2742441063816,8,241,1,3.6786416995157865,329.6918079640179,0.585075813042388,0.5198999853605095,28.493012102676012,63.29428037004019,8.875975923827273,0.08332969452187608,0.04667748588234921,0.35636347017504344,1
9.410872176417456,77.50737103916155,8,228,0,0.6426091333190864,299.87212503991975,0.45808042929798065,0.38997342916761785,37.92174355930508,40.63860446858419,10.378800781534204,1.0,0.7418701135707058,1.0,1
9.539022678397444,77.58507532509198,8,224,0,4.108957547327454,325.4622723542181,0.495397410097976,0.3907013079346613,35.980779302486546,45.38396280637991,12.360123325871124,1.0,0.8881144161799346,1.0,1
10.54079352962005,77.37260844612652,7,210,0,0.942865216496619,308.9564867017772,0.4939889418383234,0.4021064542441459,34.25020063379268,51.467021082085644,11.47605768823756,0.20154631514479243,0.21778892719930953,1.0,1
10.96643472309458,76.99581875175052,7,210,0,1.0654276195709524,312.44466555048564,0.5207133641406868,0.3993322323164549,33.57854238108207,55.3319257188418,15.559312153573423,0.09337421080705162,0.11461354935525334,1.0,1
12.799225157551929,77.56885144108399,7,203,0,0.5420848371503165,295.0,0.5127769439818229,0.40564462376741656,33.37097248377799,57.91342806641917,13.026316468129705,0.1595552112941397,0.17888472983094011,1.0,1
9.687737023954929,77.64960350641647,8,226,1,9.1693721068734,363.47665605443694,0.38089762257491794,0.45861164741283744,36.53512581674958,36.37319190112502,12.790959043000502,1.0,0.8654431779760678,1.0,1
9.676569973872502,77.6876047244164,8,221,1,3.181565238187447,344.42823641088614,0.402238839641607,0.4407916379923802,36.5605133300634,44.92206328253232,10.254836521246412,1.0,0.774004324315956,1.0,1
9.775202489494763,77.44236984392184,8,222,0,1.1624660308531733,308.3005546301561,0.49705496005797134,0.6343242696820327,37.1112801847531,37.31060527838972,11.212004205201504,1.0,0.8231583133875695,1.0,1
9.011290867215775,78.1873033801033,8,231,1,1.9434202779246208,331.6211781149185,0.3802313832319251,0.37244829017169395,34.334666693798596,51.392681978253705,8.584903219713647,0.4794315094558633,0.43048107791128104,1.0,1
8.922001653371874,77.64538095970926,7,209,1,1.8297613519972562,344.7133145444183,0.3889672317925577,0.34327907704904476,37.25352919784116,42.658379348498954,11.593297971769825,0.6235787246079896,0.645399208357545,1.0,1
9.137086687573502,78.83186689291573,8,223,1,1.8772077540105674,330.3687657105741,0.41815866868587553,0.37220184696649955,37.15608392557635,50.80131322933199,11.495629347269208,0.48536070512329826,0.45444021612574464,1.0,1
9.253018170892688,78.5862830963544,8,235,1,2.7916051351276794,336.35333386332644,0.4146496767903027,0.37819999679610883,35.15764491926474,52.816621578798575,11.138189912395932,0.6154985321892127,0.5942403878717119,1.0,1
9.252075992642729,78.70944191890105,7,212,1,3.2612179743851377,344.2613234553462,0.39606080330721105,0.3618591744247773,37.173981935491064,47.33003276301323,10.768541416835363,0.6013530754147006,0.4866418290656229,1.0,1
9.319673053825197,78.61159054322432,8,235,1,1.2507782286569022,331.23217067925674,0.4042883093195256,0.3834492009498391,34.36989040747202,56.74439156057715,7.85118917563111,0.6534191989194783,0.6053290984167955,0.9596318276816483,1
9.320401322418821,79.15221874831599,8,230,1,8.281327185960494,331.6719196907455,0.4301625755043609,0.36039052884424544,33.3539574942256,54.295460590679866,10.161847854509324,0.29922661559223307,0.36155346504345226,1.0,1
9.098062422612305,78.68519202254322,8,218,1,1.7935290589786754,339.51887727906103,0.40273749645502877,0.3825753484610744,36.38431113166729,53.42206257471574,10.57398203636652,0.4840980277760251,0.4135479337993041,1.0,1
9.440656954309992,77.79439998921312,8,237,1,9.730574466905376,352.82647665441226,0.37498607649478427,0.34482761869796846,35.32388138358367,42.93710955715482,10.06221150889793,1.0,1.0,1.0,1
9.436706441334714,78.13238400479779,8,240,1,9.122996955237875,347.9528940894171,0.3722717994363717,0.3477573933072635,35.09892217315485,42.07563751056684,10.124057995266334,1.0,0.9244271319808077,1.0,1
9.456038988098591,77.86677485439165,7,210,1,13.938455940405166,338.2818654198476,0.4013222658800172,0.3557154450204687,38.448863260086604,38.37043876742285,12.321257115502629,1.0,1.0,1.0,1
9.63842686127385,78.11415245560973,8,241,1,3.7100916090241696,342.279911131803,0.38702150469067204,0.3727459984607344,35.22252761391146,40.072510300031,8.464445382122346,1.0,0.813948542255432,1.0,1
9.8377079776321,78.51627237237552,7,201,1,2.2986649937672845,346.08499602681223,0.38012570273453855,0.34720507314456417,37.81242509395387,46.91701468774642,9.712935857676165,0.692338382305438,0.6113391166553711,1.0,1
9.715578577279922,78.50754053652489,7,206,1,1.9583209933582948,326.73797260930166,0.3939068812264379,0.3838912148723869,36.74136772883679,47.13570082848519,8.870758187863041,0.768100083599176,0.6617158933897256,1.0,1
9.934560349194028,78.30886735597328,7,202,1,26.11834849815953,333.35770349283507,0.40003754179531165,0.35027033495806054,38.66999038297498,37.39733121661777,10.567182443650326,0.9017936141237688,0.894255409952217,1.0,1
9.939213719327212,78.20686653618186,8,216,1,16.827088815284462,340.6198805301274,0.3886446460897193,0.358290302349403,35.75959520822392,34.754946128029225,11.879277762295663,1.0,0.8646350471593884,1.0,1
10.710628333740965,79.54308726840853,8,239,1,18.971689952733342,351.9741316245459,0.44584547817861275,0.37440390736189283,31.35358973428011,62.27460355105932,11.069124547331308,0.20323692919854972,0.1506072526948427,0.6859403188261276,1
10.810866345884108,79.00798082807033,8,225,1,9.362881035791567,349.1609287188874,0.41963194913988566,0.35587067038473735,32.55943941958143,55.070787447190796,12.139007964614416,0.3216601531057803,0.3640261711677457,0.9799464516995242,1
10.880843539706751,78.47097149702469,8,226,1,3.222990740259852,346.8180448981945,0.41896056601781706,0.38643946036220816,33.95350465664545,55.32106325618442,8.48867434167212,0.4320455545304654,0.3714033714083601,0.976483944426943,1
11.037285249210615,78.94687152644927,7,204,1,4.692709875723508,348.9791738503387,0.4259286544383835,0.36771259675783186,33.93108424554757,47.07207718868574,10.987065176894617,0.33275118912432405,0.29510614130611906,1.0,1
11.091244411945286,78.3016846683582,8,222,1,5.448119397401955,333.8954460432507,0.39018188847144036,0.37704225667017927,34.35805713758096,54.81605450116522,9.288762823500349,0.33440852444055136,0.3639786196578856,1.0,1
12.145272932257342,79.75761314094477,8,216,1,4.244406491395138,345.32073863719967,0.4673167247089175,0.3929354393898972,32.159304615557666,57.50429416929515,11.51064943635214,0.19053477211430614,0.21659151284328151,0.8728877535314732,1
12.70644605886087,77.53895275332361,8,220,1,9.320983738723475,337.39237070495426,0.37130117834659765,0.36006177300667946,32.80821484667024,64.1945051021728,10.533820548116,0.16900067937287183,0.1652667171468749,0.7477663493028606,1
9.703921585025,77.59908404040246,7,211,0,4.134896122635155,301.48601046586776,0.4825909093237616,0.47547914830717186,37.884770668415335,35.94462740528019,11.667010462895563,1.0,0.7021537192713603,1.0,1
9.591853860621068,77.5749082172872,7,209,0,3.2980863765195445,334.7172702069819,0.44900628100491946,0.4887220883915141,38.8816986372294,41.54199310674303,11.421180242208836,1.0,1.0,1.0,1
9.702109835891,77.55068419592267,8,240,0,6.083754334834227,344.16637999293624,0.46758057430668487,0.4793676816576231,36.41947663320041,43.63988645363563,10.866465889627436,1.0,0.8342556438416387,1.0,1
9.758050986120796,77.56291449439469,8,223,0,3.740496190754276,330.39935414953254,0.47606106657518,0.4715265637343954,36.52646129604419,42.053047031744384,11.158986440258788,1.0,0.904650743433476,1.0,1
9.622371293850362,77.71931196923374,8,217,0,3.055177643586504,338.0169685066246,0.4443813744854867,0.47682374015130086,37.615443649934164,46.055616233108566,11.29057031291049,1.0,1.0,1.0,1
9.75181451070763,77.62142875365457,7,204,0,5.935616181900204,318.8697202510876,0.4760024497692821,0.475000531183924,38.92446278329263,32.21365112841523,10.495108322690383,1.0,0.9597402682469056,1.0,1
9.725860857757532,77.61390282932508,8,232,0,0.8207933026667551,310.0511330377629,0.4375633006263778,0.4668566967518567,36.35852170961449,38.20147782018326,9.86297455630917,1.0,0.970499321334914,1.0,1
9.674647107031738,77.59076271990241,8,220,0,1.6772548767441076,313.8840108922899,0.4573309483519287,0.4758639084761312,38.17749079937285,40.19280284016154,10.64557592512126,1.0,0.9420101124325944,1.0,1
9.780397116054392,77.77560850280065,8,216,0,2.3473184885868354,335.7971267159696,0.4587137306364324,0.46734778060771565,38.428995850749494,38.58164707028213,12.071704084531234,1.0,0.9075695155510068,1.0,1
9.568282026171502,77.70258073421925,8,228,0,4.99443524977766,321.4720629453353,0.4542081728099019,0.4821078757599799,36.470877147468144,49.588649188248255,10.096529353192022,1.0,0.9094717106334378,1.0,1
9.74751765241206,77.55603565196408,7,206,0,5.070746932765345,334.6286485795716,0.46397369832982305,0.4920388867255474,36.94198051656744,34.30664374201647,11.169033274000823,1.0,1.0,1.0,1
9.837510461065131,77.59013694617067,8,222,0,2.546107817440173,323.30924912576234,0.47908274804032114,0.49161367180236976,36.95476515897623,48.14606742251752,10.108361882052781,1.0,0.9755192739810278,1.0,1
9.825796019737046,77.58958288196403,8,236,0,2.035403438422186,308.5092502230502,0.4520414992578133,0.4850745819619741,36.83151062581933,43.891996722042904,11.229887626494891,1.0,0.8514829984561221,1.0,1
10.442796470437695,77.11966103847978,8,220,0,2.438108649873253,328.9286898838618,0.42332891526098987,0.4545791503676768,33.43427514803217,59.25901607045047,11.404966493195717,0.18698450876930303,0.2564889609002079,0.9368388859050365,1
8.64387234567084,77.8242541805158,7,202,1,7.676098092633894,335.67209058906246,0.5603829763901396,0.43047194349897105,36.58205910829117,46.402028238083325,10.289331530942572,0.3835954039009115,0.5044040892384809,1.0,1
8.695873821041666,77.75469715663532,7,211,1,4.033436113422314,326.5642157030455,0.5650147467305758,0.41615607669607485,36.0968137011396,43.97953589468876,9.762136332929735,0.4185067993667645,0.3088350043091623,1.0,1
9.093865194426604,77.64505616924275,7,204,1,6.2523187214718385,341.8014414998875,0.5247403295643023,0.4290977936644987,39.006437770715216,37.291801650624166,10.369736010004024,0.9411159698507212,0.9732175749018106,1.0,1
9.463716507354253,78.71571603236971,8,222,1,9.455213141217303,338.0460854359672,0.49081116591400015,0.3902921905996546,36.84029115221223,51.07238942265349,11.327990202889922,0.6332148798857813,0.5331492053628155,1.0,1
9.478372933617841,78.44152972840355,8,216,1,3.0055826773338614,333.1347120539619,0.45823905140441334,0.3801397992443739,35.55880466692585,41.24990329840754,8.802501700476009,0.8017713983762501,0.8340840558517478,1.0,1
9.710529667263527,78.06262890112919,7,207,1,5.753508921148288,334.9857476815715,0.5145266821930907,0.4291362405615551,38.72825897831131,34.1582596908978,11.6564260882788,1.0,0.9620958217684724,1.0,1
9.807801236260234,78.06829431079245,8,230,1,7.613700753011997,337.93052816783467,0.5138430346360734,0.4249177910359254,35.95596301820689,45.97050852923933,11.533075567604751,1.0,0.8366786036442515,1.0,1
9.672728173541083,77.54757261123221,7,209,1,34.813722860114794,356.2296131666226,0.5657514626886274,0.43058904059420683,37.01521555641608,27.20459877754683,11.234451259587013,1.0,0.8064986362118058,1.0,1
9.61547236377017,77.66954964540103,8,216,1,6.910129972217183,334.7249880265681,0.5210159247998448,0.40967439610099826,38.300349809624,38.587696510064056,11.92432984612706,1.0,0.9699455546282332,1.0,1
9.80809786775785,78.23750256464828,8,242,1,2.6589809160560804,346.7455651918865,0.4839685196031352,0.4179119836181687,35.16797902065144,46.71935588889756,10.721005721930428,1.0,0.8391314417757711,1.0,1
10.06135958861981,78.01472440145406,7,204,1,20.959289135905028,361.40345084924655,0.5228574535696564,0.40732684446654704,37.76678850496479,33.12004792137262,9.656009792082335,1.0,0.8447557765353614,1.0,1
10.39632776747277,79.39703806152492,7,212,1,7.995613747578342,348.0389454095988,0.4149287043536999,0.39152728227006256,34.238335025703854,52.21658038511663,11.887680349948912,0.18260531963707516,0.2325727637609158,1.0,1
11.794258162724484,79.15606062103642,8,215,1,8.951212151379876,342.95486617284826,0.4286861404638225,0.39898168818687607,32.484358062401405,57.206929895825475,14.452677978778679,0.19058232884228613,0.2113776895564611,0.9985220276852735,1
12.059625602558846,79.83828181596334,8,222,1,9.066093453934725,346.55164907582116,0.4194975716986482,0.36441605647712516,32.91836104725478,55.77400052814449,12.665257946479166,0.19146830644893464,0.22213727091494417,1.0,1
12.625533648327789,76.98675382233662,7,212,1,6.854392791822208,352.0411790563509,0.5481670641542649,0.409264927826078,32.14458119366742,49.70029823717894,13.028149325688453,0.12428534706691197,0.1813889808743185,1.0,1
8.68790905785852,78.14887981552748,8,241,0,1.1552227200969774,321.06924562133605,0.40784537581675,0.3711605345742008,34.95541580818166,58.082749049733536,10.392202572730838,0.30756099452253827,0.32492334081513796,1.0,1
9.155254716127324,77.48369192006507,7,202,0,1.8352344410100356,313.6916538969472,0.3921584103474434,0.35495381109018487,39.33136218409923,31.147316282456593,11.409020630497839,1.0,1.0,1.0,1
9.252710106483834,77.38176545976597,8,240,0,3.2411494706702633,341.30102607514874,0.4187589961296417,0.3660797092705057,35.607388020066765,47.593945167037404,10.412436801403278,1.0,0.7259339996431797,1.0,1
9.442476195120374,77.46148318699925,8,223,0,2.7004324430983258,329.7922380842835,0.39794682480619537,0.3521447269505256,37.05016194247755,44.289981969060406,11.067056439588749,1.0,0.9082620941675783,1.0,1
9.666095169100712,77.5085228302855,7,203,0,4.141373766124807,325.03928545575985,0.3817782990574552,0.35573263562384716,37.7672605470263,38.81514069947018,14.768773154611988,1.0,1.0,1.0,1
9.522913273050905,77.34703490645317,7,206,0,3.148126181617547,335.77561319973165,0.3887833959786533,0.3615527426490888,38.81467705192658,40.546993635348045,12.761007237272544,1.0,1.0,1.0,1
9.575335986207755,77.49805392936169,7,206,0,3.2913436874425344,338.93516617481106,0.39369740358647354,0.3574149227086508,38.82782610659537,37.61198421079113,10.275933750955536,1.0,0.9960967650114281,1.0,1
9.665569160699045,77.5877353106479,8,213,0,5.780861473587139,352.262429263112,0.4199795761717835,0.3785898866815269,36.449661973468544,32.64079025988381,12.555084617119299,1.0,1.0,1.0,1
9.632895052461413,77.51555539124324,8,215,0,1.8082020908441772,312.1437421098592,0.39210766189907675,0.3554073772621123,37.771571184743394,36.38027657910966,11.214908487935473,1.0,0.7781090913335145,1.0,1
9.700338364235746,77.44490759731421,8,228,0,1.312496069802179,312.1572892639378,0.3810558339513018,0.38354178188590743,37.09645813429324,42.19913959233336,11.01257052257588,1.0,0.8417085747786243,1.0,1
9.800343477336543,77.60471684016852,8,214,0,0.4244231996121864,311.53743130522514,0.40051686310221346,0.3596812366373052,38.2952819267392,42.98567537216251,11.244363602414545,1.0,1.0,1.0,1
9.860538774602121,77.78946990882919,8,231,0,1.6321134720884336,320.5770309826965,0.3833442153989591,0.355517852827948,35.967989438808786,42.786929187061105,9.42220248298654,1.0,1.0,1.0,1
9.83942276190894,77.8059079266719,8,214,0,3.9152081687585296,329.5246472985654,0.3909627039478289,0.35187394584395654,37.17425845803139,44.14769059344866,11.863422633114862,1.0,0.9838185381377546,1.0,1
9.17267249710584,77.9397963347469,8,213,1,4.2937755101857515,345.1511077480999,0.3777257943393818,0.5822666852463624,37.787065521673874,36.80699950433978,9.169622951776324,0.9127066902881525,0.8621859690213902,1.0,1
10.869581582050243,78.75664039646895,8,214,1,10.71973271639693,339.08929401317215,0.6122783111358092,0.5171006875347428,35.30066947121506,53.36300457881558,11.202725330591091,0.42394524990398363,0.3998284491830084,1.0,1
11.047949371819723,78.49812412419303,8,216,1,2.2397326398283877,341.71263504792563,0.5730399977569722,0.530503426072302,34.82710484837969,40.97143162573873,10.952251094765364,0.42486770193703577,0.3718235635826811,1.0,1
10.960902533486074,78.568101248615,8,237,1,7.236444566839539,342.46894282426507,0.6068698898340995,0.5094156504736242,33.15286706764963,56.381138013695754,10.157687166495636,0.4546488861286805,0.5267250450320322,0.9383635792861078,1
11.697459487497188,79.09501383777655,8,213,1,12.779696671880657,344.53365924861595,0.5125967881693291,0.5242647961618125,33.24682366202615,50.579074824124746,11.555277682928484,0.19277973482675897,0.277189004987029,1.0,1
12.348699266584422,78.1816980812501,8,214,1,3.679335105271104,339.65527997241264,0.5773766793841273,0.5101453911707077,31.934111367889354,58.340186868770644,11.37898363020253,0.08941131019574858,0.08066267173758286,0.8314316997952609,1
9.441128923264715,77.40423436181835,8,242,0,0.8002118275691146,308.53408912769703,0.48417913984074246,0.39647703706567516,34.546680426338924,44.207345161293574,11.442246051829706,1.0,0.815949546159892,1.0,1
9.469436755067132,77.3072229737013,8,229,0,3.7379018124446652,325.5586518691591,0.4802714827027303,0.41406598009337864,36.97035866452305,39.844042408899064,11.32956187673647,1.0,0.8448467014543805,1.0,1
10.540887259727604,77.51197645819629,7,210,0,0.9508562751663425,303.02685391561045,0.5019004626314599,0.3897954779392163,34.09059990944522,54.47614317133798,12.736723516814939,0.2002519289918749,0.224974695787911,1.0,1
10.837799797101585,77.01991572926033,8,238,0,1.556691498057506,312.71788360957396,0.5403999238680568,0.4004458431991931,31.867562898012714,64.92968769988641,10.349444884199926,0.11502880264061412,0.1428418615493842,0.6472795563570536,1
12.800502191240929,77.56329928541713,7,210,0,0.5237096347775636,304.2535893722233,0.49708077472901474,0.42264848015152,34.650862631812515,55.8571777992635,12.644573987216534,0.15991796825867713,0.09955805538528512,1.0,1
9.812728428460535,77.50841241600965,8,220,1,15.137677653534896,363.41521870910634,0.3765927504192405,0.43010719618592047,35.99463078206199,39.50564741660856,10.969004819970328,1.0,0.7012122355661224,1.0,1
9.746250978324392,77.74631023576455,8,229,1,2.4988539645636823,327.1160762574233,0.3968807704895956,0.4266085840054454,35.15540538568113,44.96175862340142,10.885998442066171,1.0,1.0,1.0,1
9.700937644274328,77.616824381423,7,211,0,1.1171268789190822,308.25645306804023,0.4902182746604457,0.6314004109046399,38.2469133700138,37.35623394235895,10.542953845088851,1.0,1.0,1.0,1
8.82178070010918,78.02024646279695,8,216,1,1.9040777987079278,330.2805444132612,0.40035326699277024,0.3491330710835518,35.711470422592186,51.40186491128267,10.483279397480269,0.4602983651653103,0.47276745269009224,1.0,1
8.937392518231128,77.61209095743516,7,203,1,1.7551540831115224,332.774993398486,0.36460548478952337,0.36085615887252936,36.3531407974203,51.70225492609275,11.167899102181925,0.6330450527959585,0.6600265014079945,1.0,1
9.330123539802758,78.72994235346981,8,216,1,2.462289505517754,342.52799291687296,0.41407982437677915,0.3565181735205356,37.51460963080104,43.27936667984649,11.15662818089189,0.6252237884254455,0.6891787975141231,1.0,1
9.209044829729569,78.73505961693438,8,224,1,1.7415683365261614,348.2601563346948,0.4089588920451987,0.375893576872516,36.40392759053458,47.036868157432075,9.635197380936948,0.5695876281850315,0.5179631980790494,1.0,1
9.24072056377362,78.89126894613761,8,226,1,1.8640461900570537,350.78473144057654,0.3935717835477326,0.35538789558110445,34.282314104636114,48.06048700524519,10.85218834535747,0.5135588680492454,0.47036043567868674,1.0,1
9.334204228792235,78.83635351840023,8,213,1,1.1666135753397582,333.3834490693351,0.4105521140932096,0.3524949166914794,36.18473873443667,52.22154394590527,11.3453215909161,0.5702917795593109,0.5854966907668144,1.0,1
9.151198800694917,79.08529732697309,7,203,1,5.886369875867304,343.2425357704371,0.419360253478967,0.3633137389704972,35.77200530664956,49.05903364636911,12.882943689029375,0.32400039140195663,0.3106002854968529,1.0,1
9.444750805003887,78.69200961914677,8,224,1,1.5411810532024162,340.80643618642335,0.40403564906033546,0.3585988097781225,36.09100143593643,47.68913793235625,11.039982186355216,0.6500142808278827,0.6594198424564257,1.0,1
9.573577021162846,77.77371559965344,8,227,1,11.772078330859106,341.6395566083141,0.39228076576282794,0.377591833994763,36.42637871877473,38.516210651131495,11.622674929667998,1.0,0.762157968185661,1.0,1
9.317506372940594,78.33158570419477,7,204,1,8.250626417774942,338.0055643258098,0.39915343606708387,0.3529078668222198,37.363210809686365,40.50048383152964,10.330486512454012,0.7221043228297676,0.6313314901552183,1.0,1
9.548734773975827,77.75788780010055,8,221,1,16.397317940906188,345.9612767412818,0.40947113616651276,0.3499943070969185,37.779466346478735,43.614510376925125,10.58018895171151,1.0,0.8196007100148617,1.0,1
9.60129370776913,78.167966090828,7,204,1,4.18520558190683,347.139260569655,0.3930635377233196,0.3490837136459717,38.669490874469915,31.697189094180175,10.552144643040444,1.0,0.8291223718995473,1.0,1
9.790405976036668,78.42618504286035,8,219,1,3.076805155604078,338.9831511447592,0.40203999699872767,0.35545870457292567,36.267904829274805,36.261645655541145,9.672289909131658,0.8528252783290433,0.7350240250124426,1.0,1
9.801143045126885,78.57863320171157,8,227,1,1.9737314398816566,328.058332090101,0.40977094869262337,0.37391640912726837,34.2910453366659,49.04643602211282,7.14196303905323,0.6316074516870497,0.5885790406759654,1.0,1
9.942063136893555,78.27206921812078,8,230,1,26.101361631759158,349.1939114424964,0.4038765276793192,0.3701500299016662,36.73616404844666,50.48977687872791,9.242743831936943,0.9463165546015925,0.7338088456993855,1.0,1
9.877900106512241,78.34336710391017,8,230,1,24.60300560564998,342.9795568070416,0.4077264695939814,0.35512474491875046,36.33297566829878,42.20796414670472,8.795637531720997,0.9151653181577314,0.6554560937341585,1.0,1
10.643576495006004,79.56545704660142,8,232,1,20.460031727084573,360.9782133217299,0.41680257792081504,0.38478689724162596,32.60394368991774,59.72286360209376,11.22917675212562,0.20158329321849136,0.24627208179832027,0.8518434453949872,1
10.859547038709342,79.0184550695972,7,210,1,14.019079587362576,362.1396264616094,0.3962838450921997,0.36933621623633733,35.51031332273749,53.929539438967204,10.68763988953336,0.3238401910022224,0.39285017763881935,1.0,1
10.98543489658737,78.48718033506537,8,235,1,2.8433932417216967,349.1491508132711,0.4034540731365961,0.38282032781137576,34.093857369339666,56.225435121182684,8.505114979866203,0.4396277925441775,0.39138851042210865,0.9685966212061757,1
10.88260950705643,78.86560195235452,8,215,1,4.563790523895384,345.60357004107044,0.40792109757834666,0.37255454575486213,33.9682153762141,57.48511724289926,10.53064303505179,0.38723093399034764,0.3883825436577946,0.9934312707987818,1
11.081793641772101,78.17642656548828,8,216,1,7.045755156406888,333.88364718185727,0.4028289077167668,0.3622259918595267,34.4127860718528,49.61310944956944,8.216334975013096,0.26154852655634436,0.23235222758259716,1.0,1
12.210251996058473,79.85859787428224,8,233,1,4.820418872436581,344.9849300619548,0.4737099657863334,0.397939903029952,30.62245157884706,59.80483770293784,9.30600114338585,0.16994065384968293,0.19604186738889615,0.6247982183472218,1
12.67304013242041,77.464581004106,8,214,1,11.381751885741018,348.5043935254619,0.40683686472192065,0.3715223215688278,33.20395749940664,50.75677779985924,12.521660634095417,0.17169512203774243,0.19126776659253192,1.0,1
9.701015290915633,77.63639370082305,7,204,0,2.4482880778621,314.90295463477025,0.4562011279591337,0.46837571086790636,38.13894070137633,31.725061897252992,9.599824945803409,1.0,1.0,1.0,1
9.68357432159221,77.5658598099152,8,230,0,2.350207294344388,325.1803732775129,0.4700249016950067,0.492898270227469,36.9590166317124,40.96933812334595,9.011708756109929,1.0,1.0,1.0,1
9.750746139285749,77.51564150867233,8,228,0,6.290834831390702,338.97565655323734,0.44605276264070487,0.4878175533219917,37.052869857207114,42.3198820392835,7.725388645760421,1.0,0.7992007870675771,1.0,1
9.839195294616372,77.72356517737599,8,224,0,2.4851745162401286,318.57037707704296,0.46158938967030816,0.455756869474278,36.28624327785283,39.67304466735779,11.310398792830863,1.0,1.0,1.0,1
9.75651536892105,77.70561279875345,7,206,0,4.170224571706107,336.92599548007473,0.4380030197779039,0.4834775259913431,38.034331473817836,37.37496099339558,13.342763769532565,1.0,0.8440171930417669,1.0,1
9.6106244396722,77.66177494728834,8,226,0,4.449772934498555,326.91933928137263,0.4601725260881224,0.47474470848443906,36.90353157385714,43.77592820082634,11.170648693706774,1.0,0.8574463986511962,1.0,1
9.622741360109403,77.5745332520238,7,209,0,1.0169598029422033,317.20382099348416,0.46208547711977305,0.4716361309969682,38.347630949979255,34.829376397651274,11.87081064413019,1.0,0.8670030680400663,1.0,1
9.691782465727115,77.58809774187873,8,223,0,1.787325141863917,324.630300096598,0.4708304854458033,0.4706551135692397,37.09021110015863,46.009949698948105,10.7296416141976,1.0,0.8371186314459298,1.0,1
9.701793676032672,77.70115292121275,8,221,0,2.6493739070758555,331.8584319858589,0.4668763003495216,0.4866103237107742,36.34611827037303,41.60136933999923,9.459135947777664,1.0,1.0,1.0,1
9.601903411131739,77.58646189737028,8,232,0,3.8425810124115367,313.40112101649675,0.45348624977806684,0.4752110210784621,35.18496980537895,44.05115809882206,10.296548048462366,1.0,0.8273585361379233,1.0,1
9.78060386441221,77.56223107745569,8,241,0,3.0123414377919944,337.3908696287263,0.43726362143280356,0.4717721812975254,35.662383127084354,44.501350329789325,8.103417213320974,1.0,0.9884249836716713,1.0,1
9.648107560948297,77.74034642729455,7,208,0,1.529664335142615,319.6203157992288,0.44231235018665566,0.44879641561762823,38.95986492681751,35.43461621894773,12.554273805374963,1.0,0.9124387632679356,1.0,1
9.829531109348803,77.60124256228703,7,205,0,2.1563356617010694,300.6244778466727,0.48176079006180283,0.4675702348786522,38.616314451778145,40.67090549151726,10.336241674000036,1.0,1.0,1.0,1
10.5429542818044,77.23323977299596,8,223,0,3.548991638848455,314.0810891886335,0.43773799264924285,0.46836187029204784,34.43970716662842,53.46905226691211,9.733214755153524,0.18755235576696438,0.2317556871092097,1.0,1
8.647612252715748,77.7754525662517,8,241,1,9.0601111339861,340.9753367601412,0.5305550308063819,0.42889294263247396,33.85238884544544,61.3557925362483,9.910169106589493,0.3816998226867235,0.4561609739565724,0.8783742431180793,1
8.771108084829272,77.76025294179492,7,208,1,2.9079811738888734,331.2282686244437,0.5367369116958138,0.41069102105641453,37.028218771628566,51.394768471298214,11.395845118050998,0.4849177276431081,0.38924132831077424,1.0,1
9.028833694454105,77.68838578194516,8,221,1,5.48272341348535,351.3077022566975,0.5465028961529521,0.4465116681324948,35.91488538967278,41.17188286866603,9.34209058113402,0.8039982250525284,0.916605309610051,1.0,1
9.469307342853536,78.80975255212613,8,218,1,7.32785861647342,331.3229941738933,0.4789271813917674,0.41306668885508224,36.61857139187666,44.80820964443734,9.393842510415725,0.5658933868070612,0.5139194813660348,1.0,1
9.500006530359594,78.50201968554126,8,215,1,2.7483366302800354,329.2444412910053,0.47312772828758276,0.40186736846278115,36.03803155637898,40.82964118390584,8.7674556551449,0.7684328209758243,0.663906977964931,1.0,1
9.581403527488815,78.01470736576812,8,229,1,5.263794510743377,333.1207845646704,0.4879319862342889,0.3904186240724735,36.566024632797884,44.33662041568515,8.500371309064535,1.0,0.9675030350924239,1.0,1
9.638226550822292,78.17463401381048,8,214,1,5.277112432309667,342.5776395817284,0.5050425497146642,0.4125596143393858,38.778138672946845,37.4144374738697,10.04374001650462,1.0,0.6869125304916381,1.0,1
9.644457639411625,77.35377103421516,8,222,1,32.211214198428586,358.9173598278516,0.5368323946964788,0.4108473291468363,37.08360315531006,41.86688102428941,9.657049505084945,1.0,0.8542978388550594,1.0,1
9.686818841789737,77.5927934008427,8,236,1,8.816164644880553,339.3744158217363,0.5305462206054055,0.41245591630477413,38.1262380789895,43.44444902326059,10.702739783889319,1.0,0.8722338063928381,1.0,1
9.968707593197145,78.08498484041452,8,217,1,2.1856584588231622,331.28120227027495,0.4831478622893652,0.41528529437501227,37.534012715409396,40.42230807581019,10.771093737699017,1.0,0.8630037188488846,1.0,1
9.952028468515499,78.14221262200682,7,202,1,17.7288858175639,369.06104932664937,0.518100843541728,0.4269294364391691,38.51728505268183,33.79747988605266,10.803027485534951,1.0,0.9369520269840377,1.0,1
10.521961609984173,79.4979219717508,8,238,1,7.399520550890643,352.1153937644782,0.43114513012954464,0.3745962342158602,31.183748310460416,60.14227320339238,10.592147922054009,0.20586490160979995,0.19552475404963449,0.7042664661382807,1
11.640125825702224,79.25546906755507,8,213,1,5.6206699649791805,346.4618795329135,0.4201471140437002,0.39368090374957126,33.56934068107704,51.52619829274862,8.891629272781088,0.2018728039786819,0.16296329968591042,1.0,1
12.210060119122502,79.7027695745089,8,233,1,7.311097185707186,351.0720869968102,0.4122083617335559,0.3854793573848191,31.240780156132644,57.404793795860925,11.399613343486145,0.17426516315186757,0.15687384840607926,0.7950852900869751,1
12.496234256466531,77.05989349344699,8,233,1,7.463940322228591,351.0621752849391,0.5396062237470309,0.39988384297920715,31.2581323766148,56.37260052608227,10.95273465591606,0.12475548610493245,0.1103254827361935,0.8055039776912263,1
8.698919073722438,78.0332447791067,8,223,0,0.9786578053963421,327.17158148485936,0.43243094397577314,0.3700982578345962,35.50937428423653,49.74350988738796,10.329117114630797,0.3756849597194872,0.4433497505915248,1.0,1
9.17221627205654,77.42108566114278,7,205,0,1.931107772244842,311.6004307010947,0.41823937077360807,0.37776490507141747,37.89993011461268,41.807996464449495,11.965547160453458,0.9845617575736075,0.9306567355269202,1.0,1
9.25671899299235,77.26834173912692,8,240,0,3.910064778069821,336.92971898473064,0.38522682035914624,0.3795031925939433,36.88723160338226,42.74779324257891,10.207270165605319,0.9026377878666713,0.8110157115238243,1.0,1
9.582365006544888,77.40436244076743,8,229,0,4.253080981430449,318.1132190281981,0.4153565391563193,0.366019423458031,36.18992048203581,41.77049296504762,11.134754347012233,1.0,0.9307039053297563,1.0,1
9.631827875806017,77.3442653314229,8,219,0,3.7344302753175933,321.9882161290507,0.4081918775313961,0.37579992067259566,38.77831602204191,32.966361168835235,12.063869625167355,1.0,0.9645919056058752,1.0,1
9.612996729346895,77.4063525414434,8,237,0,2.833491332221524,339.29471820241247,0.4077021418119162,0.37414986884239526,35.55990147060291,43.92928627577652,7.918991090733201,1.0,0.8221611175326499,1.0,1
9.50188005673607,77.49863861135884,8,234,0,2.6152553732610926,335.9266188331318,0.3949720358856989,0.37887167357923923,36.286609352444835,37.25675356162928,12.963771590039975,1.0,0.7788023776085808,1.0,1
9.716047865568319,77.56289198852173,8,233,0,5.884959352565364,357.75494707569567,0.3937563278185969,0.3780903618265695,36.530962815014746,48.239431413088276,11.386583974935075,1.0,0.9752719506631632,1.0,1
9.651784548843215,77.61455853674795,7,208,0,2.2160256628506296,319.5711333447092,0.3802255793929007,0.35467721952564335,38.39764486576249,38.424821404454775,10.55674286944675,1.0,0.948949962176014,1.0,1
9.647301478119772,77.54019657383274,8,227,0,1.4867863470922769,304.9504475122375,0.41928819498549236,0.35735525669478224,36.692776534798575,43.63593012358676,9.949661987366362,1.0,1.0,1.0,1
9.643018936598994,77.6188318346455,8,213,0,0.32537270656939904,315.8591270518939,0.404260233294922,0.3564109044485947,37.07337637971726,37.41951256593713,11.374978675456111,1.0,1.0,1.0,1
9.866359868511111,77.82259305754602,7,205,0,1.9738014185157675,320.99757758670563,0.396093144956957,0.38600176258418434,38.464022947257774,40.06821454127075,11.259966005304387,1.0,1.0,1.0,1
9.917832394171045,77.66428597453812,8,215,0,3.1022645676317557,332.97880491097163,0.4017507528756872,0.3853010779890606,38.493703692673876,36.04176533044269,13.034664203541324,1.0,0.8005302490508619,1.0,1
9.027962938817394,77.94183006063336,7,207,1,3.391788556985553,352.54534917377345,0.34345897322746544,0.5869524993670273,39.174721984328784,44.985278357686155,10.364289908346668,0.6855482068587693,0.5090916696930782,1.0,1
10.831405240819347,78.5097130940772,7,207,1,15.552649971496495,339.72323105922675,0.5804190573175001,0.5096860837158258,34.74482108930444,47.99723659769458,10.567385308924159,0.42801281704880656,0.3918554280723383,1.0,1
11.039071758718467,78.60753742856919,8,232,1,2.265378436683638,337.3558597161888,0.6074015954978041,0.5339363879057382,34.21847330272326,48.420410227540614,9.490299016172736,0.43464473288637834,0.5532417585217855,1.0,1
11.014673774835188,78.46796553597386,8,223,1,7.576602156779407,340.841955170555,0.6108699655107008,0.5134232231827621,33.16576843230713,52.05146490594432,10.161753859898349,0.42857815572175123,0.5141030450120373,1.0,1
11.611417114643134,79.20013735549345,8,219,1,10.106388048743508,337.53096752741146,0.5452149656151646,0.4934191968779401,32.58576481607744,51.60845839673785,12.233149724723155,0.20196705260659817,0.2886969114164203,1.0,1
12.200568896350203,78.20909737929688,7,210,1,3.2843770292085277,333.65257842168444,0.6095245614267202,0.5176558376617829,32.22206202157335,53.30177734745925,10.493021262792164,0.0823780669594138,0.15025851875769247,0.9397059196498287,1
9.554028121452538,77.49447055555146,8,234,0,0.7630135444481103,304.8517855866279,0.4848689124470105,0.41315723925949865,36.40742451429879,43.532674622287686,9.756427569998099,1.0,0.9876974869112178,1.0,1
9.374650022485476,77.49843086990477,8,229,0,4.0253012526420955,324.8692417579898,0.49513275380665506,0.3857780559807709,36.43030823251129,41.491028391849376,10.969896952738655,1.0,0.9429032009370903,1.0,1
10.694470788111786,77.39020917623411,8,227,0,0.6242571510502969,301.3981214197388,0.4688448921720431,0.4058471667444031,31.731922757086494,55.00405279482321,10.158554617213873,0.1475463479262049,0.16379471608938403,0.8505805549935145,1
10.916098877948174,77.14126345050333,7,210,0,1.4961426284610293,303.44723559528353,0.5299261134144269,0.42983968121482286,33.02595055307702,53.66298186673184,11.997224615731238,0.11355736167376232,0.1351251533541621,1.0,1
12.87301102244042,77.56627105952049,7,208,0,0.4334883107508283,304.1867042826483,0.5209951263777398,0.417669237913399,32.94601329775902,41.979081713152645,10.482378003933412,0.14609231632763253,0.2499632282261124,1.0,1
9.767743877475812,77.57714084279385,7,205,1,9.533720038150149,369.35662134187515,0.39210948057924205,0.44685881028196767,38.55227143809236,41.483943050003255,12.006331238510237,1.0,1.0,1.0,1
9.745633850442418,77.70877741234393,8,214,1,2.949917226610001,328.707682890853,0.40637310711057006,0.4436994888587981,36.50292330168802,40.176391173231735,11.526146830601029,1.0,1.0,1.0,1
9.758425475573892,77.52989519637735,8,226,0,0.9274505030898587,311.35936001224974,0.5026947865713147,0.6223127746854156,36.12134331192013,35.971354038909006,11.584715703985795,1.0,1.0,1.0,1
8.813282257498809,78.04444912776955,8,223,1,2.719706932825264,339.262370322777,0.38827217754082616,0.3765032929348729,35.84692536818803,47.19529656201081,10.150075305103174,0.44111054377694087,0.4748486548266667,1.0,1
8.895892807473345,77.74804909077943,8,220,1,1.7782849782242527,334.38954414654324,0.38563220953031246,0.3529823333926101,37.3625763659545,42.49553336513495,10.486744345559055,0.6084014824452012,0.6608257784620916,1.0,1
9.168289409998296,78.75177168985162,7,208,1,2.910026134863853,342.6485094007305,0.4031215699167973,0.36478198670997447,36.5173469992073,47.47916195005968,11.445363110717759,0.536457441386951,0.4548324362737458,1.0,1
9.217841749067068,78.63423825694811,8,224,1,1.862050784685195,352.16418842042657,0.3927021957555029,0.37457430256460666,36.22085885691028,51.104380218495855,9.90591187906356,0.5887556370502536,0.5345602058227206,1.0,1
9.076615840358825,78.76755256805451,8,231,1,2.521708601786698,347.5245776838438,0.3901225652679088,0.3864711241460102,35.55739360634958,55.64523980531779,10.278124271266028,0.4525431063302926,0.5097581077079826,1.0,1
9.180229775408954,78.7786802881038,7,202,1,1.799507298253863,336.4818313732586,0.41951482886978897,0.3760194648468211,37.047478406749164,46.40690918780581,10.339223585521015,0.537600417146377,0.577308739806464,1.0,1
9.380404848316003,79.23516883956799,8,225,1,6.90529177094512,339.8918851054966,0.3979809468297621,0.38682661319326506,34.58006734032057,54.8369397095294,10.540365138494977,0.222666649205398,0.3263312204811697,1.0,1
9.365197842437528,78.65858689574749,8,238,1,1.9223346388890277,340.39090678794923,0.41161101068296946,0.3584408713963577,35.66553494633184,50.75464663027642,9.765514631051863,0.6586217525599496,0.688136295526165,1.0,1
9.494822753514066,77.80573282184503,8,224,1,9.622929392064544,343.1007081112202,0.3762169082498097,0.3642771574430257,38.28945326842834,45.002185173232064,9.71381761926789,1.0,0.8333014265378244,1.0,1
9.604090488876965,78.42477237449152,8,240,1,10.448521790526513,348.33176763446437,0.40186969950508883,0.3718396401075463,35.35126235548117,48.97892140168266,8.393464460869929,0.8753218689656221,0.95201282898237,1.0,1
9.602669119691512,77.79324319012308,8,215,1,11.425998546198581,352.6703258420812,0.37774340927659233,0.3603248808571745,37.187738327282254,38.50778563615121,9.523606297438025,1.0,1.0,1.0,1
9.61991919202346,77.93198043330678,7,201,1,4.378930135357067,336.4101558118798,0.4082191091166305,0.3550382523298562,37.62307421194764,34.16701454152434,12.440597971378006,1.0,0.9539412493779202,1.0,1
9.736332433761406,78.34865148996563,8,228,1,2.5621452384815298,347.8841410221744,0.39725351860640623,0.37745130708114755,36.529233896014674,39.07292363759926,8.514115842632524,0.9930980492561229,1.0,1.0,1
9.910702122381478,78.36171887449748,7,209,1,2.06540038356707,340.3595465295509,0.38360472974703314,0.3567165315946764,36.48214885861292,40.37028060811051,11.101674705045681,0.8525341656156081,0.8340052886874924,1.0,1
9.889759758207116,78.31041444987193,7,201,1,21.97742605089369,337.727051619782,0.39753390765890145,0.35679346299103165,39.022979980472854,37.89113068829197,10.310430547671672,0.9542745462568349,1.0,1.0,1
10.060361597146734,78.35380493321948,7,208,1,18.73942085127258,359.5233450138763,0.3940412097484805,0.37344145509218374,35.77347017879356,46.34122777173711,9.692955942523756,0.6600589181541158,0.5345761978255105,1.0,1
10.681783141679247,79.5027236336682,8,239,1,22.714440961764225,343.5350216639917,0.4230144886078402,0.39521826836722496,31.806851014998028,65.55596275540323,9.699300998208432,0.21438057579448674,0.24092430971176207,0.607986012879333,1
11.009702709834635,79.0113493254424,8,233,1,14.083428044061113,345.6394272579117,0.40019017590802525,0.3877741377577117,32.3276884423719,61.14448969190542,9.807440322988693,0.3126364927950842,0.3005167269055214,0.7528012204709347,1
10.938424574651298,78.50311579087582,7,212,1,3.4165068704636807,339.16549787134346,0.40875043126992616,0.3842393609137821,35.9493007665649,48.76340752161214,10.339367726233627,0.44706343798923637,0.3880359474449201,1.0,1
11.05899340180811,78.75316491746078,8,225,1,5.760131355252005,340.97322226951894,0.4198958162909445,0.35338540993933426,33.916286873967664,53.39267354549354,9.417978638875258,0.39791550416940025,0.3742515411625922,1.0,1
11.31579842160627,78.13980001514604,8,214,1,6.323010352174553,336.77552859730014,0.39308823395810144,0.3859013604862171,33.96152231591167,52.39105293377921,9.28105437420197,0.16307292735807077,0.1996900493312554,1.0,1
11.99915350502735,79.8006419372799,7,208,1,4.8126043335940105,351.2780052964734,0.4773064470986172,0.38719852046486464,33.93146369142517,48.216786255309366,13.117936210314099,0.19401506335879237,0.26497164174195564,1.0,1
12.684060134519639,77.41639656137733,8,241,1,11.597126017888776,338.26670193293836,0.38098426153665116,0.36545829074843694,29.639383156903627,60.19650282507785,12.04300606806071,0.1717843037925359,0.1909175247525775,0.619703584367136,1
9.638321454201103,77.58159931717685,8,234,0,2.392224663018175,306.33901255106184,0.4402137635948413,0.46503096585085457,35.32759731138337,40.245402497509424,9.534009203575874,1.0,0.8746814625288891,1.0,1
9.625323885821924,77.50916747764154,8,215,0,3.9049648282443394,332.29428306751095,0.4645939208620687,0.48474239960083676,39.1339176622334,40.85360774601315,9.731067914820647,1.0,1.0,1.0,1
9.759074679536747,77.6152819440145,8,215,0,6.181642462861481,335.3373100489459,0.4419252463502543,0.47356820598717003,37.60326300934596,41.54828960346981,9.677756986071826,1.0,0.7658389496990878,1.0,1
9.701336014082568,77.5916636840374,8,234,0,3.604163214543074,326.2076363524304,0.4497265469562583,0.48624059820003823,36.1546741521598,45.59935645966276,11.339862971439754,1.0,0.6650816282014933,1.0,1
9.71958564262331,77.63579333459631,8,219,0,3.045844759677388,334.87446195949707,0.46033057408022815,0.455607259161476,36.41414121573352,34.95522725665658,9.275673696788088,1.0,1.0,1.0,1
9.75584673944813,77.61393796503361,8,216,0,5.728543298657379,334.7305283183243,0.4501725426284357,0.4551942054534804,37.57062486936523,38.73162705901084,7.725426832224814,1.0,0.9907839122522825,1.0,1
9.589612921639956,77.61614830507472,8,216,0,0.6637216468364828,314.51524861363157,0.446889831751322,0.467197709674485,37.738699498924774,33.20744190556753,10.293347173402582,1.0,0.9090094192015071,1.0,1
9.809783620276994,77.5078784851829,8,219,0,2.0020789379826973,311.023923391391,0.46934652908566016,0.44672332261323655,37.14895116101678,32.5818808570896,8.994368058882184,1.0,1.0,1.0,1
9.696133408566206,77.63887140861513,8,222,0,1.9837048342271701,320.4737870741177,0.4621619697045056,0.47906408888012414,36.876625323554904,38.58259661049328,11.533951222729382,1.0,1.0,1.0,1
9.75970809143665,77.5880693518737,7,202,0,3.4752204263380113,310.09049599667026,0.47562901741951297,0.46041452520697645,38.74784434654797,36.908412691719164,12.99504730336129,1.0,1.0,1.0,1
9.766699898745998,77.59484811846453,8,220,0,3.5280268238677985,346.8980140359635,0.463737021354152,0.4726930692720791,37.28892157783588,36.396614015737,9.897891087203863,1.0,1.0,1.0,1
9.820105759253469,77.68266850634735,8,219,0,2.192959756558766,326.30495149253903,0.4592385717415938,0.4497901673416598,37.5831118712656,42.766491723957934,11.282285202370861,1.0,0.944999423123599,1.0,1
9.717659982855187,77.55421951104381,7,212,0,1.8758751251990242,304.12053995985485,0.44901779217409626,0.4545202848909866,37.13105734176576,43.691355843775824,10.828708599490641,1.0,1.0,1.0,1
10.266855377866994,77.20403290299213,8,215,0,3.3016282681563345,317.7369560445005,0.4322667667538345,0.455528662650987,33.768202324751385,55.76240159111403,13.12479185875748,0.3459224302640617,0.32622891667063936,1.0,1
8.66898893294175,77.97445327095612,8,219,1,5.544353743621519,351.8998064543586,0.5236310344624758,0.4118378303386638,35.70479231798917,48.55453725592445,9.646145315097295,0.37952894200456533,0.3885876382342809,1.0,1
8.754429480071312,77.7766749106155,8,217,1,3.346131208616989,330.1389059630715,0.5358225626035239,0.41773304353118224,36.0837729817835,50.820263410354464,10.408930232367794,0.4722026597965875,0.39139301190454956,1.0,1
9.042671739860191,77.47476654324628,8,239,1,4.466476872597317,354.108500797584,0.5687873728214189,0.418340399534734,35.58303629730369,48.335398825078144,7.914912856882762,0.7316454195131076,0.7929764657470139,1.0,1
9.435974345810305,78.65462947280612,8,223,1,9.635329941610031,345.4892586981084,0.4813360487092729,0.38859277458901986,35.91266978144264,47.07672506909869,12.18824656633522,0.6699774574046122,0.7290123357899463,1.0,1
9.509608709569159,78.59601844399819,8,222,1,2.795220340273902,329.72305344834945,0.48541792747101703,0.404914037977222,35.817323595530816,42.25688729419375,11.383477625458493,0.7052567688172435,0.5909457097510585,1.0,1
9.563517223550225,78.10424695429317,7,212,1,5.384486265002001,342.4798628052086,0.48648494707011525,0.39637533979324774,36.4218684971451,36.188666953458906,9.982662899660173,1.0,0.9305163590990141,1.0,1
9.70548394265065,78.04670617704251,8,239,1,5.893819555623854,334.1330805000369,0.49099013853252105,0.40437096072637546,35.45953899103579,52.295217051412706,8.442925621041162,1.0,0.8177696530264911,1.0,1
9.637599239437154,77.48982936406289,7,202,1,30.44338818679223,354.8982744197935,0.5499976603103186,0.43807913522051845,36.78233656114549,41.854102169477066,12.601516830280577,1.0,0.8384467644241749,1.0,1
9.681133454968405,77.53912087833855,8,224,1,5.879536198784948,352.1518269995455,0.5533023018680762,0.42057418440860134,37.80535640234842,44.39126681170381,11.890671503025365,1.0,1.0,1.0,1
9.869849480689904,78.14170913192385,7,208,1,2.987794647142268,342.25250626219565,0.49820504320959114,0.41398851570179485,38.49125315267223,33.01225210626129,8.627217589462477,1.0,0.830134803722049,1.0,1
10.09348350182249,78.06997232550219,8,233,1,19.44689211701559,366.6853642940892,0.4853819442451539,0.3997871861580137,36.28498177679554,43.25261101220663,7.97033109371146,0.9096914868440537,0.6389875178171439,1.0,1
10.397645868675863,79.33912780178696,8,217,1,9.699100446121017,351.2039151207659,0.4164236099426733,0.3964431651802778,33.87743457540487,58.616123714698375,10.670631507905105,0.18151679879322943,0.23716872522754961,0.9651073666902541,1
11.738416987438207,79.2500163363275,8,214,1,6.885306913804907,337.4996921568608,0.4338169680836693,0.37672741143602073,32.91736377452363,53.37518896472484,9.00771505703654,0.20356468814695072,0.21335706632082135,0.9496005441932533,1
12.066135469192952,79.85979960287393,7,204,1,10.459228299472057,354.85101997624093,0.4179628994472076,0.36211766565465636,33.06829000409714,49.01608680267811,14.247254133333499,0.187896830242601,0.23047740029381258,1.0,1
12.599790677557843,76.96715775205348,8,234,1,6.6718954961292525,344.7953330865045,0.5148051288864428,0.4369816997304558,30.931029662772794,55.6974408327462,9.03341558043376,0.12125264069003086,0.11782009996541803,0.7332702458363722,1
8.793442263391547,78.14617984357766,8,218,0,1.074366627602871,313.50854778671135,0.40081993364534096,0.3859010053800467,35.37104563134472,53.59587486441532,9.670066827640149,0.36744442944941763,0.3418870331440382,1.0,1
9.251880257224057,77.57780216506042,7,212,0,1.481511728976743,312.1544230863952,0.39045240461825453,0.37421599693612273,38.301902125207675,40.015428235060554,12.755932543581485,1.0,0.9273405182720634,1.0,1
9.32886068729344,77.3922316834095,8,236,0,2.375745908297035,335.83748458281457,0.3833400678154626,0.3843091821301482,36.68381264672597,44.5959435298491,11.711437017111399,1.0,0.8290405194834805,1.0,1
9.568706114411905,77.28600810365498,7,202,0,3.5003139404778514,327.82078363943907,0.4016778492877346,0.35366599059204124,38.30946739172554,36.6427222092566,11.623009722105602,1.0,0.9405658158108234,1.0,1
9.430223014968218,77.36868593933492,8,221,0,4.066758904777147,314.2417366276934,0.38494807927826724,0.3824941419442805,37.686872275291414,44.74847072901361,11.054463025082272,1.0,0.8610702716201278,1.0,1
9.46833168178106,77.50338338786692,7,208,0,3.946506670832446,348.96392364839,0.40592877339605693,0.3765809814792887,38.684329407826326,39.24028061127719,11.283476588427884,1.0,0.8012213324963446,1.0,1
9.515870882448061,77.33801240058003,7,207,0,3.301488533067736,343.59016347968407,0.41108901277230353,0.3648197334068648,37.98570117243144,36.64302227209433,13.345667944470291,1.0,1.0,1.0,1
9.652339517025474,77.56630151879891,7,202,0,5.743157730607737,343.59297787601105,0.4188206665500843,0.36098499967338266,38.55466363848292,39.87896126468489,12.788198919375654,1.0,0.92639374073256,1.0,1
9.63201240826708,77.61335364295823,7,209,0,2.117730171299517,307.0623013662082,0.4179362784655086,0.35537781829561765,36.13897547715513,35.925580822156164,9.182799427184605,1.0,0.8736364829424077,1.0,1
9.58565769813906,77.6936999487033,8,240,0,0.8804205803965779,314.36695812402127,0.39093460600941116,0.3863197442991276,34.37839766728173,38.9791167483817,10.63060156845517,1.0,0.6764025135713571,1.0,1
9.62900295508061,77.5740186212482,8,220,0,0.3288057886801748,304.1296493787565,0.38117638410492694,0.3567507478231928,37.1824666935442,41.6953382704516,13.265265464773073,1.0,1.0,1.0,1
9.879033210986018,77.64308586036418,8,242,0,2.6353137904388793,324.2030564990404,0.39317648864447075,0.36109922582204274,36.38931944142402,44.6298443802256,10.173705481390213,1.0,0.7142259594360665,1.0,1
9.895500154322677,77.68500879634531,7,212,0,2.897267815719403,328.29858340937756,0.40833920474850616,0.3770709656440704,36.28974262019693,41.24764035498272,10.492288340774396,1.0,0.8748353902004905,1.0,1
9.10627623567086,77.9394839078867,8,234,1,3.0113822552986824,349.1568955432449,0.3441528435338114,0.5819786889595016,34.18480206682112,42.896976189285354,11.592659134548917,0.7963010071980098,0.814019210274662,1.0,1
10.840174764887825,78.60850272208226,7,206,1,10.592202217303353,349.4514087354499,0.5915827594602857,0.5120207413439375,34.04351936882469,41.145943047184176,10.192114108644956,0.4411310993305345,0.3493412757631257,1.0,1
10.902581645136413,78.57457878442202,7,207,1,2.8454850870851516,335.1224475039621,0.5878820728528144,0.5466489515205782,35.08067372218616,46.570890671100244,10.86206250136727,0.45457226497084047,0.5942233885318047,1.0,1
11.012480151116169,78.445429931688,7,203,1,6.56570959340746,346.4459977402049,0.5928800837849576,0.5305452252663473,34.152860057773196,49.00969290897262,10.450257845447835,0.42233627986010974,0.34837652307613787,1.0,1
11.641066196518262,79.13501126533653,8,239,1,11.457338659524236,335.4837603508382,0.5409249300007067,0.5174228339057555,30.853220587955477,56.53451395177289,11.05527696418936,0.20027275178488432,0.18196917535117982,0.7713676996433653,1
12.347093161698119,78.24888488971729,8,230,1,4.027859321825729,327.88966942687534,0.6095458203014624,0.5081261256619198,32.049447151581305,60.061560162222065,9.081596160818874,0.0861658188600397,0.18564267132995982,0.7309969168302082,1
9.536064963360628,77.4236437033066,8,233,0,0.7404911178815426,309.9692475719062,0.48170371651364846,0.3817131999637476,36.875295172902646,41.43334757588655,11.855690117803292,1.0,0.9007008803865529,1.0,1
9.438725027252916,77.51023969555919,8,241,0,2.85317755962779,325.3396890955172,0.49971718270471666,0.40547961525977405,34.9533255143102,41.22435321545858,10.701285355191706,1.0,1.0,1.0,1
10.610413927698398,77.43230709788696,8,216,0,0.9291345056864349,303.4974491178095,0.4705538037837833,0.3860009518843927,33.32398807792793,55.40891220114156,12.059616126707661,0.169967793014518,0.16787763906705652,1.0,1
10.844556313046994,77.12004919992066,8,232,0,1.3439785801297748,309.3333419101976,0.5017838396728628,0.41102291087506526,31.533835441093384,57.363464206746386,12.2045562771967,0.125032700750376,0.1572120425814238,0.8455794658258147,1
12.737251541324817,77.63298728756342,8,223,0,0.5199000007638617,297.17324831922485,0.5040559336401901,0.39007845913066486,33.15752258868441,55.40990458657291,10.782562230437698,0.15694358466945446,0.23286337939178825,0.979861850167703,1
9.80885672275462,77.71774383409276,7,201,1,14.20138662778027,377.88628220249376,0.3940994344819321,0.435609091617694,38.14695630714275,31.767887550260546,11.916974116707047,1.0,1.0,1.0,1
9.813698003537013,77.78854915866515,8,233,1,2.2299910235673472,345.74378113724197,0.4010699178616383,0.4598357211033381,35.657853226375245,43.92413206352146,10.712700773109189,1.0,0.7557420210063213,1.0,1
9.684729254912234,77.7204538960488,7,208,0,0.9150681870755931,319.087107553734,0.463657148827007,0.6515973641626367,37.98946425982391,35.86898959177996,11.389293064088525,1.0,0.9465446793442418,1.0,1
8.913316679324614,78.01485238668255,8,235,1,2.4078275996211795,335.7616885409143,0.40615877734720524,0.3428127836260162,35.23189030163907,53.807261051246016,8.51962771362706,0.5258893212056089,0.4377857659625195,1.0,1
8.908295615649527,77.64121581724444,8,235,1,1.3222438472125384,327.1344155512369,0.38215315247976533,0.35136047806750426,35.141430802575805,50.57085098437189,10.16897060701758,0.6034543950496776,0.5195792323456512,1.0,1
9.17415654766062,78.7776281562525,7,212,1,2.4208636054033845,331.9371649848755,0.3802436962198727,0.3745039947203789,36.61547021012586,48.48783480439294,12.975758506475296,0.5335838887612926,0.5374734776078663,1.0,1
9.262320170393588,78.7258035041814,7,204,1,2.560595961152709,350.77515261186494,0.38073138164281134,0.35730215138600413,36.53271907916919,49.08891660367989,10.553950051841767,0.6024591560178579,0.6167276386431078,1.0,1
9.266050268227596,78.78931090390665,8,219,1,2.3799334468424322,344.8661098533482,0.41110530420072194,0.3731105176610485,36.602105486314464,39.04894228431881,10.17831793913772,0.5809575382468456,0.5481161951390308,1.0,1
9.254108913688494,78.72143575405383,8,214,1,1.8530354843080261,344.1183085483004,0.3864774541351356,0.3648791268253786,37.469039316193054,43.139013742798426,12.54809814111548,0.5995173123829081,0.5228004308237884,1.0,1
9.273129577165891,79.15666646688457,8,224,1,7.511765311893392,335.88828107336013,0.41404827586075393,0.37127226276215614,34.951361224198294,49.24067670248158,10.389179403946393,0.2944554950986931,0.28822610484444827,1.0,1
9.300769281875347,78.68631053582367,7,205,1,1.9167283532515105,338.5234645397272,0.4072432784773592,0.35156936937131034,36.631057799066014,44.92008085573456,11.018923027810077,0.6299008360624944,0.6963727294153376,1.0,1
9.376751026512757,77.91389436492554,7,203,1,7.606581744802563,353.467484986345,0.38139525812499137,0.3725431687680732,38.84744416039598,32.49410540435351,11.514491213625092,1.0,1.0,1.0,1
9.516738386651049,78.32498206897243,8,219,1,5.949751218494809,336.59172070370516,0.3927032385280451,0.355029317559919,37.366738697187984,45.21110755061073,9.580486050041904,0.9423225448560437,0.7822639632504982,1.0,1
9.510486005134535,77.92653318807355,8,233,1,10.443543146040895,354.8704771021228,0.3798700910935739,0.3470457036340063,37.017714826855155,41.23985237561175,11.52846022160371,1.0,1.0,1.0,1
9.8375966644029,78.11394668378769,8,214,1,4.316186183862918,342.9999388330466,0.40740630166735015,0.35776497085218284,37.84843516199687,30.368010594608727,10.304587992097883,1.0,0.9049077638829233,1.0,1
9.710286672817428,78.29268849152652,8,215,1,3.30482331280245,329.8215996795059,0.4040466360976175,0.359502382565598,38.251010044086684,42.63943470830192,10.410162483120478,1.0,1.0,1.0,1
9.789498474593588,78.56935310916622,7,208,1,2.4717639161010605,324.0452612369153,0.3915217116598988,0.375083900288359,36.230461306665305,48.264283586875706,11.180199579160718,0.6511489948846394,0.6039639556851322,1.0,1
9.849838052679614,78.44332772208404,7,213,1,17.930588411861777,346.95185226494795,0.39112376514706326,0.3608842478526821,36.42326532753601,40.22247186862419,12.078552094214773,0.7883473882809033,0.8424212390655978,1.0,1
10.028614539002717,78.23631718866905,8,214,1,21.93876178590045,354.02449419165174,0.3900246814290024,0.34356684895441425,36.62504102906382,39.11187291560355,7.772143911590108,0.8517579613238627,0.6743798006323417,1.0,1
10.614930574501575,79.56239728989628,7,212,1,21.00154201258646,356.9524385110306,0.44978100009185323,0.39411746823895505,34.109284650396134,50.28574439395675,10.821159204764612,0.20215811644516615,0.2791590855935851,1.0,1
10.90141456085903,79.14324670462608,8,216,1,12.54614752320373,361.610851626615,0.40565517998753803,0.3683908304761176,35.10943111183056,48.19190930593925,11.598006064069045,0.27651701761112735,0.31790377317651763,1.0,1
10.96678758455326,78.48165937454516,7,213,1,2.103509155995331,340.6414722626861,0.4024891021848627,0.3543485475837213,34.18440096581225,58.049517627789456,11.239810310209055,0.4406051301994922,0.3591761462229319,1.0,1
10.988822161327219,79.04929094271397,8,229,1,5.5011704408008555,345.6780985579117,0.42757697039038495,0.3800946447515799,34.28737390029609,55.368367335896075,13.333546415488547,0.30103565701378115,0.35826097106278243,1.0,1
11.283574021382766,78.181009143174,8,215,1,4.6532061118331605,348.6055173855632,0.3865124420470623,0.3759257134949735,32.62187698017671,53.32506516619648,10.443832274960128,0.19313854015122556,0.24570753670908013,0.9709691699139746,1
12.155868055182296,79.74732709499814,8,232,1,4.0247705178198565,335.62292730538746,0.4623223377508036,0.3958280731379996,31.489214078304908,61.26193063723718,12.168441438300993,0.18866377208424667,0.3142354706987013,0.7540998428670445,1
12.68644302214359,77.55474878050846,8,226,1,11.873606855261391,348.6550222867408,0.3746212438941114,0.3573689040624802,31.125427478501273,58.225230341923115,9.920137148246104,0.16740692063523624,0.22210608888023148,0.7210070126039498,1
9.724211221464579,77.518458496021,8,228,0,3.252192131738185,306.8290690364158,0.465404950863651,0.46579336194318643,35.71495314732946,39.40460135988452,9.569104474859751,1.0,1.0,1.0,1
9.58093285774935,77.58385624078277,8,225,0,3.0436907255999586,326.1581260760048,0.4538214273558022,0.4717079159102051,36.96697441918971,39.86222331619631,10.72407673871358,1.0,0.975268993330873,1.0,1
9.719316510596535,77.59568474185983,8,239,0,6.3801575836768345,343.7302060723729,0.48151125936626166,0.4488779374062578,36.27456490458577,38.77084797492331,9.504839054378355,1.0,0.8020104785760799,1.0,1
9.659520740051764,77.674629263137,7,212,0,4.179283702531286,328.8110899645466,0.45610882233283223,0.46055101491824224,37.18105826783072,35.31314267799996,12.057681688342349,1.0,1.0,1.0,1
9.702873230182764,77.64034875776177,8,242,0,2.5710543555708343,327.752190355253,0.4432646313269185,0.4929310261574315,33.94977044045934,49.65071366868807,10.464912536590091,1.0,0.9793505838181783,1.0,1
9.598933969462832,77.63190454399238,7,210,0,7.096071065906137,324.2150839201246,0.4753639982027066,0.4776230469890196,37.0171528205662,32.921947338152506,11.393819426958641,1.0,1.0,1.0,1
9.747971060070336,77.57350983854688,7,207,0,0.819444088710828,314.3052002781427,0.4747598678054541,0.4661899057746141,37.5222013391668,44.92461940792447,11.095130554460853,1.0,0.8450972380484519,1.0,1
9.600950191309707,77.69417028133574,8,235,0,1.6369354520170114,312.1286620629355,0.4689635424989681,0.4569510658382012,35.82014792455659,42.5392736798495,9.984660504707916,1.0,0.7557903588640423,1.0,1
9.73094992247541,77.8861976829909,8,238,0,1.9998694662121381,334.12362612852917,0.4714453428866745,0.48152484000931095,35.12464569294386,42.51159292854156,8.904111731118114,1.0,1.0,1.0,1
9.636584608488421,77.6596197469246,7,205,0,4.234457244236945,326.21173513661535,0.44917690001371274,0.458733644556191,39.040604910354176,37.29988346630304,10.146604528569451,1.0,0.8530010241690422,1.0,1
9.663775127540488,77.61348705452828,8,226,0,3.4310916941796847,329.60549817633705,0.46653446101944795,0.45413139488077586,36.92276932751209,38.66957345220239,11.701714384067646,1.0,0.7669099195168554,1.0,1
9.804981247178162,77.51843959203055,8,223,0,1.9800327641085955,316.12114995327954,0.4387489140754481,0.45376220031101144,37.02344232306375,33.94337211049733,10.423802153998022,1.0,1.0,1.0,1
9.766154256213953,77.5599562985478,7,211,0,2.254308740722214,314.0364045077589,0.44605694661894163,0.48077537412074245,37.074590912871614,35.456683497076554,10.265152573092132,1.0,0.9208911146438619,1.0,1
10.495954219636937,77.09449028362368,8,223,0,2.900364319177671,317.6864709912359,0.4381557367972297,0.45642646144299226,33.22094756400608,57.43977227343592,11.572959657169315,0.1672851747230367,0.14225272398525307,0.9647390135440275,1
8.77417089927509,77.8359179831813,8,231,1,8.021187981090467,335.6473953078063,0.5529187060424636,0.4019318561735916,35.882505304179155,49.08403389184105,12.114814765393039,0.48948717827728233,0.34458518964909557,1.0,1
8.686281290500217,77.72285455158311,8,226,1,3.8177981826382945,345.12626662018783,0.5351869897544093,0.4134468410605747,35.3575208845765,49.87988706340424,10.522370853054683,0.40260357322735196,0.3323481140720786,1.0,1
9.21999801637086,77.66787112537651,8,224,1,5.251028388940819,357.9725925325506,0.5286260699235609,0.4357554152962038,37.607839915624986,41.11098177752251,11.408982488900522,1.0,1.0,1.0,1
9.323064604067476,78.89497168421585,8,239,1,9.067485483843255,343.3149003529911,0.4910992139088196,0.4028446440748864,33.61421589420232,54.83979472444886,9.737795326632542,0.5282636632988904,0.4681738673672791,0.9979397679308188,1
9.587107023418143,78.50938170984722,7,212,1,2.7089933171718656,334.81474442955584,0.46138500797088633,0.40743996241487257,36.83098113483375,34.22046450344149,9.263988139679206,0.7806480525468519,0.5855343676490729,1.0,1
9.622976359978002,78.01187040387339,8,228,1,5.169305662305586,350.90684150318054,0.4976105724504097,0.3967995952428937,35.26782237718184,45.92380836273361,10.903173762742528,1.0,0.8108004761013848,1.0,1
9.593358990015249,78.19248573500317,8,215,1,4.7779827272750595,342.8622439478687,0.4938143336429723,0.41929010415490386,38.29279580380737,42.580039890351124,10.31671998446465,1.0,0.7943244532915376,1.0,1
9.720072890711311,77.4042462008577,8,242,1,27.053106286509113,360.832979777883,0.5229105101226472,0.4487521480952137,35.540694662857845,39.82595419606769,10.706499726580011,1.0,0.6764470534044787,1.0,1
9.775726606761845,77.47857497020783,7,213,1,5.842515497551446,349.67944450468485,0.5299632778012944,0.4242441132104885,38.724469441000736,37.597576442032995,12.29364297384145,1.0,0.7800600390872496,1.0,1
9.966298787065258,78.22127010829452,8,238,1,2.8538403954294127,341.4506220083904,0.5237089435799381,0.3975413308053541,35.69378852039276,48.09884818022751,10.753636695543905,0.9842708534434277,0.8416044916190442,1.0,1
10.022040192222635,78.10502806789634,8,228,1,26.604311265671207,359.3657787415548,0.5019370685962772,0.4173612980666483,34.7039887314332,43.12700183720457,8.482848063305582,1.0,0.8107634672792101,1.0,1
10.409747011093048,79.24726641165458,7,211,1,9.278713660246147,348.06362942435953,0.4301851098171143,0.37403710397475043,33.58767983806138,52.695689724341335,13.191660574887724,0.1783632194968524,0.12834606287313222,1.0,1
11.769760660998992,79.19996117505069,8,234,1,6.8631805178208465,342.8780223534722,0.44057523870863663,0.3628729343626574,31.815337402252133,53.03021957347601,12.788817815809637,0.19885580878498427,0.2285411766406551,0.9835904608544843,1
12.118243485286204,79.77582821920845,7,212,1,9.36369364532043,350.8874380380481,0.4120942841852478,0.36268653172804244,33.10155520439233,57.95658770466419,13.931889413424749,0.19395927067980165,0.28424195132208463,1.0,1
12.605284908771019,77.00379576379162,7,213,1,7.634947497291398,341.93323075544026,0.5531539414002645,0.43703457428190556,32.69760262863924,61.649531109050564,11.884212178129019,0.1268967408862424,0.2159492202252384,0.8373033805297891,1
8.71326996227775,78.0227577390763,8,217,0,1.2176185307984564,318.65963084444604,0.42678870646400163,0.37662329416668705,36.1498854166381,48.428051096704394,10.568753630924494,0.38987002110947855,0.24724022941273224,1.0,1
9.265524867715445,77.44020006686183,8,230,0,1.6498249226733928,319.41393432612233,0.40434252091996065,0.38349261750715036,34.9238947240606,52.24286255349019,9.547726038452728,1.0,0.7361198748448139,1.0,1
9.16687545354147,77.44259184747762,8,219,0,3.5717139786369785,331.5163158955069,0.40598595628846984,0.3703203957103433,38.48062437933451,42.606462971615414,12.79291426262208,0.999802823920573,0.8103569721339523,1.0,1
9.517080856743954,77.41679743386801,8,226,0,2.5676872769848593,314.1889008780001,0.41196657448313,0.37062818559150523,36.894191509783354,46.09523380452418,8.915788732339394,1.0,0.9497953899865188,1.0,1
9.42997074543081,77.4840338255384,8,225,0,3.5006288503437486,314.99619728286683,0.4084076557920442,0.3516930038794011,36.24668422706421,39.30878997873885,10.864651662002174,1.0,0.7579633213161053,1.0,1
9.549029141232342,77.37214390415178,7,211,0,3.5147377848254213,335.8999688233058,0.41167099682820774,0.37507285071169194,39.28019532625857,42.3794074591585,12.99446996234905,1.0,1.0,1.0,1
9.645155112309759,77.35186668865344,7,212,0,3.922445301964732,352.10197643204634,0.38582390553134127,0.3554891122661255,37.63289979621551,35.25739545196049,13.063971247750686,1.0,1.0,1.0,1
9.669964065263713,77.64203884102993,8,215,0,8.849457184878398,347.27953140034543,0.4071069493084217,0.369213691343236,38.20722939716724,33.83358173442597,12.53834157524216,1.0,0.6829717592149293,1.0,1
9.715437642120806,77.6073363937222,7,212,0,2.050122428170592,308.6449532063981,0.40948087649302134,0.36113172365934965,37.50134714417977,42.840142584594,11.816188500746579,1.0,0.7489005090891382,1.0,1
9.769664070044515,77.65540190132653,8,240,0,1.1797368550307534,314.486808248214,0.3919986572998734,0.36601816973568463,35.08601630864479,40.862756691612525,9.44443650906602,1.0,0.6982649529399535,1.0,1
9.578519394776343,77.5769884899355,8,218,0,0.2832195108340642,298.02522626304426,0.41498309311373127,0.37137186215967166,37.20454783990024,41.249103909687044,10.954181071725166,1.0,0.7023305324829044,1.0,1
9.860442266249908,77.63247262882642,8,219,0,2.300890822849257,318.2431122966781,0.39218846413210806,0.352035172240273,36.19718252600605,38.353558047393356,11.766234737175019,1.0,0.8895815803200724,1.0,1
9.925876096149098,77.78393032212787,8,230,0,3.6712608266260784,340.2782178957271,0.3897532847750599,0.36202959258105,36.70877385939982,46.445045095603504,10.335703462103684,1.0,0.7289837322529236,1.0,1
8.959000369203991,77.80831288652038,8,236,1,4.794081419694175,346.3783303232987,0.3732154853572984,0.5979078802546363,34.353071716266804,51.67105688141924,10.334804740981799,0.6756827046330474,0.7080142037367564,1.0,1
10.766273405484752,78.70690224964264,8,232,1,14.4798721995599,349.3006452872286,0.5848211902869855,0.5065421536684896,32.94401810099385,50.07501816396722,10.351915682513392,0.399213027514714,0.3925483761372784,1.0,1
11.01001005813669,78.59356532952377,8,226,1,2.21598652378363,345.1473378967178,0.594930147745908,0.5204278548723406,34.32158021477446,51.98650941614328,11.091721563915671,0.4452066054983509,0.47203154938726477,1.0,1
11.00634978303155,78.56157626599862,8,244,1,9.175695739583356,346.3835215169911,0.601943292632246,0.5205353381731264,32.18588316266466,51.84180156523262,8.670842612686538,0.44586567436139096,0.4845939776215977,0.9121918381966733,1
11.678582275915907,79.07845347380926,8,240,1,12.806224011482213,336.1564930801574,0.5510972765955885,0.49396929604663814,30.8040057577551,58.59856639491089,10.069484297915897,0.19129325841601771,0.24472206675564329,0.6905926109025549,1
12.360103834796021,78.16056333142923,7,212,1,4.604542888952415,341.1574015963538,0.5973141442972778,0.5397933886774443,32.03325078476057,56.82586500930074,9.489860783354105,0.08997659222186252,0.15776242525786915,0.8143098257809578,1
9.536897296409501,77.43695609589012,7,210,0,0.90387469903162,312.16695304340203,0.48932682879821837,0.3899097519473186,37.43348732511318,41.87052994399711,12.108458272894623,1.0,1.0,1.0,1
9.575747643520963,77.3608072226218,8,220,0,3.3466088956503035,315.89769913708136,0.4941138674229038,0.3984107737654421,38.37485078842457,36.10757046088097,9.18153978350091,1.0,0.8697558055980097,1.0,1
10.594664240381157,77.35456142008725,8,238,0,0.8459461855568254,315.9605104953841,0.4962672754566117,0.405794542674098,30.770212991829286,63.62523957529892,10.76179735058556,0.17911794211361545,0.21848941443489747,0.5977074815182633,1
10.939156887804547,77.10996140040564,8,243,0,1.2608960201529378,306.5881275223243,0.5430721139128957,0.4027152043914721,30.396389814487677,54.78970498417185,10.99877082191356,0.10803530831801406,0.12367893422704243,0.7703061841882863,1
12.700554072950894,77.66485443799569,8,232,0,0.350726146599008,307.3318525171694,0.5254278839920564,0.4283996758006335,31.930229667763996,60.19751840456873,10.785157370826969,0.15247275812471747,0.17035333744042727,0.7712771200504817,1
9.626903754648847,77.65640932393852,8,229,1,13.221832726224804,374.24082802596723,0.3823215377824713,0.44545943052729103,35.52675295609602,50.44368582410931,10.304575260277907,1.0,0.6817358154181726,1.0,1
9.814412369784765,77.65936790826956,8,241,1,3.502195348796118,337.7061259374482,0.386847384658443,0.45445908979314803,35.58143188333811,46.718579708835634,10.439074435680766,1.0,0.730950323065882,1.0,1
9.736347372416349,77.69078895403425,8,234,0,0.859315169511994,305.6237878112233,0.4885007385131912,0.6332092736440113,34.55289312795737,42.12543609246321,11.741215666935819,1.0,0.8759300756403234,1.0,1
8.88917280008313,78.0925811950915,8,217,1,2.6988277843883552,333.51974766423825,0.3714659645348436,0.35434353165337484,35.39249249173456,51.29331097900006,10.495559607419889,0.4577207071722388,0.4598543490815333,1.0,1
8.946712442901172,77.79974568449205,8,242,1,1.9554235946835186,329.7032438101836,0.36708674468333646,0.36737725138873273,34.57851095408871,55.060800153585355,8.74112795947119,0.6628358292229338,0.44766702285951543,1.0,1
9.201932529912208,78.6418756547924,8,216,1,2.5324626136382045,338.32705120199455,0.41610432437995215,0.3802838021540656,35.900596782017814,50.9878907153641,9.719996763038157,0.5764765661323459,0.5875718908750922,1.0,1
9.218440362005943,78.71002313889421,8,226,1,2.189206763014167,342.9899851311921,0.41990172592888353,0.38203968425418194,35.55819351041462,50.14349590875986,10.808062946985757,0.5810959254060603,0.666768207877548,1.0,1
9.24880163381444,78.68329908388286,7,202,1,2.90571447111998,339.4212667019353,0.39950361911312376,0.35924525509919003,37.459941003956445,38.93218445062138,11.665116963172244,0.6046086183155264,0.5694816313911699,1.0,1
9.362072775658952,78.81243340770189,8,241,1,1.8390369523577752,335.9618211156262,0.39981480292087035,0.37145287756604334,34.0173892736303,52.86996210588336,7.556785818817989,0.5861257673021818,0.6454416019254413,1.0,1
9.28003487228795,79.1252638241261,8,226,1,6.631114568643209,348.52607215723225,0.4212093492517349,0.3848004106454356,34.63350998306787,57.395166990153136,9.331994681938271,0.32302003706216204,0.28590885794681625,1.0,1
9.220572849342952,78.78195064788409,8,240,1,2.288709609997467,333.76626460046424,0.381447583104823,0.3660021668383852,34.707286115666605,52.90464156265684,9.106974072307432,0.5622188343000363,0.5363659584577924,1.0,1
9.318778506320122,77.85926551933117,8,216,1,11.781126961103872,347.89728221923656,0.38715383779413814,0.35747579124797596,37.10845930274947,43.29418613813166,9.810606284652781,1.0,1.0,1.0,1
9.516696094516172,78.2108907825588,8,214,1,8.096771588664463,341.59728545983523,0.3743932873907834,0.3774536259804247,37.408945708234995,38.444021790830575,9.969548807769081,1.0,0.8161505714110682,1.0,1
9.476500039951631,77.75158381781897,8,223,1,15.806349029938186,349.7939051106914,0.38613612892360294,0.3460698952571702,37.07971131369897,45.46580909568236,11.548869355779452,1.0,0.7200886624871601,1.0,1
9.542258755915308,78.1196801150279,8,237,1,3.557731357216936,345.7943322806738,0.40886905180402616,0.36740167162061893,35.94737819851537,44.014628988117856,9.96598541868,1.0,0.673989199792934,1.0,1
9.85342751936538,78.4937092825719,8,224,1,3.1169245864817694,344.377325998568,0.39989169795133106,0.37260662857347204,35.742288168999664,44.09114563937627,9.768512024869255,0.7126049085339886,0.807371595924121,1.0,1
9.878344888200806,78.51657321487629,8,234,1,2.494966905160392,327.53890135900656,0.4194018350274088,0.35707936011545865,34.71450897062164,54.77853147439679,10.741219760864894,0.6605466903345227,0.4117296676832035,1.0,1
9.85947044262743,78.33229783534797,7,210,1,15.76085600647575,338.2229536143416,0.3995958964011535,0.3677203164962605,37.04979264155063,39.21316848302494,9.51804444687494,0.9502740877067772,0.8995321345508458,1.0,1
9.90633615038062,78.32737285372622,8,233,1,16.448587270941747,357.4835657175867,0.39421629280045695,0.3589105759923759,35.08121363963125,41.91048767918327,9.918992172753455,0.9090981531654977,0.8589154746417529,1.0,1
10.720508515093686,79.56710684679442,8,232,1,16.30217556644048,348.98629212468404,0.44093149581587143,0.3934098536176365,32.72838667930702,57.25850270879798,11.722577704001942,0.19616146340518845,0.19241890168275116,0.9323960496634686,1
10.913769357017836,78.93743829866447,8,238,1,14.123197134869633,365.84098305479665,0.41652275859181037,0.3850757357229285,32.82778348018903,55.87122384862399,11.462634987502465,0.35847034466743266,0.44706059780224394,0.9633843256280045,1
10.991732493275787,78.34734818542226,7,204,1,2.5365161652257875,339.50951699146736,0.3985626411960763,0.3837819414167192,35.93194522754047,47.83405558779908,11.168183026645169,0.3825429720276207,0.4636014720109236,1.0,1
10.783064798873093,78.8210112634194,8,217,1,5.480661202511795,339.60582264200985,0.4014943996942136,0.35388225009042346,35.79498392545514,56.16771159228807,10.09663930078477,0.37807238183257064,0.2527046353755129,1.0,1
11.180195072906232,78.08257966934997,7,205,1,5.642890746649623,339.25990932085153,0.40080712237337424,0.379503645242154,34.609643427566255,49.232327657001825,10.924649568654111,0.18255882268408274,0.31911964314256636,1.0,1
12.10701329317247,79.91517215109339,8,218,1,4.354263200093017,340.9401197594095,0.44889069979946583,0.40643957542444736,31.499040343131554,57.24991535281046,13.308229042806046,0.1748533538028145,0.15218450447835716,0.8796929561195304,1
12.689278038627268,77.49479922604257,8,233,1,11.871608119733885,350.31688398904737,0.38948037751124365,0.3643685438641535,29.75201694381525,56.31269282660779,11.790871567706954,0.1714224242245151,0.24676455812786824,0.7075174189952734,1
9.713164184748187,77.60007272661207,8,228,0,3.3941237889560356,304.0169648299103,0.44372222867237,0.474741174842489,36.8732583340264,40.89074241353765,11.875375626322665,1.0,1.0,1.0,1
9.763968998717466,77.44431349265125,8,232,0,3.020535791385063,330.9790050115876,0.4630081745526219,0.4486152532077112,37.299423574754364,38.55136435434483,10.652873563396254,1.0,0.9642782079739552,1.0,1
9.718044766327651,77.47260904014857,8,232,0,4.586783703975719,347.95541597679744,0.44828304977735683,0.48673355204367913,36.759780196431926,42.81604116784881,12.162994541809514,1.0,0.8178606179605463,1.0,1
9.82065435920644,77.60194610282691,8,242,0,2.5548234117748754,328.572121654548,0.4505059727813122,0.44868096735897056,35.07941125578106,47.50954252063786,10.555607706610093,1.0,1.0,1.0,1
9.794809037659679,77.73528429758389,8,238,0,2.607780933444624,339.5182056848233,0.4599552945219899,0.46123495150007965,35.4036920980552,38.56529081494234,8.031176801086653,1.0,0.9778201091592527,1.0,1
9.708610509292,77.55100490628888,8,226,0,5.71520748030999,334.38774544889407,0.4444762076389927,0.4900155640684991,36.70067860842881,37.73712026935869,10.873494134964492,1.0,0.9155057109266964,1.0,1
9.705766768049266,77.66214586100887,8,237,0,0.9599335390260393,317.8544263163084,0.48126947464725234,0.491138021708287,36.57368241302539,44.797745858153895,9.243534749050434,1.0,0.7285945470855733,1.0,1
9.520187312635903,77.57552683146275,7,203,0,1.8637552722078654,316.6524422036522,0.4575594385080723,0.4931193254023683,38.0285311370973,32.94519719648459,11.944109642036919,1.0,0.7909005992207913,1.0,1
9.697714846217664,77.60825674815021,8,231,0,1.575604095233618,335.4435467289133,0.4532048445628306,0.4688909074238056,35.73160349698367,35.226742129267286,10.24258558480998,1.0,0.8401876198476217,1.0,1
9.627711177510264,77.69625786942251,8,223,0,3.5690057567769036,326.5247282590896,0.4383430438342587,0.45483918867990747,38.178587009019225,41.62119738264775,10.78385358009723,1.0,0.9295578136255547,1.0,1
9.738736067940044,77.58229338588835,8,241,0,3.906186317048326,332.9420844662308,0.47578970070316273,0.4694333908809669,34.343390981492114,47.9203590026688,10.123652318927833,1.0,0.8691064669843336,1.0,1
9.7348509497784,77.56098265643635,8,222,0,2.6787981230915405,324.8890318260287,0.4657883601040937,0.4513087074789033,36.76202984868713,36.70924297560896,9.867641208239256,1.0,0.9984069768785357,1.0,1
9.773709902921874,77.70384493878873,7,209,0,1.9654116114155171,301.4750192678831,0.45615463712269966,0.4875091971215885,36.524754892448875,42.95255975408939,13.541801186784596,1.0,0.8323260812058974,1.0,1
10.513276933036373,77.11263904747794,8,231,0,2.130017957039709,326.3671942290347,0.40931237757221595,0.45272417549699273,32.14698576460632,66.59348685313161,9.032651630426464,0.16931301286278022,0.2224355990775074,0.5924416915428735,1
8.663151139922961,77.94972435634104,8,241,1,7.446101437879166,335.9480889957912,0.5532374206084708,0.41598924776500373,33.40504120243258,52.768642350415384,9.109850395097295,0.3830459588111038,0.5130713438091401,1.0,1
8.900009141834623,77.67601257746307,7,203,1,3.9695199243832007,340.77354488224194,0.5745011016657917,0.41191982020667456,36.227769966918714,41.43927291545669,11.552571817664722,0.6034014312629932,0.5484457098739377,1.0,1
9.131341601165392,77.64187719462726,7,205,1,6.440176773134968,348.14727585803985,0.5434445338108612,0.4259253491031151,37.34204315093473,36.00286764020943,11.89139199960739,1.0,1.0,1.0,1
9.333934852439835,78.82682390921742,8,230,1,11.296561559755952,341.93230346669344,0.45283917521382383,0.4146476643356044,34.766862538185755,51.16678196442236,12.595861049812676,0.5763550614513677,0.6397258153196869,1.0,1
9.495534968742291,78.55093513383503,8,225,1,3.3752042468227783,324.3930359245995,0.4612413478690913,0.4081362372990885,36.30396136457313,47.16214398098153,10.637037375761784,0.7339947361794443,0.5944380350434924,1.0,1
9.631417730978452,78.10566405180005,8,225,1,5.368182362492583,346.355061934105,0.48482446058902817,0.3928806762179496,37.20636343571015,44.08690930586206,10.523730190877137,1.0,1.0,1.0,1
9.699928900580737,78.06348675126026,7,206,1,7.878245804549153,339.64269911261584,0.5224417274793578,0.39605619518877316,38.44482913699904,37.99311246747239,9.611553900162564,1.0,1.0,1.0,1
9.61075250698395,77.40756220326536,8,226,1,22.241628446979156,360.1291053490575,0.5764767462245919,0.42536926510042267,36.84046650703716,42.78701104880418,10.35617713896746,1.0,0.9463663113440856,1.0,1
9.688721688203342,77.56844868334075,8,226,1,8.551187948787366,338.93037918085076,0.5666121586486927,0.4032577534728085,37.04908814997227,39.81857506022958,9.233537069712327,1.0,0.7671637562770177,1.0,1
9.890957180344273,78.23856822438513,8,237,1,3.6717705222906454,331.2507604699785,0.5142098627171463,0.4277956888717241,35.72080393245549,41.41905905001426,8.167385406769405,1.0,1.0,1.0,1
9.975631543464111,78.01901599830519,8,218,1,25.9288520788986,357.90910825217725,0.4927713726930982,0.41624397382986583,37.61403916411657,35.77677042965723,10.39851706992715,1.0,0.7047158750436836,1.0,1
10.45730907671758,79.31232449405442,8,217,1,8.75166096815926,359.5996150429816,0.45054150660426423,0.3646032740495499,33.26265085258975,59.84766782521111,13.485009615433645,0.19815060166631124,0.24646733248051117,0.974457058748978,1
11.777772497192574,79.14012033855074,7,206,1,8.320760892549703,337.27067091161007,0.4225959780490839,0.39094618357045746,33.784006356937866,47.9477816993515,12.05865857243893,0.19088235035762657,0.1962840439361112,1.0,1
12.178639699457277,79.66268972933756,8,226,1,7.4598647369284885,354.0799407135378,0.40317840398919425,0.36513101935716186,32.22080973598444,60.358690521055394,12.581012856319902,0.17835689306246402,0.1895891278004758,0.8480310070685804,1
12.544218237322216,76.99563795302878,8,229,1,7.373681326111049,335.56350543762426,0.5501161954561917,0.40928456707123523,32.18526613672946,54.406439641533595,12.126076354899837,0.12286117587604821,0.15114387597638998,0.9631245165617728,1
8.783166929735353,77.97825469820386,8,214,0,1.1627375935798014,323.78625320247664,0.40106006585712695,0.38265942779370826,36.761260669516325,53.799713428117144,9.653023862961998,0.45629525645097724,0.4398844236505999,1.0,1
9.111050203981607,77.51945600430871,8,232,0,1.7934191549202627,308.9110599117293,0.4130307891963024,0.35199476892546,37.19367080418479,43.853532928242934,12.251668260567987,0.9297684688373721,1.0,1.0,1
9.18359309893071,77.4012502162244,8,241,0,3.524611692448149,332.20911595947103,0.4198918910595098,0.36871971342385745,36.49525329682236,43.83228349210259,10.872246395473427,0.985418460453483,1.0,1.0,1
9.441303881973615,77.44505039835632,7,210,0,3.124873280421461,320.76106605002326,0.4110027911235967,0.38272078474452126,39.224150029847394,32.25735149862151,12.013659222228334,1.0,0.9646453634514729,1.0,1
9.527484818484247,77.47677836423676,8,226,0,2.870172721082831,311.7701143882671,0.4112670596482934,0.3858381310514661,38.34148441494616,38.793929803213636,9.776173256377591,1.0,1.0,1.0,1
9.613826468160443,77.46103124759634,8,231,0,3.0754620209673527,338.20837260025274,0.39561254682266206,0.3641745240634083,35.33360598702394,36.45323382875927,10.812203056216905,1.0,1.0,1.0,1
9.488070054355227,77.25684891800533,7,203,0,3.741791964775169,342.9852089425746,0.3826368555606263,0.37527015376210665,38.49356427357915,32.77112896306359,13.062408816150722,1.0,0.832821979132477,1.0,1
9.66978146165249,77.5665162331406,7,210,0,7.641847098467398,348.7862275673149,0.411706697369377,0.35989246721964685,36.96677928964554,31.82373658364597,11.868031222582598,1.0,0.6781639531936513,1.0,1
9.691408743128347,77.61941721938443,8,219,0,1.9957825655392556,321.50155230865255,0.403886323476192,0.3722278836264342,35.95354029290216,35.84261942998775,12.54350680102958,1.0,0.9113678649919932,1.0,1
9.756807968637137,77.70564979675285,7,208,0,0.927128913100284,308.23730742943053,0.41637354756488343,0.360899025867668,37.97880584922451,41.97989750757249,10.35417983611934,1.0,1.0,1.0,1
9.68982622876518,77.73232203316078,8,217,0,0.41199385022648516,314.34041668640475,0.3846385160066733,0.3726401908192158,36.96971921549781,38.71135593885682,10.847502684483773,1.0,0.9634483491522174,1.0,1
9.859650812945846,77.59270946404904,7,209,0,2.4253697902803384,323.78198547636407,0.3922049225237643,0.3578537183398495,38.87164673552095,43.19633514862998,12.009277151633928,1.0,0.7299984373010809,1.0,1
9.80618233156496,77.66419922904811,8,239,0,2.260924207561396,326.01271913036953,0.39442624614893546,0.38632560460014753,36.24715062036261,47.47249746537518,9.887607033432348,1.0,0.9777061215639464,1.0,1
9.121769522217601,77.80529196304043,8,228,1,3.4878894532735516,339.803232677165,0.3665980695076089,0.5920542961552155,37.99683637693484,44.759685044361945,7.390013611656087,0.94752532909721,0.9525597039127041,1.0,1
10.917072322705474,78.7256919552577,8,217,1,11.987536570801197,341.8247404203497,0.6172647097861893,0.5213566672207885,34.54189815547069,48.68508421367077,13.048438541360314,0.437508095427267,0.4449317302769676,1.0,1
10.939314820593493,78.5720299345704,8,235,1,2.4788496247783685,334.8399123367007,0.6276612245150652,0.5446631331130221,32.6149944250222,56.921333776665044,9.883554022474147,0.45618391349890774,0.5707065184102764,0.8729698480282775,1
10.884350184282646,78.52591115208041,7,204,1,6.404516514876013,344.85696987845654,0.5975198366577734,0.5085617189288063,34.50589842270014,53.03700559294194,9.85625591915715,0.4462394352158854,0.43358488058642813,1.0,1
11.738910078091026,79.13822664028821,8,228,1,8.776638367157389,348.76938494887236,0.5296627296539052,0.5120180454352712,32.43190877961176,60.41664069264456,10.409099866645603,0.1955950622431259,0.33348264015491597,0.7964625315193314,1
12.257385054855787,78.31436417702446,8,232,1,3.045723488353601,336.7581405413662,0.5717376558048779,0.5184703338694734,30.87467348745224,54.943585140009986,6.362447854992648,0.08042074248270738,0.07213793916484204,0.6618585052004295,1
9.621236890563772,77.5364527636332,8,237,0,0.6282808800289418,308.18224818182296,0.46814341814922655,0.3854256707470345,36.644584291497296,43.279418120081054,8.387033624852352,1.0,0.8937145049661795,1.0,1
9.635122488453007,77.53252312876593,7,213,0,2.9014756440768985,319.53111263045554,0.4739521683897427,0.4071276487161446,36.98501815673002,31.411725246285197,11.688133055286693,1.0,0.9177093867867333,1.0,1
10.620680813846226,77.45384759018476,8,228,0,0.9276347265797901,310.1132889643897,0.494596504119747,0.39879227271277556,32.350809329066784,55.08884015578518,9.751540065003642,0.16421117113814432,0.1518313507432735,0.8875510676583697,1
10.826151533083983,77.04038401903401,8,235,0,1.449534985570994,301.4666792923109,0.518483965667157,0.41123572367094813,32.398415124135624,61.04063181068091,9.10044307901755,0.11946073860039993,0.17000701152962489,0.7389093996599136,1
12.905085043074203,77.67309873824122,8,236,0,0.43813925073596394,295.0,0.5030882280486269,0.4108417211496548,29.72300918563917,61.06602608176937,11.054980829900307,0.12468995466458303,0.16854840706079283,0.5764738923649961,1
9.6991799938395,77.60772208620584,7,203,1,13.573575971129907,376.05118817256255,0.38040929855855765,0.44037588360820934,39.87369605605113,32.001184393227696,10.461080331762023,1.0,0.8023316793498562,1.0,1
9.708036979264916,77.86955431824762,8,220,1,2.146039609347751,341.3108995025647,0.407927658384771,0.42130878117145293,38.11903883178205,37.33648207702452,9.42388713033321,1.0,0.8236979917561013,1.0,1
9.742681010912817,77.51612640846045,7,205,0,0.9975296096105208,313.29163619023785,0.4732987797663454,0.6617488863731065,39.29748124046195,42.79391903220034,11.797593283289725,1.0,0.9338830799174014,1.0,1
8.949731858092052,78.11051590013402,8,240,1,1.9837950022227098,344.7012584404411,0.37667365777430695,0.35997666501126485,33.93810124456666,63.774039895794544,8.588654563835933,0.4857613503699506,0.49293653163090057,0.7904807833716603,1
8.920772945538369,77.64759303390224,8,232,1,1.602400229833794,327.4155049869313,0.3650191738828924,0.34937711283999323,34.48707829757969,46.73865642746115,11.759054917056012,0.6226057723876173,0.4449406306179208,1.0,1
9.196700045414968,78.69742368425403,8,238,1,2.2327677437585245,328.7018611315337,0.38380213512602834,0.38397498406728636,33.87231783247802,56.5207482374531,10.483739072948977,0.5680343540518282,0.4745341671576586,1.0,1
9.19726577594925,78.86753112633632,8,225,1,1.8724116033869784,346.98997798851207,0.4063653373247158,0.3622810547571094,35.41530765887743,48.44613745692757,10.119014535858271,0.5081399695044085,0.5864323415416125,1.0,1
9.300316928353213,78.69894417036232,8,217,1,2.1814473597213144,345.6277228511768,0.40450485915174195,0.36202859551177236,37.359260896905944,48.11612689758467,9.68538069782692,0.6264083035304405,0.41745686344723376,1.0,1
9.091418496138694,78.71511891416209,8,218,1,1.1728585058539842,341.09151658456244,0.40074084022408346,0.3615926225263143,36.46465636226213,47.39536514967493,11.139834793427575,0.4753413987544347,0.4929695340912912,1.0,1
9.333745549243963,79.12564403839939,8,239,1,5.832617838295155,332.6324447921089,0.4100133843745247,0.3798958637522949,33.80127146427879,58.90049143346578,9.685011140911488,0.32247092328329735,0.3923881945582281,0.9216405216552548,1
9.175888895754875,78.7029748129658,7,207,1,2.2735234554355523,337.82775499993426,0.38612547410751485,0.3776263908040797,37.522561703532155,48.89679952434763,8.85589262451336,0.5514564632524408,0.5024840324222377,1.0,1
9.303411446417392,77.93139394456583,8,237,1,8.361912809813889,350.8003439679915,0.3900235647656434,0.3745132446769329,36.39838746294999,43.28684137014328,7.994768543600537,1.0,1.0,1.0,1
9.470951391811575,78.19104293947557,8,218,1,7.267965199585069,336.38261476165457,0.3728375732874148,0.3502562119050341,37.68343916902696,37.78937096993957,9.992532824086275,1.0,0.6988706298540885,1.0,1
9.70746869000516,77.85814067481046,8,225,1,11.052832253050067,345.6965887049532,0.40660847988550486,0.37030912543954114,37.36018246111607,36.59491232670957,9.57194939847571,1.0,0.8749833524209817,1.0,1
9.769039355200999,77.971306760774,8,228,1,4.019209817857314,343.9330884192754,0.37276307460610164,0.3626296407550115,37.92914344973267,42.00613069867988,10.407500862368066,1.0,0.8511697190553863,1.0,1
9.8583941429058,78.26295179484922,7,204,1,3.3688916703671263,333.9905202699586,0.3870176776008628,0.353112465947496,37.88858945646808,36.74302436644894,10.81082395551228,1.0,1.0,1.0,1
9.85538796648068,78.53951105147328,7,207,1,2.4504154926539545,330.98653559364504,0.3800228422561269,0.35281180289908676,37.585202336758286,46.06389465847497,10.083788344115852,0.6469895622224775,0.5045631079775349,1.0,1
9.754880612239127,78.18375445133736,7,207,1,23.01086479470386,333.53216257618897,0.40115986711254653,0.3714821117946399,37.84224590076887,40.72294098261954,10.252433503761043,1.0,0.7709319542252149,1.0,1
9.89675307140165,78.40339882389358,8,232,1,25.47861544834257,359.39704308882153,0.37698063735288956,0.3506785693744808,34.791388602477284,41.07368242970033,8.946480969397456,0.8057882170327046,0.9093182099754231,1.0,1
10.668894493700803,79.45945375566535,7,204,1,16.994969055458956,345.96447649603994,0.4482713887663322,0.38500623537616696,34.35350606982908,48.729892928917984,11.073861599206948,0.22271570161552404,0.19967249503109794,1.0,1
10.81443314664641,78.97166193186305,8,226,1,13.745941130770776,347.6008798078003,0.3913030876622831,0.37180811363421307,32.960684086983264,59.93539362150743,10.360587862890746,0.33531071291432873,0.4289057703703525,0.8497055197082204,1
10.960236216298227,78.46741339198323,7,205,1,3.1494517663359116,332.8073848250322,0.41283149338257713,0.351664632929931,36.40594690552632,45.71600766490221,8.827713202624032,0.4370905066599401,0.386121522940317,1.0,1
10.932492299338731,78.83463452349567,8,232,1,3.2180054312883413,330.4712441942328,0.41642215032543906,0.3882907143077712,33.7299054238533,49.77919846777015,8.377880155115072,0.4005055386238679,0.37104472966020446,1.0,1
11.257880968217819,78.12602284210926,8,241,1,5.726067203702473,333.5488915183112,0.38998942875543563,0.38163018616460476,31.784941986738982,71.19289083327789,9.001090204669728,0.1798344169232296,0.14836443424754764,0.4590761048291133,1
11.935243166267114,79.95940749120503,8,217,1,4.286042738347806,344.48931186891554,0.4463113020246074,0.3894723795548306,34.058298958315454,50.57024841885675,12.760639154059685,0.15097966191135861,0.16608500536687998,1.0,1
12.723260799564219,77.39894563377882,7,209,1,7.392829300272504,333.4325197710057,0.3844494394017039,0.3664922893287258,33.38389796065496,52.12147594285167,13.137488858310066,0.17066455005654624,0.23880020587313527,1.0,1
9.649093194354018,77.58843195347524,8,219,0,3.9269710549758967,306.4409844846723,0.4751065326260664,0.46889992911976625,37.6139689989565,44.451885633436156,9.291732022128924,1.0,1.0,1.0,1
9.682745491975902,77.58298652359257,8,229,0,2.3626357008427545,321.00130549954065,0.476650001223431,0.4814955547501003,36.516663916584676,39.378347108657245,9.763622698608335,1.0,1.0,1.0,1
9.733703849363547,77.65000164063765,8,230,0,7.001743788838156,343.54349991916075,0.445063127458119,0.45281344165348797,35.14550369061225,46.9204681929533,8.974547027686548,1.0,1.0,1.0,1
9.636888449617295,77.63447467224697,8,227,0,4.191964136204947,313.22539694265447,0.4532586098254792,0.4674784967759994,36.97445797308567,39.654379055392475,9.736268746653574,1.0,0.950050057542925,1.0,1
9.727416249751872,77.53947392735884,8,224,0,3.247345288627177,339.48497267841543,0.4479246036595037,0.4622702473224244,36.54245573007836,40.88600325701556,10.115408522016365,1.0,0.9380501281662467,1.0,1
9.702046325635353,77.57710209477897,8,226,0,5.737760650241755,329.13610928292877,0.4426415709913433,0.46810379644421957,36.77863300078138,50.884589076883195,10.190804620728265,1.0,0.861992199487104,1.0,1
9.673388919437619,77.58579542965208,7,209,0,0.9591616383726874,315.25272989211885,0.4667366718263307,0.4676722146844371,36.93356498567403,37.17211759009253,11.816387043174661,1.0,0.6930748106520448,1.0,1
9.686769925979235,77.66154716487391,7,209,0,2.455512294031789,314.29119665574376,0.45291006706883463,0.4532254156396221,39.06924128975694,35.44882774476063,10.822043031268949,1.0,0.9671835237561871,1.0,1
9.709751367616915,77.5226074659599,8,239,0,1.783595973390092,335.61121185990606,0.4473676660597114,0.4923949628233244,36.21059370071368,37.71757522124889,10.916153107062106,1.0,0.9176794242908335,1.0,1
9.668691444120576,77.7524977389729,8,224,0,3.5359438693642273,321.46044952134343,0.4768358975810909,0.447228130711042,36.943096594972104,38.242602426665684,10.73646682434651,1.0,0.9435214875395177,1.0,1
9.723746613272793,77.55336716287783,8,236,0,4.371382393813934,328.9174679309527,0.4714226248215641,0.4469734284064177,36.039492919122985,46.00942294186722,10.406308616704314,1.0,0.8433835322597828,1.0,1
9.704677636483375,77.60867754222704,8,226,0,2.616432938744965,321.6400134860081,0.4725930128400318,0.4640517419710819,37.89025480471882,44.41368121301074,11.743642756384848,1.0,0.9098386304976082,1.0,1
9.682210222405313,77.52338073922147,8,219,0,1.8528629471432319,310.2924344696463,0.43880301099443086,0.4756576884193004,37.921446722483225,38.13427879291641,10.648919405841553,1.0,0.9395240808170509,1.0,1
10.526798956373208,77.01857886918515,8,224,0,2.5846491225650694,319.8587729473534,0.4374354788677048,0.4355843952066718,31.9737079142474,63.43699501407334,11.919136923474245,0.14170394235704023,0.1794631695978492,0.7383487991775569,1
8.694056794579312,77.81213001136456,8,230,1,9.115009204292127,341.8362584851775,0.5440358724106087,0.4213941481639747,34.00984774127129,48.57466741843565,9.821889495388834,0.4240934821433412,0.5231924514745893,1.0,1
8.713590143716393,77.6560433747635,7,209,1,2.614417762738437,338.6853959365682,0.5502091542576486,0.4395791946224296,36.54983827787888,54.01328603352779,9.666922025778058,0.4024974956923485,0.5136569181791151,1.0,1
9.12528023015773,77.51441200830915,8,220,1,4.204818943114858,340.5759481696885,0.523082194031528,0.41254460618872646,37.531251866354104,41.58967208032428,9.781961784620743,0.9629879697393888,0.6813830460796548,1.0,1
9.353772590425853,78.73914244798654,8,231,1,9.967139758521988,349.603823298584,0.4886901238904029,0.4193768963206374,36.23395640204323,47.43134079541591,8.660645709438944,0.6254615427730981,0.4707222783500303,1.0,1
9.504305987525498,78.56918866949059,7,205,1,1.9796633767253171,327.3400537517845,0.48210674258332803,0.39346802590957175,37.22116791436693,39.60364060039355,10.108797376027388,0.7231664807494553,0.7908370938474694,1.0,1
9.635104578469322,78.04164112732772,7,205,1,4.075839517494083,332.75269246960517,0.5265828265793673,0.41583903196527716,40.06756339982907,39.139689104731126,9.104583353944648,1.0,0.8530914046862774,1.0,1
9.57120442630631,78.03630291545836,7,208,1,6.574941063038429,329.74022629434694,0.517931058997653,0.39403951418564953,38.74075550118727,33.57706418976199,8.97022076367757,1.0,0.9928142583744193,1.0,1
9.70417478335961,77.38017217951179,8,226,1,33.02757778454724,355.3362567966122,0.5663181487430985,0.43900791471501704,37.167083325465406,39.522079315734594,11.364831960419963,1.0,0.7892161228208634,1.0,1
9.674187110817103,77.66892872150873,7,211,1,7.2256954850102435,350.5052994623285,0.5504183144221214,0.4342991665766244,37.4238469534394,37.620951238305544,8.087995349505999,1.0,0.7585777666244333,1.0,1
9.877347333278681,78.18644133215274,8,219,1,2.850186608254209,344.79780150677544,0.5210481951167913,0.3938166908355555,37.402287640250925,35.44107241152775,10.578345301111579,1.0,0.8796748254534724,1.0,1
9.967189609861364,78.02625173290788,7,207,1,21.869173320027926,368.08192310868185,0.495999693503317,0.3946603893291727,37.459034352199,36.44532695975939,10.662122939314624,1.0,1.0,1.0,1
10.607646341345017,79.31676686610218,7,212,1,9.584450226739344,351.06202492512006,0.417190304503515,0.37167980174671467,34.68091264913196,57.31768684862996,12.44344762556819,0.23260549739811962,0.24366952348651885,1.0,1
11.686496939487819,79.17769040780954,7,202,1,8.384722178677402,341.7704068021145,0.4391392871636403,0.3614535609842625,34.05501873534281,54.460193462615145,13.380847278202511,0.20298262513512697,0.261350490183704,1.0,1
11.952172613227992,79.69407130419722,8,235,1,10.528065651698071,348.04346793961514,0.4100571868239222,0.38798389789047755,31.25161828927089,64.7489381446468,9.21125325784583,0.19686128363575398,0.2754042512084634,0.5643990074214387,1
12.455394762032881,77.04385958565707,8,221,1,7.61800767281712,335.4933443119727,0.545354703198083,0.42413213114801124,31.746571977666708,54.247017424590915,12.225588001748624,0.1164342091079212,0.12417344766586719,0.9332191248692943,1
8.75214118358868,78.09599941861921,7,209,0,1.547932073857912,327.4211172317273,0.4287587837060315,0.38408839909861475,36.19346828171629,53.16617563454105,11.077860776004458,0.3746370270141442,0.3042635380646895,1.0,1
9.30008168841782,77.43813656437531,8,223,0,2.027338025277489,313.71551930106114,0.40189712788000015,0.3869816002771105,36.739887676420175,35.82663881015302,12.270739635478343,1.0,0.9234095497476189,1.0,1
9.2330541966039,77.3521839849322,8,240,0,2.536080823779661,332.2793856088577,0.4115077379066479,0.38228508240981884,36.04668768497327,37.945497014321276,10.976415924170716,1.0,1.0,1.0,1
9.615796476874483,77.39180968766338,8,235,0,4.311663536368557,323.5923067555932,0.3927546942374341,0.38162698844582893,35.93804994701838,46.0425018725304,10.715146371233653,1.0,0.8784709791770563,1.0,1
9.578751299988978,77.38407971485334,8,238,0,4.185243914152527,324.6857871998909,0.41435961774398766,0.36406158768636016,36.198092863682234,36.20263323601108,10.73192316868257,1.0,1.0,1.0,1
9.516396390830973,77.48217107218514,8,218,0,3.073981033066096,335.75253489312,0.38430705411702404,0.3638899455581919,37.12937787185092,32.92434171897714,10.77952269597234,1.0,0.8155871148833796,1.0,1
9.511988760136063,77.42640246454509,8,216,0,2.4884950261441845,350.3816221190492,0.4053601590784475,0.36229430451306793,37.66236382042307,35.98919012962608,10.443528490104294,1.0,0.7131811332687524,1.0,1
9.715810915849097,77.73485174210082,8,214,0,7.353942604127181,352.69021609354434,0.4156053003010719,0.3643277431857238,37.513362121663,42.006719626469796,10.489536647096823,1.0,0.8540655866593332,1.0,1
9.767951907550756,77.67718518771619,8,214,0,1.6934284252280285,319.22022167823604,0.3901077651160682,0.36517182417031446,38.31734817981217,42.34223037067644,11.930080354282902,1.0,1.0,1.0,1
9.744520619591652,77.68249362383267,8,239,0,1.344309837267674,299.77469019350156,0.39307338699695654,0.3566801364922819,36.76620071453778,42.289828493867944,8.079865850525433,1.0,0.8142749258385916,1.0,1
9.675883418874092,77.66126498824637,7,207,0,0.3536805932785107,300.78045877546026,0.39221767113970957,0.36467007091997744,38.513776521399215,29.648958628600184,10.756454995097288,1.0,1.0,1.0,1
9.884795506708159,77.6585438650645,8,236,0,1.6631223804097297,323.96492384183,0.4025705484710014,0.3680296403040549,34.38268347462522,42.52766664893097,9.837152335166095,1.0,0.8530592941927102,1.0,1
10.039048441830534,77.73052536191707,8,239,0,2.63672854757903,340.74590555912863,0.396514872622606,0.36294585153362635,36.09810765928449,45.71901546041523,9.249778972780518,1.0,1.0,1.0,1
9.179374965810734,77.890501711383,8,237,1,4.684891492658522,354.8811654396705,0.34588653425981647,0.5509247771849801,35.484666524710505,43.26402997146245,8.962614990367646,0.9871935893147038,0.8840287672584686,1.0,1
10.895502779881783,78.73341932355098,8,228,1,9.005750923158743,345.6501842956928,0.6234772333053876,0.5232907511034603,32.68173732027366,50.94699116527533,7.936065290542916,0.4341463184179417,0.39536306065258997,0.9504359022350418,1
10.970741949107445,78.5294295568135,8,238,1,3.054735931716537,332.5638929060027,0.5822805977495205,0.5289881119804711,32.838207438411146,54.1237675229116,8.536884068360232,0.44984430177683776,0.5164478797802483,0.911655635383595,1
10.955275042079839,78.51973522510221,7,204,1,7.217147361723459,331.1974708190408,0.6120788806703003,0.5416986044933578,35.81493835339806,46.94390631945606,10.407067246712735,0.44980240677512606,0.5111254208188724,1.0,1
11.659988923001055,79.13549508637006,8,236,1,10.245750308382123,347.96569627825403,0.5350246594846749,0.5105618880737335,32.26879914575803,54.040416305087675,8.786193749089504,0.20010831201745213,0.21715163450687855,0.8738481211369347,1
12.361167343772747,78.33953864991526,8,223,1,4.248325498617305,329.4254649115645,0.5724451106188525,0.5142428366474162,31.114641294813858,55.06999840784139,10.358318458263746,0.07776419791953215,0.16872664876554666,0.8039175951031994,1
9.572144956471748,77.35129747663143,8,242,0,0.7012878311478485,309.3153235789285,0.4605941917274081,0.38146621580672946,36.66414609244238,43.940287696968674,9.860560036977738,1.0,0.7629365563526596,1.0,1
9.555342543460808,77.5801401479368,7,206,0,3.635541507201751,327.8875391099478,0.5026411061006185,0.3921519808722828,37.927443094474974,35.087744496851144,11.104570435478648,1.0,1.0,1.0,1
10.568196623211648,77.40884923347821,8,241,0,0.8711526061588918,306.0437334586453,0.4980611046673198,0.38628545219435806,30.957879369511794,59.99472086821124,11.340524973744115,0.1889334375307149,0.1708553632154972,0.7121097780396811,1
10.958039116388393,76.9663995716929,8,226,0,1.0908853093886035,306.1168264883788,0.4957453892064142,0.4057273276478434,32.63793922578189,56.89810502280645,11.35697636166555,0.09077454553809725,0.17417746454346256,0.9214425573881739,1
12.740129444447234,77.56674531878498,7,207,0,0.4249706105517099,295.0,0.525004160253303,0.4296531908852567,33.177041764822356,43.66564103734904,10.929092029689018,0.16552164180800763,0.2033180811363852,1.0,1
9.743593920109213,77.61593330659899,8,220,1,10.165360214665094,365.7123750563182,0.374768827974169,0.4590997274327078,37.575705359672156,35.07524965103031,11.822870541367164,1.0,1.0,1.0,1
9.629674770857278,77.5993846977026,8,219,1,2.0832827133932947,336.3908718798531,0.40037088300746737,0.45975998161418075,37.11828956105508,40.055717416643766,11.073569217999761,1.0,1.0,1.0,1
9.7491555739525,77.62310383273966,8,233,0,0.7556554059319465,319.8011327333937,0.48938962251096707,0.6674116062590467,36.35103036356788,48.13094291580626,12.131055940413525,1.0,0.9440351303655801,1.0,1
8.845291399112607,78.11367637421165,8,237,1,1.8166027483299427,344.9511374075238,0.3730493899173452,0.34935950099056995,33.26712468944005,47.551770987070306,10.020029933501505,0.4173163685071885,0.5018775046919326,1.0,1
8.89869924866926,77.70937775415753,8,237,1,1.8451056226887164,329.2075651049761,0.37409668221868914,0.34900019490470974,34.95316715983467,47.17748188293806,11.48443234061023,0.6084856938946588,0.7224195311519743,1.0,1
9.186903637509767,78.63012418842511,7,207,1,2.6985606720373823,333.77414897797695,0.40868324252215943,0.3840515459025866,37.53341794108693,45.94225991668812,10.467267129483217,0.5647012024039059,0.557182349903558,1.0,1
9.235808210117407,78.60040230775819,7,207,1,2.419490744185926,349.4968227320998,0.3862828544922814,0.35675088915141157,37.29425227460408,46.10776043324011,10.913363577189028,0.602776746806239,0.42585752307583175,1.0,1
9.18306070595379,78.70963837919311,8,217,1,2.2327464659190066,342.2531550096647,0.39393359593082095,0.3731130866613021,37.3677460543156,47.51700701955218,11.348111219882803,0.5560739402453911,0.4897129814039519,1.0,1
9.169539779429714,78.793253362669,8,221,1,1.5779763636874817,328.36045411718936,0.4075964128986894,0.3654953122443255,36.318510564049376,51.376415088101595,9.655147592146653,0.5249708210579791,0.5910701013559372,1.0,1
9.363518403779961,79.15092215836518,8,240,1,5.4065247400514185,336.9633438923469,0.4212971769764286,0.3626744072945635,32.340229465879915,55.245175246133165,9.983700158627158,0.2961660091764577,0.2437710076085272,0.8904503021996879,1
9.239193967064264,78.70624450295831,8,214,1,1.9724551985798584,340.0163869446151,0.4007404717530168,0.37656313495004823,35.49058000115842,47.06666558186544,9.416895062678494,0.5947472045891805,0.5006668735542498,1.0,1
9.402513213767945,77.71475684046126,8,235,1,10.180781527781807,357.2489136696739,0.4078174435803004,0.3765444867594697,36.28137222127366,47.51223836342604,8.840631005889291,1.0,0.9559527194141553,1.0,1
9.573766039262198,78.25786089345705,8,237,1,5.9434187695800125,345.2835707936958,0.40658790349316093,0.3699948145766508,35.62577163667454,45.54133271289531,10.034766198303824,1.0,1.0,1.0,1
9.61956128883607,77.74952048207173,8,240,1,16.557862629409527,335.4236567093069,0.3889640451024036,0.3595018533516559,35.36512784831529,45.853911403999575,8.679539205362847,1.0,1.0,1.0,1
9.707259374344074,78.11258437353108,7,208,1,4.03570473479766,345.28199272595816,0.3767507019943416,0.3578656142952798,38.53802446470985,33.853367972207714,11.244169222471939,1.0,0.9994241012068295,1.0,1
9.830140656015107,78.33650232505106,7,210,1,2.418035818408362,334.7255047548323,0.4006443309914744,0.37467591077960594,37.578920696907254,39.990455955121284,8.636208495116435,0.9680139203127855,0.9160545732946501,1.0,1
9.88111023159758,78.48638696824311,7,210,1,2.265691700146617,340.6255059316615,0.3897255830157258,0.3728899626435289,35.233590115315586,44.395481297760504,10.150970064926362,0.7005335138733148,0.4702405853130085,1.0,1
9.98135616928243,78.30427203350817,8,231,1,22.87404464498994,336.9088868764446,0.40337003108996516,0.359879004830383,35.608114314715344,45.64328792489367,7.621877334749988,0.8417266252954743,0.8379787919940929,1.0,1
9.915531581579677,78.46215894610185,8,229,1,17.236431978713885,344.7318130752225,0.3933986293050489,0.36658209130313124,35.40518831075437,54.628257537266684,7.374285932810264,0.7030551474268784,0.6251439111157032,1.0,1
10.578735835723007,79.61897209937817,8,217,1,14.838044442733052,350.7905757177099,0.42544599927510307,0.370011845050922,33.593881970383585,59.40116156153128,12.108296167601893,0.18559376903543442,0.18669436547353363,0.9689597180688294,1
10.834602675569494,79.05383535094441,7,204,1,12.60156431271128,350.4393592865942,0.41231171770188424,0.35385821304027054,34.58031678429594,50.616285013354755,11.145114726408266,0.3088023492407864,0.37548778021897594,1.0,1
10.998145905020547,78.46357960754668,8,222,1,3.356240991097891,336.887369668436,0.40131235073831717,0.38313912329795774,34.64045233475069,52.467893262036846,10.102192593995381,0.4310501497297691,0.41894561325358076,1.0,1
10.921573284640342,78.75310188969601,8,231,1,4.685660668792894,341.13113265892713,0.4274140466818966,0.3739686829258799,33.92738023547003,51.01049358255615,10.305825831043533,0.4296876736528479,0.42290141358976463,1.0,1
11.310437429762105,78.15374617404731,8,220,1,5.988513554806196,345.1703775386167,0.38857452199046255,0.35760045274532754,32.76302846935207,51.86677469852597,9.35442149123649,0.17062917201957584,0.22693952415882762,0.9810941618576803,1
12.06633741202835,79.6408449794467,7,211,1,5.3614796342523645,349.0999622441669,0.47969528881737716,0.38212386913352914,32.26531042881885,58.559261143973664,12.136045121350937,0.19535147899207547,0.20004863482876908,0.8778214759110397,1
12.72397741399516,77.59015117262037,8,225,1,9.341516303999601,341.18196353260635,0.3717223006169344,0.3776376064532231,31.762318392651625,54.61812522411711,10.940118184642339,0.16354316571012495,0.19031955330651765,0.8861135543439951,1
9.789362093923122,77.7090870220409,8,228,0,2.4488958675822077,302.3857277932004,0.4723833509505216,0.4763179107257918,36.22057869531149,39.57682073194657,8.252821903875896,1.0,0.9296437299283821,1.0,1
9.69862050718835,77.62512729683503,8,225,0,3.0877554787576296,329.34007598495026,0.47930473401273205,0.47639727062545467,37.12095488483147,45.54360342489234,12.281224009847499,1.0,0.7717850571143703,1.0,1
9.724719392500973,77.60973805721589,8,236,0,7.600728183151159,344.1617985974847,0.4551264007853804,0.4498916921708099,35.294803292888844,38.528417974669445,8.373914822541835,1.0,0.9158637870955698,1.0,1
9.778038643879938,77.49349869982517,8,213,0,3.849991718890707,316.0628768863878,0.4403610906017823,0.4920426115094648,37.576907628965955,39.762540923482625,12.439814981765108,1.0,0.8695106184738157,1.0,1
9.612861056891642,77.58199900278245,8,225,0,4.078557863678519,345.2684061319875,0.4740147064487107,0.48846079580925983,38.015321575113845,42.89735914523558,12.194610951834438,1.0,0.9422601780201538,1.0,1
9.696939128632872,77.72537743148827,8,236,0,4.968611710202297,334.66092545005864,0.47577178336181986,0.4722457747863713,36.137737903361646,40.062445515342624,10.856204498976187,1.0,0.9749753905518095,1.0,1
9.777670730676538,77.6108791198737,7,209,0,0.9077658617721815,302.6979775517231,0.45246783984746886,0.461041279073191,39.14094793075745,42.34670755208989,11.50714136631807,1.0,0.665263659271893,1.0,1
9.724302010383981,77.56959474736517,7,212,0,2.1936603954893283,325.1373394839018,0.4608552911415517,0.47930859573414625,36.587547125549094,37.61963068842901,11.817839684038844,1.0,0.8974892339939963,1.0,1
9.823283366845423,77.48132505379974,7,203,0,1.7474953270956368,331.26465918875107,0.47423557712846687,0.48566859654017785,37.15725903020873,34.29167347227402,10.688019671191693,1.0,0.8011889335437645,1.0,1
9.612125364926916,77.70785140094117,8,216,0,3.419393852750758,313.36235315019854,0.4458339769535055,0.4834477062616929,38.303698849359634,43.1997914197523,10.742647549015429,1.0,0.8327762518720434,1.0,1
9.60494987624377,77.60160413392806,7,202,0,4.781172380941671,340.5270400129232,0.4659328847939984,0.49242122648625025,38.47420773788524,35.98830199802507,11.739699426545679,1.0,0.7554886205326278,1.0,1
9.77802805616359,77.4863186302646,8,231,0,2.2973725220589465,315.6551074718923,0.4568090103377277,0.47643220373734624,35.833569771543736,46.657724341954555,10.629344922922046,1.0,0.7647390953523363,1.0,1
9.785606505045294,77.53988140225499,7,204,0,2.2680120438247666,297.62115333045483,0.4450231246036961,0.46159759528326666,38.76211416217773,37.886833518508936,11.163370810467782,1.0,1.0,1.0,1
10.401982499521772,77.02002233878493,8,229,0,2.4111071710711465,332.97647695090933,0.43392048870454025,0.449906742588084,31.981490731856734,57.69225646414632,13.39790210424088,0.15669356482563704,0.26118951307798743,0.9128696358756705,1
8.693017608003201,77.86411795320016,8,225,1,7.145106691007241,347.04739997533807,0.5305327649387961,0.4332853210539259,36.56529337143855,54.48790957321148,9.349132458758895,0.4220393005034885,0.43370924982086817,1.0,1
8.7925444884342,77.73849372787289,8,242,1,2.3352519112203467,331.17049356595544,0.5738934363610259,0.4199097312502612,33.939185576220936,48.22824708213599,9.046215753357906,0.5010820522260984,0.5158014515640653,1.0,1
9.058099575590377,77.50818480550049,8,216,1,4.371678087270308,348.77515563763615,0.5537913628400892,0.41845055496259165,37.32968605790316,38.57194488756009,12.786047064994854,0.7940073151528789,0.760887443158943,1.0,1
9.376170613746549,78.86206326175409,8,216,1,9.581445153731707,349.26338198787477,0.47068196912508264,0.4089933832130589,35.316700464705136,44.926136510069476,9.31772311872373,0.5508354661030802,0.5927921921564188,1.0,1
9.548160832543903,78.52601615683307,7,211,1,2.4202720591205473,332.5798548710694,0.47631868532252924,0.3977770970606165,37.421820185306366,43.05871053692944,12.551847577315796,0.7611546153969595,0.7532349300005656,1.0,1
9.72079622719256,78.17081186696905,8,224,1,6.300728689190589,350.5247015142085,0.5049342153826716,0.42297938620277864,37.25624381466282,41.39956179178119,10.969653446118093,1.0,0.6954626171002862,1.0,1
9.576863015154942,78.07386641453435,7,210,1,6.047887780320083,347.1667597099222,0.5262162800166924,0.3953910270325185,37.86551834762662,35.08887315495975,11.214382666031792,1.0,1.0,1.0,1
9.66320366576455,77.62085279144078,7,206,1,23.107675603427857,354.159834697242,0.559762546721737,0.4229349479154245,38.563485650494,43.211845375550006,12.066409758209762,1.0,1.0,1.0,1
9.69248343578069,77.55991578935682,8,240,1,5.213100262415756,346.67313369959925,0.5547792670806648,0.4102601960767842,35.414185629543184,42.68072884228178,9.35756832747218,1.0,0.7908455160030571,1.0,1
9.931487137352994,78.10816690057709,8,229,1,3.443047668999557,341.5964125242346,0.49605420798056044,0.4181125940707172,36.34937628543292,37.030756691647575,8.097406202718233,1.0,0.8885320403493148,1.0,1
10.006391114099381,77.9613889614933,7,206,1,17.044206235078672,365.07599192413585,0.4978332984598395,0.4206324977463926,38.377600247028326,37.29839048494242,10.12668822734591,1.0,0.9242113725542087,1.0,1
10.3622981491338,79.40231414914119,8,227,1,7.288087027206902,347.56843006756486,0.4122352043967118,0.37832810244368914,32.55594554439092,59.91245925664198,13.623393868273766,0.1719486542332251,0.15186025411287607,0.9184496480463104,1
11.820279604653019,79.13731247363938,8,214,1,6.8405087359241366,333.6954067392142,0.4418962075693139,0.3791651163031596,32.879028043198765,55.55005683802636,11.160666100983,0.18296684511356565,0.25856509351942913,0.9653552228550302,1
12.059231976286544,79.80417939906795,7,209,1,7.8139814404782255,343.57152388223915,0.40652633365122587,0.35638517966319777,33.17501246692567,46.676455642423505,13.100621102095179,0.19582192152630867,0.2592014701284604,1.0,1
12.546943254588498,76.81900873613047,8,221,1,7.426955074538453,347.1709759416715,0.5404980739732209,0.42847677994014816,31.651155548953376,56.379170555481835,12.718877678235103,0.09424106723795775,0.12787261675247377,0.8933018775135875,1
8.587585165485626,78.070176964684,8,234,0,1.2541100511953307,324.86862242895654,0.4187124158782759,0.39870807007677145,34.21581179958375,56.92988233631207,9.160180551938543,0.2866578867160105,0.3219313978478171,0.9835759069620125,1
9.156576188620788,77.40386237791326,7,202,0,1.324595021748777,318.55975138665116,0.3972455142547696,0.3802831081107769,38.52301546829694,35.89620507309296,13.649295649420345,0.9171098733965295,0.6719287125314071,1.0,1
9.316905325343734,77.3649994614834,8,216,0,3.7236256175693425,334.8249426689137,0.40735598308271403,0.3597551559579422,38.05471841009781,37.196870490731115,11.795849739298085,1.0,0.9781601541257887,1.0,1
9.54871213694484,77.49189782793927,8,239,0,3.2782620177736583,315.32586494660023,0.4043493646303444,0.3745555413649867,35.53317632155888,48.15670002719784,10.083490573030307,1.0,1.0,1.0,1
9.568806189304603,77.60737263787134,8,218,0,3.6383722533764504,309.9587405055614,0.4188821519457722,0.36241340199457733,37.17521042389752,37.40908310602656,10.321433368688895,1.0,0.96764197299035,1.0,1
9.568228760016197,77.37448996354532,7,206,0,2.4568749329746247,347.0607576982741,0.3855561563059693,0.3526165324579025,38.36334872438544,37.99615623618822,12.152191633054306,1.0,0.9296331511331424,1.0,1
9.67635998254066,77.43600777854014,8,219,0,3.66867558509425,347.08150048464887,0.4029407725293087,0.3581534456592658,36.64019175781096,40.68290296158951,12.977960846908244,1.0,1.0,1.0,1
9.650799882078717,77.53850689276571,8,229,0,6.085687225357973,354.17890499940256,0.3825296065360926,0.35529596217376214,35.63880932246273,47.838357991485395,10.224722293781666,1.0,0.8844370101386734,1.0,1
9.593170337959565,77.52876907742073,8,242,0,1.7492808758722156,306.4616514796718,0.412316736748328,0.3587495044820232,35.03477962362413,42.56238311866672,9.495985281080248,1.0,0.7970211519385103,1.0,1
9.643171290274994,77.54078186690212,8,227,0,1.0417537163187356,307.0890891599917,0.40465245333004374,0.3809373635936131,36.45807024652726,35.21738350143246,11.198478722776256,1.0,0.8660559390560176,1.0,1
9.674004371491788,77.67195465329459,7,204,0,0.44725813173702095,314.42686025699606,0.39713515263970156,0.36233478895912596,38.494193106594224,36.30765600404332,11.204888228640767,1.0,0.7938243954478317,1.0,1
9.828787114436818,77.65396608950387,8,235,0,1.855475692593625,318.1919690340576,0.41208942618575795,0.3795104781849692,35.18431129823861,41.96342043213852,9.213063392196432,1.0,1.0,1.0,1
9.906916259335139,77.84613188887897,8,233,0,3.8091034567730495,325.10024158646047,0.39820010433966313,0.38660791452918253,36.12848716679083,43.89791159233108,8.342256474464785,1.0,0.8342032680645245,1.0,1
9.249475843388991,77.94403854791263,8,229,1,4.762461770422956,348.4876140717593,0.35020029943128406,0.5742335675588631,35.62439146591833,45.401313467406375,9.751741706824731,1.0,0.9949992797872513,1.0,1
10.942426135107894,78.54859925371781,8,239,1,11.669838738024442,345.6433997246194,0.5983500456666202,0.5292266739265329,32.3512333914212,55.98529307815629,9.861860008206003,0.4543619136791943,0.4063039028056467,0.8711127283602864,1
10.968251595129262,78.47546063724985,8,234,1,2.392150371112468,347.43581316774043,0.5742499077982404,0.543256740306284,32.93160003760772,51.30646208090654,10.763898748856121,0.43879046262244875,0.4517789274988044,1.0,1
11.08602905508178,78.44524071069719,7,212,1,7.6319777134701505,345.67181701688713,0.6342695276880027,0.5086457774143338,35.471650105045235,51.32224236346576,11.409864193173563,0.39652736662828436,0.38160474623094115,1.0,1
11.627433886040352,79.18260480570626,8,220,1,13.460149662206954,350.22057220206807,0.5422407938609265,0.4964106043742443,33.185096038823396,51.15945080980253,12.699044398317682,0.20269225400943203,0.26956619112578994,1.0,1
12.18407366705983,78.10300542404043,8,223,1,4.45679352143588,325.623874246422,0.6156189471729017,0.5299377035313992,33.823066309210986,58.23333857505703,9.349376019591475,0.07927199099062633,0.0693399117587784,0.9277937802674372,1
9.59556246475217,77.3577934033695,8,223,0,0.8383228105865969,307.9836402550904,0.49797567859288516,0.41324205241593515,35.328923480801784,37.996914578713096,11.812969391341214,1.0,0.8039027569834194,1.0,1
9.408168392577567,77.41005177168756,8,229,0,2.4629660953414656,329.0580924451463,0.493995484263124,0.41256870640925203,37.421740800592026,37.904314460336785,9.706018943827443,1.0,1.0,1.0,1
10.563909788411014,77.46968627551968,8,231,0,0.9400771287692322,306.84587510314776,0.48666077692241855,0.4139306143939993,32.38716617125034,60.005739829076674,10.828540382120002,0.18880287160696965,0.2219895397185365,0.8149726272326303,1
10.967457856269597,77.1511442192376,7,207,0,1.0898667912066071,316.8082080044391,0.5001690928793233,0.41811279004257573,34.11288427613442,54.901377731009106,12.938906793239482,0.10380486902331433,0.13461625102281824,1.0,1
12.737653296396585,77.7160379533541,8,226,0,0.3398316043757529,303.13576149776475,0.5035416037790286,0.4112527880945783,30.744975141347197,54.69978041680905,8.60886445938275,0.14136693815202517,0.15606046825046932,0.7266687113166652,1
9.756525123019008,77.65332342612282,8,231,1,10.28979719392532,361.52443498027736,0.39567381788445244,0.46030075453767594,36.22901230996017,39.291673426732295,11.983537657836422,1.0,1.0,1.0,1
9.727522058396504,77.72309244306547,8,232,1,2.2689500380838967,342.6799323830348,0.4124769944023055,0.45898769983247834,35.795270568434674,41.686001386944504,10.923814837961329,1.0,0.7667936168312387,1.0,1
9.688935236228534,77.63499459781185,8,218,0,0.8955615143775795,307.64662499464634,0.4621709858623022,0.6457162807042189,37.41782091280556,38.90254499763042,10.243657809948552,1.0,1.0,1.0,1
9.02239692884006,78.08012577145276,8,221,1,2.575221165940147,334.7297444285314,0.3945312831480474,0.35022840985578,35.88918552798262,50.46370718510128,9.324503654829135,0.5668735704340092,0.567908342456001,1.0,1
8.967123164270438,77.74008001817268,7,210,1,1.5594928500758933,328.8922001301033,0.39040590477762743,0.372054697651088,37.64439236902689,46.061255063146476,11.741789876964289,0.6998566030297619,0.7645503733084761,1.0,1
9.332400737974206,78.62327477603048,8,219,1,2.0901845723983294,345.8182079003716,0.3924962068603154,0.3648675761400305,35.50851915918798,49.91267493934581,11.333693193236922,0.6570371968467901,0.5093857065786,1.0,1
9.25463296988645,78.71384441667627,7,210,1,2.6498806621172553,349.5130488369954,0.3831886231746975,0.357551375702838,37.08431525039089,51.450499046342756,9.25102355866067,0.6016891991583526,0.5246857121775942,1.0,1
9.343591346473296,78.82171557203625,8,218,1,2.174516446331235,350.4298189748882,0.3862378385226606,0.37190948548530084,34.30158850616142,48.38085865615147,10.271116055028026,0.5801026929830547,0.484231247162731,1.0,1
9.199807572731647,78.84664990263363,7,206,1,1.3426238790855791,342.0303118387348,0.38366234590241827,0.36960789037994685,35.737048900714704,47.69432971719373,13.193992198469159,0.5211015973573151,0.47780717023309216,1.0,1
9.289311368664054,79.15599750037985,8,225,1,9.317804029492768,347.24063013644064,0.42587568917192975,0.3829506615161164,33.37409261893433,59.02929173425756,11.538681075571313,0.2959703528031179,0.23565555892049775,0.9411072410948516,1
9.327163746048091,78.6947124636888,7,211,1,1.362160399453186,337.0711537055244,0.3950680667344094,0.3784834110540553,35.511527330582474,42.72684358149863,11.425478000423611,0.636877791611741,0.44460015333209657,1.0,1
9.499261285231265,77.81271778692982,8,230,1,9.09511557945559,340.67958456650024,0.3909105956002957,0.3735410215261232,36.8839478760047,39.52845841887127,9.91706648825931,1.0,1.0,1.0,1
9.529269012809833,78.1979996343123,8,222,1,8.520517187242993,338.47889700100853,0.4004788379203683,0.36844930484594546,36.1310344749728,45.15382085175481,9.043125576988777,1.0,0.8126675487533542,1.0,1
9.511774178078465,77.82562247356955,8,237,1,11.875942354175184,341.0912768320933,0.38498843846270825,0.3651182985833207,36.35400756316555,45.01536690882793,9.674756190409497,1.0,0.9263793685281708,1.0,1
9.656105168724425,78.05579347290848,7,210,1,3.0726133235261943,345.52771721899154,0.39581500353047694,0.36000637748197245,38.28178189621029,35.29964482884865,10.36950304015899,1.0,0.8230453121527919,1.0,1
9.691591075827782,78.31076875540585,7,212,1,2.2846848740989882,330.1803620968156,0.37349051427551905,0.3775519184218721,38.54116962426831,39.7125498504148,8.51617929016929,1.0,0.945688453112416,1.0,1
9.667962188671082,78.47645959759794,7,210,1,1.9184490555277636,326.3607142353102,0.39923622590274405,0.3869890984880064,38.07772467334113,41.77576562189368,10.572636018566794,0.8179706771305197,0.6385487339321718,1.0,1
9.94343389590758,78.14665347575652,8,226,1,26.527539592068976,342.9346569825443,0.374264239680642,0.372558707335287,35.30765547882013,37.40682576502985,8.826759687343394,1.0,0.8974321996375143,1.0,1
9.859547927958557,78.07875675532925,7,205,1,20.78406963270874,343.14352120756377,0.3801830814865289,0.36991149169627896,39.2857151449266,36.995413316483116,11.537632796408666,1.0,0.9065152525319071,1.0,1
10.689040789071381,79.55731527239315,8,229,1,17.13400029913226,342.02867589386506,0.42111365558660513,0.3829472629045034,33.12222455991112,51.656745108805104,11.058521998470285,0.2016199472208556,0.2007918923747966,1.0,1
10.929766267555664,79.20671612626,8,234,1,10.67605112556403,347.3554140384772,0.4189209359593648,0.36111087433946965,34.17550144646856,54.64060360848338,9.881983767977989,0.25077493969485176,0.2078454860980528,1.0,1
11.047190726953122,78.5642345666654,8,228,1,3.4030468242322014,346.13552501450283,0.4069641674515702,0.3838912440022547,32.93192463683244,48.54714552487992,9.33248805325172,0.4321449633641288,0.3189787186715363,1.0,1
11.002884156837931,78.80720380115139,7,206,1,3.513229679879897,332.3754214891124,0.4201302836461737,0.35190019699052144,34.3612700705971,45.693210363744676,11.13308921112688,0.39956977510355146,0.4350074031806005,1.0,1
11.331995098115247,78.24280323081734,8,221,1,6.985777005596933,332.6348950077954,0.38247020188949343,0.3599152787713755,32.6168800331055,60.72056904461407,9.771577772805744,0.19157415444295017,0.20968266838894842,0.7852002738342143,1
12.10594823938401,79.71408943429648,8,222,1,4.462092973440705,336.8049242008995,0.48272005375996024,0.38624556535829435,32.96760026010471,52.56239503062005,12.743434314434314,0.1957887191249491,0.1530144224611872,1.0,1
12.7391649424506,77.37721233283993,8,217,1,12.178839847424419,348.38532126211635,0.372622381119681,0.3631016575884266,33.50023732203534,57.42898082394268,10.536923589621324,0.16852241938669124,0.22264790126688594,0.9558768429243295,1
9.727457217575322,77.51834691816588,8,220,0,2.9360770869399158,304.8481069962642,0.47498439840620116,0.4728613280569367,36.094581117304664,41.92484719189293,12.87744033245995,1.0,0.9223086243848581,1.0,1
9.621435310650646,77.58184509208907,8,232,0,2.502460136708945,320.55497054420886,0.4710523709401047,0.45476334384010836,35.797842186001546,42.98809092988677,10.700087852406373,1.0,1.0,1.0,1
9.779299902394808,77.58750782728517,8,235,0,6.261779499935819,353.8517512365518,0.46422104236262374,0.45142551539123593,35.91058784123411,49.748394847568555,9.981706933119355,1.0,0.8931736172511061,1.0,1
9.54391737859893,77.61979913795648,8,213,0,2.7730427441081544,329.0519835361273,0.45718742959666947,0.4569494595965081,39.08102107852294,43.02093862530824,9.18159744934729,1.0,1.0,1.0,1
9.674882299990696,77.6437751472793,8,214,0,3.753029593636413,331.01386188656477,0.4718280882504284,0.4628893130781347,36.10474991537791,38.56434221835105,11.925616360262625,1.0,1.0,1.0,1
9.718515124539733,77.57632833536233,7,209,0,6.745167465503723,320.95531738437745,0.4710334589503669,0.447160523332244,38.293495885530405,35.19981220542035,11.553059079485287,1.0,1.0,1.0,1
9.664346637361065,77.60421413794639,8,217,0,1.000657028666855,305.22541257484977,0.443310203432531,0.4790454235658432,37.95230087843292,39.14439871488716,12.649632915286636,1.0,0.954713924496794,1.0,1
9.688087085384902,77.53255312453169,8,223,0,1.7279298872421018,323.690716804756,0.47346109375620005,0.45814318947966204,36.721430511185076,43.913485764395276,14.127459205623362,1.0,0.7080903246059813,1.0,1
9.849326289635906,77.51027520830199,8,230,0,2.341153467319271,323.54432333230875,0.4406136218820084,0.46301600851777297,37.44210380889672,37.43233859245296,7.63548842221253,1.0,1.0,1.0,1
9.799721672004718,77.50630193577662,7,211,0,3.6780353948311184,326.01435205852977,0.4600251225379126,0.46224037945744323,37.70957151785445,35.244472475999416,11.3880761526546,1.0,1.0,1.0,1
9.675242062343528,77.65195734607897,7,209,0,5.288892452161582,344.3898656055344,0.466673764022091,0.4705560006412905,39.08224531366829,35.66054914593468,10.858436792067561,1.0,0.9021047177762358,1.0,1
9.691280344231933,77.58563645063383,7,202,0,2.368696226123297,324.47087394092296,0.47479768743926054,0.4869105869384467,39.131259182946245,35.110866736524144,12.516379321540525,1.0,0.7469995437881082,1.0,1
9.635609723601371,77.4736015816023,7,204,0,2.2004258584190937,296.52398051214044,0.4583030700322805,0.4535213278147604,38.73482807271142,37.10141834122225,12.491079198053276,1.0,0.7661126179303429,1.0,1
10.46485956502043,77.10503377331214,7,203,0,3.3599132089397807,330.8660284508717,0.40894803925773604,0.44283272009540714,36.436647025935535,53.29721198235494,12.564801665546856,0.17654335198567794,0.26710588761217363,1.0,1
8.647508028471266,77.78592250677497,7,210,1,7.479287347484073,348.9164534332373,0.5394956192346567,0.4280652099247349,35.85276999808787,45.30064716248398,11.14980492556288,0.3831816063177258,0.3213675905547265,1.0,1
8.602727347037382,77.8402065173281,8,230,1,3.300752457158442,341.846116660817,0.5362614460740416,0.41040195077105873,35.34865519665153,48.595568724519104,11.60719513971497,0.3506361409133425,0.30404101742221756,1.0,1
9.122124851426703,77.50289247948892,8,233,1,4.709849222595824,340.9155995762105,0.5515798959800882,0.44418908131197565,36.27179127040666,42.381490358087845,10.60273959050832,0.9446398013682609,0.9014404707811714,1.0,1
9.456378521852127,78.85537541900734,8,241,1,10.44373610278534,344.3825839197763,0.4682378846060063,0.4184730056198971,34.02933929226863,50.88993523597132,12.699030398808112,0.5349313212686739,0.5299350683708555,1.0,1
9.602299868122254,78.59672741191694,8,224,1,2.520576068331519,339.8347265082826,0.49346421522001893,0.4043054881032797,35.75084266896982,51.030247438632045,8.707735203325038,0.694711748249625,0.581969831459604,1.0,1
9.652375164379626,78.02960500832101,8,220,1,3.68667031764289,351.6675891630208,0.49674459578556895,0.42871684321225956,37.61330803231635,36.86056440991045,9.582950245345428,1.0,0.7638762175095309,1.0,1
9.632393018604954,78.10419329822884,8,238,1,7.252804889546468,341.347622893506,0.4946992443937073,0.4064355350067016,35.57292005638295,39.76366320955894,8.254221818771796,1.0,0.7588893024281171,1.0,1
9.816098527634267,77.44642275309717,7,208,1,22.561842673091274,357.64007516068614,0.5485801936761828,0.4263463644181709,37.28426585478124,40.36369811598963,12.299383092721891,1.0,0.9772874866257815,1.0,1
9.71004103092697,77.6075182320687,8,227,1,7.88708384190182,341.1641726123778,0.515727235720306,0.40346245419536436,36.26865959935161,43.501142666509814,10.050700141042832,1.0,0.8985176779574553,1.0,1
9.952599328211855,78.19667705315169,8,235,1,2.4560674676178125,342.41632393260653,0.4864670314217753,0.3909533243349905,36.68493893071443,45.25815551254735,10.72206351475529,1.0,1.0,1.0,1
9.969232224963662,77.94015594245086,8,222,1,20.156753318267782,368.2692257635678,0.5025389506235723,0.39952467704351585,36.59812235458925,39.27491873142717,9.332319921872108,1.0,0.9189588768277216,1.0,1
10.448803675614508,79.45586253538002,7,212,1,10.6717374140706,352.4351417309463,0.42946807764011913,0.37916888896984363,34.856540834990945,51.083996829637876,12.014011391547037,0.1951390073638611,0.23474592222953702,1.0,1
11.630985970531713,79.2236485064079,8,227,1,5.500823190157058,337.26027681604563,0.42008577858269064,0.3802919308527898,32.976271849188024,57.893114600827666,10.052321783225443,0.20271168155284058,0.21847285467786334,0.8867551631397379,1
12.064635271799697,79.80802158562989,8,242,1,9.883284723417733,340.3768369235861,0.4124860962830446,0.35955028912443304,30.6099368629618,67.13242923715076,11.640317636440319,0.19532104298516248,0.2385611940177598,0.5338673483377818,1
12.482810803240175,77.0167792191886,7,211,1,7.411272933981372,347.2233987109792,0.5604343919880393,0.42473783833577994,32.74675136858825,52.01270055504137,13.33941336417894,0.11831675495492637,0.1594473743323383,1.0,1
8.656641867469137,78.10567659552628,8,225,0,1.5287273935794456,326.5680763760162,0.42183655337701925,0.36788582324385877,34.87415026749345,58.113714516847985,8.432984073932749,0.31308340845693505,0.3140544977507268,0.9894051742271195,1
9.294062902816176,77.52286038078427,7,204,0,1.3838691675446373,305.6962319541904,0.39147358086945727,0.3635698121899567,38.527711992647255,34.88297646638159,11.924180695934401,1.0,0.6793543023439638,1.0,1
9.23791718774874,77.43663898073291,7,211,0,3.7510526634501447,331.1414088820047,0.3824792388800926,0.3587412520620051,39.210761674363006,35.0389127003895,12.03172261242194,1.0,0.976197825588099,1.0,1
9.576547928783187,77.49776877377221,8,233,0,3.325495945816018,331.7525412623098,0.385466652189933,0.37727655319963505,35.778703949881134,48.775267547838205,12.63865222037333,1.0,0.7461683254245871,1.0,1
9.633048562743992,77.55077508129688,8,222,0,3.28368396884185,319.14129081045746,0.40244869474188766,0.37061318280422556,37.33305922530164,32.44995089089201,11.756965654657986,1.0,0.6858777071047201,1.0,1
9.527729588047768,77.4475664510376,7,210,0,3.1535217742150685,335.6752193203612,0.4073483535241752,0.3787357406656868,38.363291738269446,41.92945034831741,12.267262667687566,1.0,0.9896614985597261,1.0,1
9.59978369735394,77.45800698954096,8,215,0,3.199835747814213,343.05780997570866,0.3819867177421628,0.353618182274891,36.2439359054992,38.995478032921916,10.71588532908419,1.0,1.0,1.0,1
9.740326017069709,77.65441467662832,7,206,0,7.022128548603783,346.4279504153559,0.38742199318853926,0.36723839696870025,40.04787948741882,39.023386896357195,9.227554746998694,1.0,0.755095638225262,1.0,1
9.714680585140847,77.55533286731655,8,233,0,1.3624075832422038,305.6163811409323,0.39276325082706287,0.38727746742231256,37.01147918939393,36.19840487971119,10.105422608317634,1.0,0.6533836477141199,1.0,1
9.769232091252185,77.49736127691254,8,240,0,1.1270241064669329,311.7368407627065,0.3927909243552201,0.3534839220441354,36.19953088159131,42.2088715352631,10.480510318295238,1.0,1.0,1.0,1
9.85205566629943,77.6487961122208,7,206,0,0.37895307306780934,308.4671948977104,0.41833628056711847,0.3669800115187506,37.12314893499627,35.77841280432223,11.477171375506313,1.0,0.7135616931919824,1.0,1
9.852381176124402,77.67370834207688,7,211,0,2.1886473108548277,327.3709902732193,0.38815082391769695,0.35299473409765797,38.538839234900415,39.885505641112665,9.66663182418192,1.0,0.7265652476911446,1.0,1
9.833215936987674,77.6041530811786,8,237,0,2.4983643860435483,335.99183033198693,0.38250081397916436,0.3569261728759196,35.826533036676295,41.23874400064943,9.58284169435536,1.0,0.966091009769288,1.0,1
9.090535981804125,77.94995793505659,8,239,1,3.5479749545411656,335.42363081534893,0.3547085338552435,0.567864007739664,34.55658564434577,46.56229305400245,9.727618606439345,0.7619766060515779,0.7981115015542872,1.0,1
10.904259957881559,78.71947931105204,8,234,1,11.822472229595096,337.0660871401549,0.5780665182617807,0.5118482100772548,32.20500667671239,56.87651080432922,7.9673314316328865,0.4385366091591974,0.4813866534908842,0.7799183124239105,1
11.012005733618984,78.38704802175977,8,232,1,2.950914891128927,331.6279972391118,0.5775949179081473,0.5309940375230837,33.70733521838342,50.42516976188764,11.601205926929598,0.39942651326255135,0.42715614472111885,1.0,1
10.898547414666625,78.57293274966514,8,238,1,10.051948150999095,329.4604056614637,0.6043544903281448,0.5524047791868137,32.59104100788763,52.7990109309835,10.89302884136754,0.45398621915758797,0.46146465252664665,0.9941269923726272,1
11.502859051539247,78.9490052738978,8,218,1,10.831109019990961,349.9344830166471,0.5197387303802473,0.48502037790987135,33.003761969463596,56.35299307066216,11.32255138851598,0.18159646537053656,0.20857475188973537,0.9629656045539317,1
12.251117028205384,78.18969993588729,8,239,1,4.593503757027492,327.6346683244673,0.5755036065693215,0.5091808850147465,31.692617014138577,61.24419046966023,8.91333270831477,0.08640689113730639,0.15811312472130612,0.669722165653935,1
9.560189792446488,77.58049611385698,8,239,0,0.6208931758293231,311.4237781210194,0.4850065646125176,0.4130110624793181,36.57431686717171,42.33916497026705,11.339904830779153,1.0,0.97846820323937,1.0,1
9.532199380271202,77.4284773166041,7,212,0,4.211332543660208,315.3508051679517,0.48008158876897683,0.3984107938965502,38.57540426216438,44.52157148423639,12.327745164188078,1.0,0.8257969035114165,1.0,1
10.629384342272875,77.42817568770747,7,205,0,0.7023091593747054,301.074947248044,0.46927788377861396,0.4153044439537656,34.369414336756606,52.45015141112772,14.353918020849056,0.16330719867629137,0.1750399794759923,1.0,1
10.894415890720708,77.11823063405414,8,224,0,1.3095557590965299,302.16132791252016,0.5388627126487355,0.40205105508128086,33.231740852344046,54.924914235129464,13.307713673435705,0.1165236261845793,0.1971685747234928,1.0,1
12.815806238729683,77.49924685401575,8,234,0,0.3856282600790499,300.5643714467601,0.4990203659688289,0.41522881221267066,32.24875915241395,62.815337911147104,9.854338471541668,0.16156735629973895,0.1480394356508541,0.7105593863557931,1
9.65905453945375,77.69332981996727,8,234,1,8.919106837148444,374.5052283352168,0.4075254623150686,0.4511665384306164,36.40359541781799,42.867250163650525,9.932557014300336,1.0,1.0,1.0,1
9.858743912658511,77.62874489567199,7,209,1,2.7910695991795604,340.34832035011266,0.3925753856893769,0.42882109074254765,37.614942148660376,37.34967571303067,12.193107673485635,1.0,1.0,1.0,1
9.815434748273404,77.72870207146934,8,229,0,1.0763070370151546,314.520544050341,0.4751002275074304,0.63395854720196,35.88196819353293,41.813049916804964,9.537333175304456,1.0,0.7742723767158295,1.0,1
8.993021526396465,77.98345365615269,8,238,1,2.367512525035981,339.4786107611877,0.40862931199361374,0.34593200457625073,34.79684090539279,47.178451068952086,9.073590824617973,0.6155398856623963,0.45717002377675875,1.0,1
8.93555726888868,77.74321856390716,8,232,1,1.3383019602412964,329.21124019234674,0.36508592124812755,0.3679418324506994,34.345957671313805,50.46900001301823,8.36315483576827,0.6566944569339965,0.7293081815588469,1.0,1
9.048932827901112,78.76080470092137,8,222,1,2.807557436686477,343.1792116706985,0.4118361941278512,0.36244625133889247,35.470599799190914,50.28442771893802,11.150920855468135,0.42666830031768377,0.4783724714960279,1.0,1
9.150139194712297,78.7192435780618,8,225,1,2.1696191067766577,353.25499578337616,0.3804627485864176,0.3706763604884728,34.2920636498564,46.28752996083469,9.106949649428849,0.5281851487526231,0.46695987619050305,1.0,1
9.28835099140927,78.67009542177513,8,222,1,3.2794212761504995,341.02285334443087,0.3994605299761341,0.36379301162258043,35.94395563261604,46.65850638948228,10.385608696472715,0.6280218386720456,0.559328195684305,1.0,1
9.233309808233479,78.69981719961548,8,224,1,1.2201603318817695,343.45283874105286,0.386136093494747,0.38016394657642266,35.39337737726349,51.820185755978365,9.143648309933328,0.5924298141049802,0.5539982267165123,1.0,1
9.238811062315031,79.20877496932705,8,232,1,8.895423105104891,349.08760597882235,0.4140533298528507,0.35987989529027803,34.58361240591128,58.20159548928332,11.444872328093387,0.24653274916986542,0.2808644286373351,1.0,1
9.229844126457733,78.70595719805677,7,203,1,2.202798234219971,337.21474185143313,0.4119267987883132,0.3863108765017165,37.08533416140038,43.74893087302127,11.351499224514368,0.5891394825925955,0.4464854885201022,1.0,1
9.468821269719019,77.93780735597316,7,209,1,11.313815905853923,352.11163336709643,0.3717886497916768,0.35356823909602947,38.269727709524965,40.882286873420504,9.788432249599978,1.0,0.7937486838645847,1.0,1
9.538883484619001,78.19834006947295,7,203,1,9.598296491503092,344.91743078610057,0.37688713633707804,0.345738658366467,39.594349989534976,38.26852689172915,11.912365292836999,1.0,0.858362540882222,1.0,1
9.590643385603569,77.82226061234533,8,233,1,12.921637136922218,339.95907751210814,0.38386180486531424,0.3506509883813375,36.656612741852435,42.6644970116194,9.312579884424236,1.0,1.0,1.0,1
9.607267842585046,77.96732249060854,8,230,1,3.9357181782577504,331.94926757768127,0.3804761596683713,0.3446618734464183,37.01307992680501,43.466068232663964,9.879482813658855,1.0,0.9424567239331701,1.0,1
9.821280143122987,78.34685126977013,7,203,1,2.836595228608246,338.8124515875585,0.385445575702444,0.35887459431572727,38.00683239267239,37.06966567549914,11.142004636192931,0.9576864482262076,0.7922793192930784,1.0,1
9.736786455166246,78.49426855336921,7,205,1,2.013331728670596,339.14074379342276,0.4180747319926981,0.36075929516676836,37.525634949762654,39.435856200660986,11.270974564193523,0.778581577588465,0.8494207783792781,1.0,1
9.876152041340767,78.30934197553907,7,211,1,27.691268350817104,335.7247689110505,0.3744470389701694,0.37389765760001553,37.99524516751083,40.72828735322317,9.67433728914442,0.9706656911634899,0.8812650326529239,1.0,1
9.708824929498483,78.30364383058011,7,210,1,19.048025396959492,356.9260886633433,0.3870080022379651,0.36061663032792524,37.546300741463405,37.32338252262312,10.079897285388224,1.0,0.918347765640499,1.0,1
10.597571870260582,79.5989254927372,8,222,1,17.086101854043463,354.6918733573682,0.42815492897912605,0.36986800105171286,32.64747670511208,50.2527708417195,12.415416219739656,0.19220653165695475,0.1987295969173309,1.0,1
10.849038170902361,79.00996342478352,8,221,1,14.027432137776655,359.7417892736873,0.40099402412499563,0.3681970022064828,35.08473442965275,49.154862254714565,10.625931792033752,0.32624964485027874,0.3764988561442011,1.0,1
11.115658270239246,78.37334389500938,8,215,1,2.3691872786080346,337.9023408906668,0.3911402623075028,0.35875178806919567,34.97381874757009,44.811805114639576,7.793991380246352,0.358174915424711,0.32542211639329655,1.0,1
10.83941798486026,78.8884710359881,7,207,1,3.603608709453137,339.04853406257735,0.41880483863172213,0.358112986909222,34.22221186771493,54.50721367953401,13.248675556023926,0.3718164139376601,0.4354793603432923,1.0,1
11.10997935852221,78.16023877678951,8,227,1,5.142937178965977,333.34941852198904,0.4047137537060393,0.3626242893949374,31.977603583986706,52.4699080842646,10.376553802907564,0.24511513586573513,0.2576058265710449,0.9341807586894291,1
12.085934235768496,79.89209957684957,8,233,1,5.678510508706121,337.13596845797315,0.47439027290772506,0.37472375712598893,30.71010276173238,56.870530396077825,13.05356219929834,0.18112272255209055,0.24503732122414446,0.8144205956262642,1
12.841869603421022,77.46104343293877,8,227,1,11.64728114095664,334.9048400487492,0.38629785567664404,0.34879131132879204,30.618113879217717,55.243979192120854,12.629339948018991,0.15707329407823137,0.19690686806047292,0.8296434923743842,1
9.724782074789164,77.57934054232065,8,234,0,2.56137723590085,303.4914480652895,0.464908707241065,0.4905882030307849,35.09900012664674,46.18057764304805,10.274584190549785,1.0,1.0,1.0,1
9.760569929661292,77.6299822935925,8,238,0,3.5080402054218407,323.98476967044206,0.47810505447139895,0.4778397238307807,36.74192890548693,45.233250394878915,9.847963617286501,1.0,0.7857266546235807,1.0,1
9.688747737452646,77.59493448503977,8,235,0,6.4281575667424455,347.16788742270046,0.47616110969895376,0.48979182518249154,36.53330791623585,41.74270077011961,10.60622826067273,1.0,0.9579000935654141,1.0,1
9.679356488774243,77.48604637982153,8,227,0,3.5959104273250415,320.73264484797477,0.4793210760549982,0.4585718062489858,37.23504967472903,40.33179406647953,11.252986437367506,1.0,1.0,1.0,1
9.721672904644743,77.52304990704275,7,203,0,3.6001253997968266,332.6595076681063,0.44937285103629837,0.4867796267826434,38.46006487416465,34.15817919033721,12.605961359347445,1.0,0.7606486122412176,1.0,1
9.670829742656172,77.67394960927052,8,214,0,7.809260643290605,332.47524249570307,0.4823293744884775,0.4635268219221372,38.28227601626999,32.42301802469031,11.271752285644054,1.0,0.8745995945291244,1.0,1
9.770328853710243,77.60755190434912,8,218,0,0.8257239306563999,311.4435784498518,0.4745539361116852,0.4532771641127568,38.30407594227813,34.76369240027171,11.09278692894348,1.0,0.7121910353994829,1.0,1
9.607270967073807,77.49141025383456,8,230,0,1.854442543634271,327.55489478476517,0.47356115907790003,0.48432123370019725,37.737850249565675,44.97903223357492,11.698941759415296,1.0,0.9985453673923191,1.0,1
9.782869092279679,77.62903784467005,8,235,0,2.1894905802423006,331.05489340702786,0.4677086156440984,0.44930355619754925,36.06480775607551,48.941164286862445,9.122262969959385,1.0,1.0,1.0,1
9.725191910861193,77.57208188260913,8,227,0,3.9547851010717276,308.72372034277106,0.48223032677511507,0.4655280834299434,37.256496297524,37.440827684350666,10.753047404699556,1.0,0.9169115128963037,1.0,1
9.70821953919794,77.54529500332438,8,215,0,4.058690512591759,346.11241286244126,0.45731190849013814,0.4850077894200472,38.09931811540967,39.29918305282421,12.062422009514448,1.0,1.0,1.0,1
9.60914108078695,77.52914890920563,8,233,0,1.5800673330677484,329.6300879690127,0.4711108080190709,0.47550769149598593,36.332199809116446,36.55137554137188,10.137203731140469,1.0,0.6989215902892231,1.0,1
9.656414792960149,77.6745750629923,8,229,0,1.674067487445557,307.88854222887034,0.469145319247472,0.4708490876837856,35.59449195179868,36.959754681059195,10.170805866753357,1.0,0.8101266275761185,1.0,1
10.499415603119322,76.97186511395962,8,233,0,3.467827774753314,324.16115732990147,0.4297477340707767,0.44341352646766113,31.885341690343814,62.831349940350165,12.538145719835624,0.12949699389342706,0.1780313242528599,0.7637877514879552,1
8.650388070137664,77.81471275478924,8,226,1,5.369884771231655,343.2957911254384,0.55357909996514,0.4021523448762968,34.208304693585404,52.09600543291721,10.131544807454024,0.3884265786388002,0.450339245304898,1.0,1
8.759867892611098,77.73238887361379,8,228,1,3.3689173863382353,335.7417994055497,0.5329915740116667,0.45111179539954366,35.06965428391926,55.503182034879046,10.160423623875717,0.4697331865051692,0.4181989557039771,1.0,1
9.053502759067925,77.65389541482324,8,216,1,6.339009511394746,355.4081741373449,0.5416978308336322,0.41601527024917706,37.002689498746825,37.60504655041887,11.250793627787022,0.8513590390411481,0.7787944671834919,1.0,1
9.423616175464218,78.84644007374452,8,218,1,6.849991872409823,340.43356550046434,0.4649359378038175,0.39021233899904173,34.98030399723775,43.11662000525755,9.73714890925485,0.5529165177364427,0.6614484432674186,1.0,1
9.4388293566316,78.46127827691271,8,213,1,2.2860785907795598,327.3706641604502,0.49190399107103816,0.3894366304997847,38.3436471862894,43.888803690606736,9.250783937401211,0.7646228498242275,0.8777215951744507,1.0,1
9.664501757800153,78.20350474178748,7,212,1,4.632995892208653,333.39349680975835,0.5210286467616845,0.42672559767411383,37.92724583352988,43.38922022487374,10.372362434060001,1.0,1.0,1.0,1
9.684424862808916,78.00401136202066,8,228,1,6.171439248909719,332.1794409535039,0.5270016764670217,0.42081122410166477,37.96155257202116,45.563338055356205,8.905655903719113,1.0,0.814451176575468,1.0,1
9.699503030902951,77.42625353157486,8,217,1,27.551900718753593,352.19095309904895,0.5658685536839686,0.42816518137589143,37.82337067697106,36.42442917061037,12.946963425500586,1.0,0.7482458612340496,1.0,1
9.64632906186569,77.63357492520265,7,207,1,7.7918811689453875,339.99031060379673,0.5451858294870282,0.43912776742597814,37.53549810734002,38.48934772478628,11.044532545502989,1.0,0.9221289770975389,1.0,1
9.878286431112965,78.10972190917597,7,203,1,2.577026089947237,346.2582327439363,0.4819974243243721,0.3916641186122441,38.03290476161678,31.203354161712287,12.384374826809221,1.0,0.913011388381082,1.0,1
10.044603590218713,78.08206151363218,8,237,1,15.303222857868624,353.7184300666233,0.5169082182208506,0.4261404856300878,36.55274869036077,41.510608621407975,9.624134877460348,1.0,0.889438185366254,1.0,1
10.385709368330534,79.38110769097413,8,219,1,6.349319038754492,346.60413262712996,0.4466435491964116,0.36329623875615,33.06117597863034,50.46654494001129,11.569878400386166,0.17920170670128532,0.18338752362645025,1.0,1
11.712768623236192,79.30633996992626,8,225,1,6.522066455001552,337.17333570037067,0.4361564976257584,0.3758629664455134,32.394900077938175,61.76356487290799,10.798901486529994,0.20203641925521715,0.20481173832999697,0.7756281252176216,1
12.230222732603789,79.65478831551896,8,239,1,8.315032145943587,351.37170744000554,0.4262206835716874,0.3534981804999301,30.965478068801293,63.75167818666395,11.8404469884243,0.16349288745990634,0.24296817717713637,0.6448776255291682,1
12.500820761679371,76.97582832631602,7,206,1,8.742379792262009,347.181893130843,0.5669488629793926,0.44095669765382284,33.48414554610741,57.92443550965426,11.375841050624112,0.11591851219390797,0.20038977058268687,0.9697419281264155,1
8.774619292766229,78.03001253291144,8,240,0,0.9370062884445539,320.2548632776888,0.41408649378698836,0.3957468010950229,32.9586905565319,56.934600629786075,9.195315957223052,0.42516811446063424,0.36830883015525884,0.8798089338234103,1
9.125702353554656,77.57892926480775,8,230,0,1.7294789261627472,322.2097694640048,0.40893158777391403,0.3731375613441105,36.75496393720012,41.42571721841343,9.277448505920194,1.0,0.7458337399950443,1.0,1
9.326614676003999,77.38861134891603,8,228,0,3.346438109240139,342.973320801014,0.4015983453040202,0.35956024923793506,37.19863644615398,39.7395775436731,10.07114265630801,1.0,1.0,1.0,1
9.575840679068678,77.5370260673604,8,219,0,3.8105485931624807,329.78102738020567,0.39819887202832666,0.36174077583230635,36.19766330827905,44.99685707303925,11.726797551210653,1.0,0.9564492078736814,1.0,1
9.491114439146006,77.48162289355231,8,230,0,3.6926885195538377,324.89699901868545,0.38959468314769846,0.3681331045441134,36.522779761688774,46.25047909663066,9.408124210664838,1.0,0.8125883406788645,1.0,1
9.444436620299653,77.44102440786664,7,210,0,2.4650459663817723,338.6234717858178,0.3898365838398372,0.36344286675221676,37.89900702948791,36.436636894707334,11.067974034426582,1.0,0.8473886603060508,1.0,1
9.39228967573376,77.501666851673,8,214,0,3.679300518592664,347.7066212330808,0.38739889147039885,0.3522886145010928,38.21201282333853,37.737826642185254,10.139209377414682,1.0,0.9202729573012957,1.0,1
9.660092054375227,77.64475409251689,8,241,0,6.241838929050122,345.2553484708254,0.4052593402599577,0.375781472300334,35.619932874017316,41.52685918059806,11.24476847105576,1.0,0.9543144013525016,1.0,1
9.743365305356663,77.62269370031439,8,213,0,2.027277797217376,318.00900603904654,0.38568212386572415,0.37419683245145213,39.625504282658284,35.014168523465784,11.332675386165299,1.0,1.0,1.0,1
9.64127602900303,77.43036890377624,8,231,0,0.9685294625564642,302.7674360492728,0.39725545879268204,0.3849594960190971,35.992446931454715,43.65952957431144,10.556587550378728,1.0,0.98084209016674,1.0,1
9.73004640066466,77.54549076564649,8,240,0,0.39169520135227237,301.6238419930199,0.4009333295708878,0.3691435994839017,34.879406261185714,53.47189379969439,9.880705788336494,1.0,0.9852844801523524,1.0,1
9.793639914146242,77.78501740925542,8,226,0,2.3472922848433075,315.62976751468034,0.3975293790875588,0.36425423158654036,36.19089024848139,37.47622214773724,10.406805371593684,1.0,0.7743302075362463,1.0,1
9.883987826552723,77.60076379011953,8,214,0,3.351909587395587,335.9551083584884,0.41419718053895666,0.37042613576795735,37.958468250051936,33.7059947989354,12.065643968441607,1.0,0.8184830307136365,1.0,1
9.08149692670609,77.97669228050461,8,237,1,3.138479107959821,349.20710008670727,0.35795409695257896,0.5525976144810628,35.72524840372646,49.06464686684707,7.358143885604855,0.7236136718510224,0.46355920942114953,1.0,1
10.82919136486739,78.66875168597457,8,236,1,13.394693144060879,333.57245317764404,0.5749699255778581,0.5366536386467137,33.77062700832511,52.92866384298179,9.998659045881384,0.4326626257938949,0.4102924159598299,1.0,1
10.897874437127472,78.45032733468926,8,225,1,3.055208734994228,338.56679385628445,0.6295319724703589,0.5443117427878785,34.05080805722283,53.82365253567547,10.365815328380082,0.42826040758194756,0.40168068062931545,1.0,1
10.852814370463369,78.36170378610183,7,207,1,8.136592058375472,335.05303599635073,0.631043999054673,0.5116334708089116,35.58615077801585,52.76944601345475,10.326241878110975,0.3772048960032302,0.3522871693123958,1.0,1
11.606258856547775,79.08677611814365,8,221,1,9.573318148549006,351.1011153603793,0.538482304726518,0.49091916088176646,32.88767153166113,54.423008531838505,11.080565291641774,0.19519207729698881,0.19700140423523038,0.9886178811835993,1
12.23295901964306,78.3631810530543,8,220,1,3.3829011451197024,326.01682364692175,0.6153794172485164,0.5494934519064192,31.592856473000058,58.811463421858456,7.9566125259979685,0.07491438676958885,0.04493315041743769,0.6855718825905868,1
9.429865270983381,77.39123058954534,7,210,0,0.7198316441764943,300.0737971483563,0.4621531535882325,0.4002212699453529,39.39851574303024,38.957357728393525,12.703106079694097,1.0,0.8187702057658417,1.0,1
9.61266220777026,77.39586198587804,8,219,0,3.8484709050921277,323.7889254929261,0.49276391011695236,0.40127346586710194,37.96798078081156,38.93805564050564,12.560045766085787,1.0,0.8725104296056666,1.0,1
10.591547759488435,77.35204923127831,7,209,0,0.7443564834374484,309.73714602212243,0.4756796981438926,0.4088963278821341,34.18617263253955,49.6033768855034,10.24293248308226,0.18022141460956204,0.23287612492040735,1.0,1
10.776894218564845,77.14986491335847,8,231,0,1.5925436951469236,314.4076083872638,0.5194267587378467,0.4131936054240744,31.917729259855026,55.213725020606915,12.21476962625472,0.13755460539218411,0.13690442002469455,0.9256617664615585,1
12.701190343468372,77.60239590018624,8,220,0,0.5203197810296059,302.06103181065794,0.49357712225553846,0.39235277049102657,31.91493364418747,60.48525272245891,11.638855405697123,0.16226155692367178,0.1842969900203696,0.790286419055682,1
9.722976423073328,77.61502763287933,8,222,1,14.929017383270049,377.49814791069343,0.39959952941645316,0.4407219759331275,37.39741723400642,36.98921739551667,9.967895584592597,1.0,0.8256496313843068,1.0,1
9.979818450409917,77.76925259275896,8,234,1,3.235756985335241,338.56421725171333,0.41760532937175854,0.43224619995902497,36.66382897906105,45.022109971638415,8.878567009904422,1.0,0.722929853589086,1.0,1
9.770437754874814,77.48151313947224,7,210,0,0.9853745114472147,315.3134739935306,0.47281807842469337,0.6357980791291508,37.903587116160836,36.952221119494375,11.451848142626039,1.0,0.7006092518216371,1.0,1
8.85660255651516,78.06137979524368,8,231,1,1.771082143677731,332.6656816906425,0.37812403355065916,0.3569507085824602,33.92629044988162,55.3392302713659,9.280616774247378,0.4576528696226167,0.47679611515691317,0.99856058343279,1
8.811298878476284,77.66853484045987,8,215,1,1.7735467376646805,333.9842402288074,0.37698420418234996,0.3742167341489604,36.83730079815226,44.613449379790104,10.302754765570212,0.5003386369833466,0.3938320044961606,1.0,1
9.325258433775598,78.72828841061069,8,226,1,2.4542947926840464,343.9340378379982,0.39407358771918505,0.3565087070121502,35.87733887174835,49.80177757333723,10.636957975731306,0.6247107820079333,0.5031093470585103,1.0,1
9.212757709633335,78.70992493167282,8,221,1,2.5758422425903365,337.9621789114473,0.4196009965649271,0.36351629007740355,36.06841424407864,45.74975936957153,10.432530330253929,0.5773460221788842,0.7050308183208052,1.0,1
9.20041535530472,78.79193334582494,8,238,1,3.009027703688929,331.5561355027798,0.39855473034071975,0.358615115834128,34.046920271117735,59.04922662526697,8.363515702718173,0.5463850690167519,0.581294849396621,0.8975092966304883,1
9.282730944980635,78.69166408182379,7,212,1,1.9266829921860933,330.01175729447107,0.4071713341124745,0.3673040681392831,36.57496696210834,44.136887268388065,12.032375577728564,0.6207821124731672,0.5371966247572376,1.0,1
9.323410318198395,79.12288216154269,8,222,1,9.373643343498044,338.8060800113112,0.426965310732439,0.3564394415075573,35.217468530737925,55.97235105041642,12.375468773923016,0.3256578674858896,0.2986467141479198,1.0,1
9.351446705324667,78.74966830664495,7,207,1,1.9199726185613062,343.93280349016015,0.40516246309455534,0.3796494377143826,37.01856737396678,44.36962546900319,7.591374401126426,0.6202996975783789,0.6869210412482784,1.0,1
9.403872529614155,77.90418170291953,8,226,1,12.092889348805228,350.4382680859954,0.38022576052187435,0.34572482613304467,37.496421454575,41.80540207960458,10.488813130354691,1.0,0.7822215024473924,1.0,1
9.51809330958207,78.29771078968034,7,202,1,10.074663336478835,350.51004487341544,0.3941889937179979,0.36594943537022173,40.23423116950495,37.10136365059366,10.768103038938298,0.9780334391449066,0.782240095602745,1.0,1
9.57180259529765,77.82289331454061,8,217,1,10.059461000367255,344.43766876639154,0.38617317710653953,0.3516375716952848,36.855730898260035,37.21940420298206,10.59388569517366,1.0,1.0,1.0,1
9.67516773859402,77.9750179398128,7,201,1,3.78453950961353,338.9148704932244,0.3869716449081135,0.35899883988687586,38.0896624378646,34.094871543627434,10.639787449067473,1.0,1.0,1.0,1
9.838681963713103,78.39696051666968,8,214,1,2.2177210749018275,334.3330064328379,0.40869365867344587,0.3491995666218315,36.40313643720795,35.13138739917769,9.828148280378432,0.8664773096928314,0.9964906243845202,1.0,1
9.907041692591388,78.73831533598864,8,220,1,1.858627530325039,327.8665997562351,0.39114364054379414,0.3785182761406016,34.23652994515021,52.435356135354006,10.614670949588321,0.36392401744047986,0.27835587326450667,1.0,1
9.88918904034181,78.40877037288914,8,214,1,19.13469045690753,344.0073171983622,0.3887884707126541,0.3761379356136597,37.54096432735156,43.3724849376122,10.538319849047742,0.8052890193958575,0.9519678034900251,1.0,1
9.828603771391876,78.08891203060696,8,216,1,21.418081071248128,342.24518414644234,0.3767348147822688,0.3499828303461478,37.29295250409801,40.451150614923726,9.972986354891887,1.0,0.8029761945890533,1.0,1
10.697239580782718,79.57097402075864,7,207,1,12.973293630568579,346.08796839501144,0.41617740054347596,0.39721982189308747,34.19245946818111,53.6057870933184,12.292131084134414,0.19749019349579752,0.27660747603935965,1.0,1
10.92436465731145,79.10954836676788,8,230,1,9.697248803051256,363.763091715889,0.41424286138751915,0.36353513063742304,31.76531537357348,54.80568332463767,10.15806987657332,0.2865777935198312,0.3365780164709665,0.857756335337647,1
10.824343042913062,78.42569710912025,8,233,1,1.9711958334882942,343.82266945776576,0.41004062832610866,0.3721403451809203,33.468169574678086,52.650164461093084,10.985840445072505,0.3985479535878835,0.34164899564731666,1.0,1
10.840817346323963,78.84347363558993,8,219,1,4.875386800273221,330.5042168232154,0.4155948548182906,0.37745882819016635,34.714185969029664,48.92109902181383,11.06905439961923,0.38891727328893105,0.3351427213986366,1.0,1
11.261309328497463,78.21362250494415,7,203,1,7.042885400596754,343.8969064485174,0.39317135991611885,0.3588729387944121,35.38525327250659,47.07392260259965,10.015683165839178,0.21698076906306127,0.2616844249906075,1.0,1
12.177168597179593,79.85526326398042,7,203,1,6.349775519694922,342.42487926589183,0.43974243593799095,0.38784579355987253,33.70939290806647,48.51624679817886,15.612350553954805,0.17737405007018267,0.2534631610811504,1.0,1
12.629445997548636,77.38866710179374,8,228,1,9.385393770666465,350.49817797148506,0.388840290623799,0.3444417893039058,31.094557756643034,56.09521951793405,10.563990688432632,0.1676744228459401,0.21661796242371295,0.7858885327796827,1
9.717662148958302,77.68537820561265,8,239,0,2.833275340030948,313.7367157419158,0.46019640404232237,0.4792615274733169,36.91612253778474,48.06642961266813,9.157001080440379,1.0,1.0,1.0,1
9.68345184209581,77.59371049058113,8,236,0,3.9398619322188178,319.9492793110042,0.47244997396615174,0.4660809576270505,36.900325526288235,45.34651744511542,7.8604863418887065,1.0,0.8605210736891067,1.0,1
9.694121892143086,77.5348283008122,8,217,0,4.828899035370529,339.48100050335245,0.46645331986543,0.48840729303406083,37.402621645962036,45.85039146406675,10.152019230870877,1.0,0.9410376151557329,1.0,1
9.736487170612948,77.68081451129791,8,221,0,4.165924786446969,317.22891754754187,0.47707789686964547,0.4593776187629375,38.129725247684526,40.69453751102618,9.919600766606624,1.0,0.8496633399879215,1.0,1
9.625419083969248,77.4891908366422,7,207,0,3.6818296579951086,341.38251373542596,0.4730172124199743,0.48990926224322456,38.25757144703744,36.15810857900222,13.582795150453634,1.0,1.0,1.0,1
9.639404774965532,77.56104529320989,7,203,0,6.205056317557885,325.6728008022645,0.4538303780553036,0.45312887270009367,38.63966035185758,36.26392613605916,11.513658282084902,1.0,0.7794665175493816,1.0,1
9.698542417895515,77.56166274543004,8,232,0,0.6971363665070505,315.5503450612621,0.46608218548213615,0.47502742390265246,37.42613890360161,44.593715812593246,10.443312758546021,1.0,0.9177416072135227,1.0,1
9.709533708147408,77.75919593567653,8,218,0,1.5192604418689117,319.7678400204282,0.4713751803549358,0.46096698445399237,36.66431398536046,40.39612497416538,8.287660958819323,1.0,0.7764925984255104,1.0,1
9.64175314260211,77.55643854619524,8,221,0,2.1458111278825003,325.05393923161284,0.4810164969819463,0.4550437357148045,37.230249795372586,42.41935128635845,10.775057350909917,1.0,1.0,1.0,1
9.777715337235243,77.460382434565,8,215,0,3.918300049236434,310.3830447239296,0.4564281994806233,0.4509150470708007,37.32820562265496,32.93633497353893,12.200142562701831,1.0,1.0,1.0,1
9.694020731882228,77.56578294193046,8,213,0,4.923268508986868,331.846860800504,0.4668209716463123,0.4773152002649484,39.27318756410757,45.52855579085918,11.01645210685356,1.0,0.8200419704243334,1.0,1
9.694622767575321,77.64117852431833,8,241,0,2.262200443027067,320.8732778846124,0.4550625364229552,0.45745889286318453,35.085789996762415,45.777034543336484,9.20973960970046,1.0,0.8637258256083372,1.0,1
9.744786115316092,77.65946591826085,8,234,0,2.011729410868475,306.3677178402351,0.47094009622801025,0.4734222773673392,36.09589323189832,38.0821651872436,9.410600845494944,1.0,0.8616712055052353,1.0,1
10.406486420675275,77.26880777854099,8,229,0,2.346317162019987,331.92237043207547,0.43730371319504346,0.47157384252758755,33.56234697048151,51.91078826088456,9.902076958061663,0.2611181109912974,0.1543160244112951,1.0,1
8.723613376903407,77.97182282996901,8,217,1,7.038437354596288,338.93551734118705,0.5626382048488572,0.4122703964517403,35.11063798132181,43.91578198168929,11.253185914080461,0.4185276165136583,0.5360059801927063,1.0,1
8.675040422353954,77.73713458157405,8,231,1,2.5903059713714063,339.41378511798035,0.531139813456313,0.4100026039418193,35.81566258572739,53.96347474163613,10.724460519531492,0.39682208476635666,0.3956384190788944,1.0,1
9.017252938205557,77.48101091726976,8,215,1,6.063223081725545,342.5930565867423,0.5337253128691484,0.4146413724190461,37.95167939019707,44.993092528682105,11.365232746694575,0.6862664225500461,0.5906168639696339,1.0,1
9.403964870534097,78.92135192019431,8,223,1,10.053302616880309,344.48752308780655,0.4819816841871205,0.38477288037644686,35.1556934531601,50.2267270415172,8.820084975287283,0.49738555001945695,0.4814727462460733,1.0,1
9.53909653210545,78.49470055147717,7,207,1,3.192788178113232,324.1050827892388,0.48628847452523527,0.3985313410882094,35.964386819903595,41.81047069998497,10.874194491627563,0.7859927994943808,0.7013888819570486,1.0,1
9.570657083913174,78.05037899346499,8,231,1,4.838296239971266,345.5512182295985,0.5306604716296027,0.4200306733560857,35.10240267636156,44.16562177554716,10.130702708504984,1.0,0.7387860935012369,1.0,1
9.561337250680984,78.06967483384922,7,204,1,5.3735781902906625,332.9267934607498,0.5005038285301923,0.4016542198170562,39.64478552056345,34.09683267736714,11.99169251102459,1.0,0.7235152951524237,1.0,1
9.68982084476366,77.32001982327722,8,231,1,36.074139109332954,350.6807338784539,0.5691411446130445,0.4147712391462853,36.120903801871144,44.31541823243904,11.373570539220808,1.0,0.8130976211242859,1.0,1
9.656535360287954,77.56687859361803,8,226,1,7.963475875428797,343.8821062544382,0.5499238962771286,0.42591220418581494,37.235434361778395,39.256159079752635,9.22457486905862,1.0,0.9723378080084617,1.0,1
9.800554179809515,78.15508241690152,7,204,1,3.4108471088070313,335.86582256662024,0.48477281550782997,0.4018483885628189,38.77739714564557,43.443262629293166,11.507523791585848,1.0,0.8451510686994178,1.0,1
10.074573890461984,78.08437596240685,8,222,1,21.295541111049296,358.67484287232696,0.4909512128187776,0.4130819843218015,36.076157380057246,46.09121177351702,8.899696043017423,0.9409653636048666,0.9115132302484584,1.0,1
10.356284372895104,79.38991381654293,7,211,1,10.756857806198772,346.3812278681964,0.4387171148863701,0.3964838892675646,34.305177584410984,59.171465020968625,14.5971697478606,0.16995179203348473,0.23370084912585012,1.0,1
11.813366812270575,79.16895785307129,8,221,1,6.0432410815882305,352.0491471570543,0.4153138450471435,0.37207118428720803,32.870743670722725,55.14075814901264,12.259507093390601,0.1890236148114896,0.22034877141227233,1.0,1
12.09897295537766,79.67129594913203,7,202,1,8.520526181351753,346.06158803540467,0.4220674906294691,0.370462189735992,34.652219513243324,50.752667974703975,11.917561415140254,0.19423422507245244,0.19263469446369585,1.0,1
12.588023120343871,76.96704988232662,8,231,1,8.138714202421697,345.6449237629175,0.5430831321668752,0.43288610037251113,30.923359507118402,63.42563964148967,11.334414312789322,0.12102712911375821,0.1784327538528252,0.6327995252792071,1
8.68418501777322,78.06394380974284,8,222,0,1.0004254806958754,326.373586773054,0.41902841662343715,0.3872852882749098,35.840026194645304,52.788617277032245,9.342298451353967,0.3513730200984704,0.2693558320710979,1.0,1
9.020668642881802,77.45964811021508,8,216,0,1.998403501645283,316.84726168519154,0.39102116143685683,0.37930469246682985,37.0300377793206,44.94367733948872,12.365707737507872,0.6731928713851305,0.569544354879452,1.0,1
9.201204945626241,77.35896804776556,8,237,0,2.9359105683481754,329.66106589005165,0.4193538237969945,0.3800850668696757,36.10020887439652,46.20141673871194,9.754190073911793,0.959391983880129,0.7237639352860502,1.0,1
9.51747033781969,77.47677408529594,8,228,0,2.6935306012723186,324.30809894074315,0.4088866844364211,0.37147689275235957,36.17928558144945,39.160882331956266,11.197701541953979,1.0,0.941251214435177,1.0,1
9.55237103961049,77.54342823775825,8,226,0,2.6032882184399844,311.20426277999377,0.4111225458865951,0.3713342979923838,37.541006109279266,41.850924502200094,10.247151508475977,1.0,1.0,1.0,1
9.40438281843283,77.39533987910993,7,208,0,4.09040830966977,342.2660105995455,0.4107484371066136,0.37809891447659255,37.93482719421585,36.018783113890606,12.80650511549045,1.0,0.7022817278672288,1.0,1
9.526467880449768,77.45275319853508,8,222,0,3.9650087442239874,344.65586943400746,0.4033606230870639,0.37731298599420154,37.18329819877422,44.59210181923793,9.59960376531545,1.0,0.9922653974689045,1.0,1
9.624591513895018,77.65624892828036,8,230,0,6.106190489481357,353.6661706137293,0.4175879536783551,0.37629213356909835,35.62634670000104,40.312656925869994,10.505851484867435,1.0,0.8860248614566976,1.0,1
9.722953411556276,77.53533199968619,8,239,0,1.3719527372968507,319.18956943917703,0.40335286013530713,0.36563898360927855,34.838528429473556,50.072328881241354,9.287994506831188,1.0,0.9148502056477972,1.0,1
9.715351945001013,77.58973575198057,8,226,0,1.007948171674856,303.2771255497963,0.400801823404166,0.38215607788738043,36.085456113470784,39.13691728095293,12.07533515258738,1.0,0.9600094293629535,1.0,1
9.77530511217007,77.61161030778386,7,209,0,0.2918567469216253,299.1609918770224,0.3909484176969147,0.36023950690672285,38.25004022761358,36.49320802564148,11.604723639722506,1.0,0.8335304358501672,1.0,1
9.971667605113128,77.59633933354695,8,229,0,2.481333953138817,322.4131918186267,0.39126943679366694,0.35726208275505034,36.07911050137737,43.04201232907033,9.576273950579493,1.0,1.0,1.0,1
9.932489292949182,77.70047491563359,7,205,0,2.5856269878126477,334.47208210437196,0.4094753562392818,0.364271002107281,38.17022275000596,36.83118083315016,11.964613714123445,1.0,1.0,1.0,1
9.22201755122794,77.91712812750231,8,215,1,3.226353224740624,342.81176733007237,0.3540516271790258,0.5559683807030824,37.397766113526835,39.06480179123466,10.231691219065471,1.0,1.0,1.0,1
10.810126026685332,78.65815589747172,8,240,1,8.968069974493545,346.3381391261414,0.6137226447088007,0.5386486731467673,33.227561324233534,61.60019509738043,9.14091014331905,0.42674827609476523,0.3353217680099662,0.7968347723897276,1
11.1305682187887,78.41804794677375,8,235,1,2.840630926677196,338.46359072235344,0.6271624055288895,0.515743946110948,32.576064573575835,58.25565432517665,10.43180223274131,0.3661989198867801,0.3836827411678266,0.8572068825672265,1
10.850822663245358,78.50206792696828,8,240,1,9.065826572590087,346.2765012958628,0.6062977536435044,0.538293961432596,32.405406919581175,47.55489669084558,7.031501525349762,0.43281105331781705,0.38335989060790365,0.9745206283912651,1
11.615437095546348,79.2233213844559,8,217,1,11.448685116623864,343.24929117562436,0.5086582590726211,0.5006611397420394,33.67941869420664,47.630127972867946,11.524717370073231,0.20167427717746922,0.29420210800622226,1.0,1
12.361445100792281,78.36314498823386,8,231,1,4.337595556208224,326.88508996709055,0.6099927888797662,0.5115798536079887,32.13914338782811,63.28031526001068,11.016188971236556,0.07505547021067155,0.09798796176741789,0.7273997374476923,1
9.57453049134027,77.54126904882801,8,231,0,1.0342248512109884,304.7148645562569,0.45645710552138324,0.39033585056484094,37.17735863917241,42.680019816816824,9.734384273873909,1.0,0.8094683116212609,1.0,1
9.570987231339965,77.36906499460449,8,213,0,3.294410484077869,323.51552451973066,0.49377616902107024,0.4008690713721289,37.275684856298284,35.830273323918234,11.12413574935776,1.0,0.9978197228099952,1.0,1
10.664032306059516,77.45345368774305,8,241,0,0.9455649372253191,303.59521291956884,0.49125700273489714,0.4093242121569479,31.395872093827833,59.81189080096638,10.452165688349389,0.14926274989469954,0.2013595205641274,0.7249108344473183,1
10.785200999177578,77.03100973975272,8,242,0,1.5464892492084747,304.11136906710453,0.5194660746084501,0.4058283174111617,31.64659087337872,60.71525843663534,11.207161032187559,0.12300955159092772,0.1883048980433298,0.7493228342233026,1
12.85607090861765,77.63927304151909,7,207,0,0.3495157693551125,297.55134637885646,0.513541550189462,0.3990461383292996,32.927261887949726,55.86606699193821,12.952417121462098,0.14079214795951117,0.23105778837452068,1.0,1
9.730569319962719,77.49729418518615,8,231,1,12.820152169963723,377.88422861597127,0.3826992048320811,0.42664678400926204,36.25250440289947,39.90670147766356,9.72360700997177,1.0,0.7981516748747908,1.0,1
9.820617266248918,77.65609450556614,8,218,1,2.8440550434054463,329.9353635958705,0.41967148192196985,0.41898204617070767,37.74413942736127,32.68937619574521,9.916579132502758,1.0,0.8500495605230336,1.0,1
9.704818848244235,77.69551106526374,8,228,0,1.096330387197773,308.47801114306833,0.46354849568098005,0.6680894646862648,37.55978043076211,39.73594406555472,10.120541438396664,1.0,0.8682863168477926,1.0,1
9.033267842779564,78.09278262281791,8,213,1,1.9520226434156853,341.70758876287385,0.3821429259296403,0.37741400418114446,36.016277037419016,45.50674560147411,12.072664739102816,0.5667360373299567,0.5330929683195405,1.0,1
8.78943713178468,77.70189546440811,8,214,1,1.2916856096966731,328.94092186524836,0.39598789777152144,0.3657436977335963,35.146855595094976,52.10137378788375,12.658060061153089,0.4894988488276634,0.5018810462072724,1.0,1
9.353963616777616,78.70529569075099,8,219,1,2.813479357872092,332.3962644980466,0.41853232252563216,0.373335149693996,36.32959797756055,48.384381629341576,9.232159573707463,0.6396810460876602,0.50323757193505,1.0,1
9.243559192837617,78.62975177230841,8,236,1,2.7678526825987433,343.0979850958553,0.3891537344460607,0.3850984498953746,33.77171889977692,56.310497065306485,10.603517663077062,0.6071615868206087,0.5767392358229666,1.0,1
9.294479720722284,78.8800207078304,8,225,1,2.374335876107992,336.1840359730621,0.4152181078820263,0.36093329749544883,34.95642332470931,43.269513845890444,11.052966856103838,0.5361078285120197,0.4143076049346738,1.0,1
9.352606743216437,78.91053337545597,8,238,1,1.7274658327461383,344.6298990707418,0.38555671778092054,0.35395910529010616,33.25066131081523,56.775021503793305,11.026161046650886,0.5154876518189486,0.5097429460732692,0.9648999418581472,1
9.337966304661624,79.13840765414942,7,203,1,7.434235142952522,332.27812968088494,0.4207229928633211,0.370368886483972,36.867548048614125,57.139152801797216,12.695058916116471,0.3104997714198642,0.28205582171699456,1.0,1
9.255968117854485,78.94362800852431,8,235,1,2.052956428362902,344.50738901654614,0.3805203264258949,0.36113290201743165,33.848004196117124,52.16197115199927,7.868505004357847,0.479785276385426,0.40567981358419475,1.0,1
9.444496268868383,77.82189723399253,7,202,1,8.961905741376418,346.8631887617292,0.3863581655403975,0.3582389381285125,39.34157089828203,34.97988137823405,10.407811577263951,1.0,1.0,1.0,1
9.637673178084423,78.14088445319517,8,214,1,8.329601481309792,334.4611541514032,0.3801460730619781,0.3584267946209451,37.93537900335337,32.81623291289719,7.308509577322811,1.0,0.8444650182878599,1.0,1
9.493449580148742,77.76268633721341,8,218,1,10.499937820774244,337.52223830311607,0.3979563125522058,0.35347794566645047,37.20878474192737,44.69784010447229,9.616827299387397,1.0,1.0,1.0,1
9.799909995783578,78.04898568144476,7,210,1,2.8607902872424456,341.1334995758706,0.37112618912285217,0.3595076849369899,37.54936447528434,37.39081170907704,11.37425414052334,1.0,0.7886992325664963,1.0,1
9.835939174017799,78.5512746585842,8,241,1,3.149089745283204,336.7974390288316,0.3886311665360098,0.3556854676997964,34.35714567197139,52.909431707395925,7.392305073537354,0.645118823298587,0.5070145785158642,1.0,1
9.800104055965582,78.53585886108158,8,237,1,1.9619812559680652,328.1942369431293,0.4078691609897974,0.3556831954609294,34.33792382894267,49.1650788144967,9.783815495801965,0.6899916768693322,0.670012755489773,1.0,1
9.822709743077422,78.23337409310372,8,224,1,15.907024802363344,348.49808400695616,0.37232149005675713,0.373202125466608,37.34399420549687,41.89063694639256,10.143047601122257,1.0,1.0,1.0,1
9.870149904791422,78.23422787982959,8,219,1,17.537260423285513,350.2316236478908,0.40549860710306895,0.3672458537194881,37.1168990124474,40.2040583137215,12.054447072847257,1.0,0.8734206484607122,1.0,1
10.570470516825065,79.64634154784304,8,232,1,17.070295960436905,360.4128587178766,0.4240314885180473,0.36256973686999394,32.34249887651536,58.84487209977953,11.002460570004562,0.17688061045487619,0.20665694990188924,0.8424824191938217,1
10.842532887165886,79.11411112238164,8,230,1,12.826861142888673,348.5127598130097,0.3962758991219319,0.35578409773503833,33.26981017177248,51.740356163586696,11.906486315333554,0.2887768792493484,0.2972396544512272,1.0,1
10.930995092930107,78.40447652695525,8,220,1,2.4832409930235935,335.8228687721341,0.38901857984121846,0.3550710354163448,35.687847797611916,46.98638220038355,6.953570837721296,0.41304276152476266,0.3521042018808176,1.0,1
10.89026104456213,78.7443751118746,8,234,1,5.117102490985383,341.5904891312222,0.40339514307999896,0.35378451123932664,32.469355858917005,51.98360288035872,9.447620836773288,0.4305394901480146,0.4445392979474371,0.9569377420509442,1
11.249379163643304,78.15330845187034,7,208,1,6.940467114210415,335.12913189596355,0.3879350040728917,0.35368510070610026,34.69495315165745,52.56176135583197,9.306828999941267,0.1955613338796525,0.24273181343063416,1.0,1
12.055446359854743,79.93709706862496,7,212,1,4.50143134166624,335.88252635599935,0.4604866226800993,0.3766273809845118,32.79763087673331,49.3924635470608,14.56223575827297,0.17036671121608662,0.1782429499295139,1.0,1
12.67350438187699,77.51727655191846,7,201,1,11.320185414356825,335.0034433164253,0.3951843377234749,0.3725232987070774,33.445068679338675,56.07195537998541,9.782751087899022,0.16976518841815336,0.2541326828901285,0.9578676863309472,1
9.687856624545201,77.60675229628909,7,205,0,2.5845846987589196,302.5602786191235,0.4569377850086329,0.4854269649213143,40.26754805319548,37.041353061027,9.777549387847511,1.0,0.8468491195866491,1.0,1
9.73627752313211,77.72844832212057,7,209,0,3.1228021144887306,334.6117977589053,0.45664347889517565,0.48330788433808414,38.81743268610666,32.66201578517957,11.57417561088979,1.0,1.0,1.0,1
9.717505484732689,77.7373628390968,8,226,0,4.773975734745257,341.04968074238684,0.4729581778909604,0.4753912058073129,36.40731922070558,35.99031529430444,10.51946688673766,1.0,0.907591632156561,1.0,1
9.66603174383387,77.59959422786271,8,236,0,2.4458277326888105,331.0041698950726,0.4508467687960627,0.48050419700104074,34.50966695986327,43.25490226934942,8.846677837795383,1.0,0.8079169801862163,1.0,1
9.724715743182832,77.5961199767628,8,225,0,2.468220991863341,330.9798375220052,0.4656473663597332,0.4812086169094944,37.62132062382642,39.97675967740285,11.864675176792899,1.0,1.0,1.0,1
9.713362682970363,77.55916673225215,8,219,0,4.7992947385706906,322.6782513141911,0.47807439291199977,0.48829770490446034,38.07191098098491,32.45711267671132,10.068635447057128,1.0,1.0,1.0,1
9.639867504379584,77.58175776987605,7,212,0,1.0774645601900787,308.6680618363166,0.4471896607944166,0.480920122392881,38.41297969034457,40.35506338489601,12.153974153250871,1.0,0.8334441499597683,1.0,1
9.69951467145449,77.50507725169399,7,205,0,2.1447932479735448,319.5265002506134,0.46551543358112507,0.4811135874769854,38.76357657502129,33.29520877586589,12.43428320451823,1.0,0.8961265504978395,1.0,1
9.761123678929463,77.50006295366711,8,224,0,2.625370898729753,335.6528799309629,0.48060670188252014,0.4842918151175337,36.645089652539745,44.91548494297934,12.2849910409601,1.0,0.9818168850845653,1.0,1
9.762489678192756,77.49064387917659,7,206,0,4.209257506156006,324.18873282879576,0.46137058172795087,0.4726486782285987,37.98577372506518,33.23832344542403,12.474157859200083,1.0,1.0,1.0,1
9.707152496731762,77.68241359048436,8,233,0,4.421847878402622,327.98040563904084,0.48193729529006807,0.4565123531320026,36.20566109791932,36.397799439419536,9.713235444938876,1.0,0.8816922799348169,1.0,1
9.771524095635018,77.49999184439612,8,217,0,1.7172097073416428,321.03578405791126,0.4512621180325006,0.4504734964457457,36.79574679116777,41.62353915644615,12.634349161058786,1.0,0.793211191200677,1.0,1
9.656403115211075,77.74107736090943,8,215,0,2.141107646962366,311.384380810039,0.46295751906264515,0.4661950473379492,37.19873555803685,39.68951010565627,10.056387091084414,1.0,0.7638907269125897,1.0,1
10.349080851326466,77.05832354761604,7,202,0,2.5981633296580595,313.88800135212904,0.41206350155044,0.4316258552258728,35.92103771222473,49.872026736782516,13.152367646147457,0.18732614043234597,0.17572311613871083,1.0,1
8.647402152569441,77.99495449347478,7,211,1,8.864409126189502,344.9464628914353,0.5132008489536397,0.4061107693252819,36.06426811269532,50.52625232672216,12.729171100430898,0.3571600513165905,0.3325236225603451,1.0,1
8.8452096295261,77.69842619599942,7,202,1,3.9955515921270504,331.2953421506629,0.5773519455245113,0.40952512050578466,37.91011943357564,43.258812552170326,11.189476114895946,0.5452162325394809,0.5457460146136096,1.0,1
9.126497613857675,77.43377692603556,8,231,1,4.5875912299370585,348.0007432218001,0.5357033037420502,0.4214088705145699,36.73932148279581,53.83123781080878,11.43163646995475,0.8808881949111844,0.6076225611486961,1.0,1
9.406374393323395,78.89753452286459,8,222,1,10.130985880083545,338.55751737515095,0.4922357933061264,0.4187999128960808,34.9779403836924,50.12623506306343,8.783414072494772,0.5168547310676119,0.44194125522418354,1.0,1
9.642969660084464,78.61863059393433,8,234,1,2.927415804626596,331.64845550676387,0.4873455756790621,0.39515725090657644,35.73576586279548,51.84754892338448,9.040320027371882,0.6608206845204029,0.6948392432721597,1.0,1
9.637424309535753,78.03302642998132,8,225,1,5.158486894136348,350.3519303157038,0.5306006140563772,0.3993765968480943,36.07427622610611,37.221903345532176,10.521918067309159,1.0,0.8578223093702659,1.0,1
9.814911326610021,78.07565434133818,8,241,1,4.833956122917438,340.4594939707796,0.5338273400997353,0.40604142856266745,35.399425333421405,43.11531213454833,7.034629442376366,1.0,0.8227490028406703,1.0,1
9.641270181346549,77.34427428444073,8,234,1,32.932898245587474,366.0431846778663,0.5537306063488091,0.4214575563688871,37.17653424310405,42.12261373525646,10.514777149653579,1.0,1.0,1.0,1
9.638758988952409,77.59099313138796,7,208,1,8.405102657143297,347.2987858828037,0.566983332592268,0.4273028265629911,37.31000345674675,42.353880686001986,12.177316830744115,1.0,0.8105876789368638,1.0,1
9.890584661760368,78.17894804032086,7,206,1,2.783312394769034,335.37753477066263,0.5133664954637686,0.41551313720752225,39.26466687915388,40.008078784382676,12.538847093999188,1.0,1.0,1.0,1
9.989564101741408,78.00863318586192,8,238,1,21.134194121599407,359.1499245062446,0.5112145423607722,0.3906210592185903,34.490581820110705,42.329579633090155,9.415230836408405,1.0,0.6698344268267791,1.0,1
10.343969601655552,79.28975760232264,8,213,1,6.927762646368171,348.06648169908203,0.43666256122020813,0.38043027992065787,35.309222656795136,50.15199303283084,9.421705237384845,0.16070752204999542,0.15680744741277405,1.0,1
11.91501818547109,79.21701844794369,8,233,1,8.902097127360038,349.50568089040524,0.4168536683650438,0.3623755881316666,32.34803791690737,58.2765543181647,10.28082902742478,0.17234893376378013,0.24351679336932214,0.8330223042234233,1
12.119283859746368,79.83280631344877,8,227,1,7.0207235230454215,343.9162236517995,0.38995233747905433,0.37656244085732815,32.21711785193596,55.53425384339311,12.006097517105237,0.18894914783595468,0.19262307241243526,0.9369669496621329,1
12.599887470157011,76.9377570320183,8,230,1,5.809748421198261,353.72238364773756,0.5268666247707857,0.43830394988634486,30.65549350909778,59.81751019336894,11.738627386616919,0.11652087885030366,0.19508715405044447,0.7032896717372841,1
8.666658451300416,78.03593915607068,7,212,0,1.119465719795385,321.17196463645075,0.41726877619223607,0.39548453939164196,36.73707289123995,50.73686966312404,10.693308547197576,0.35350546986467,0.3269093746166596,1.0,1
9.166093143067842,77.43329564184785,8,214,0,2.0155043193368516,315.8700576683283,0.3891221034744702,0.3591113481473643,38.22063827046561,34.64266529785607,10.338895032133019,0.985028360629986,0.9876426579638562,1.0,1
9.352569084900239,77.34898640415616,8,224,0,3.5703556118916926,333.50123667406706,0.40056143591944793,0.3789778704656916,37.16870568834399,39.46927199978947,9.82351760590344,1.0,0.8055321313170027,1.0,1
9.408961075918716,77.54820636746074,7,202,0,2.46285570790444,324.34765933812474,0.4063177656889867,0.38084344092850086,38.765111412033754,44.185822455712135,12.010222937919746,1.0,1.0,1.0,1
9.446839486904674,77.36630559202385,8,214,0,2.8065576200099405,322.2881228691275,0.4062317539640016,0.3834815987250472,38.06499347847224,36.35064742349326,14.24176179454089,1.0,0.9270411010291041,1.0,1
9.51234840460747,77.50040761676797,8,222,0,3.9095943156507937,344.48334288883314,0.41575057722132513,0.3611051508196193,36.66170345272533,44.726491453320534,10.708469990590592,1.0,0.8988744120888102,1.0,1
9.624793311394402,77.44982386546324,7,210,0,3.2353849870803812,340.18972151182425,0.4186527638593284,0.3681808893009699,38.329745915690985,36.30384203128917,11.448011777349697,1.0,0.7196565800305383,1.0,1
9.676933811892138,77.6063067464185,8,213,0,5.0721277251261965,350.0347177609143,0.41562780053439563,0.35969566387435387,37.81419176069299,43.5176102077133,12.3018359535305,1.0,0.8496740486206926,1.0,1
9.735660609009194,77.53839506032897,8,242,0,2.217981827939049,310.02557908982175,0.40480699837387707,0.35239944991681404,35.828728871892174,48.489598807392326,7.710274069472096,1.0,0.9942985423643175,1.0,1
9.718651007557167,77.56620558437665,8,213,0,0.9436655585050004,311.3009565235869,0.38823056618364515,0.37588346723100335,38.15584895952211,42.27794332247544,11.259435671964122,1.0,0.8460824977165944,1.0,1
9.813998088905576,77.61386958738797,8,238,0,0.3508765813852906,307.6592852253828,0.4177380463667971,0.3674641538620464,35.079343796640124,43.62831708744378,10.474342017851333,1.0,0.9672350514000514,1.0,1
9.786059388725096,77.65168331247736,8,240,0,1.8772515208850036,318.3477775700697,0.38699441579069227,0.360680324580852,36.73603890601476,47.869631394094974,10.357445437516146,1.0,0.7928897597838072,1.0,1
9.951877424260594,77.71188024728256,8,229,0,3.5013636692674157,338.44953274444856,0.3860570953004186,0.3828428460500856,35.48635656531621,38.71852517475088,8.981749763862611,1.0,0.7682609267095121,1.0,1
9.147867074918018,77.9469407311286,7,209,1,4.453342740374894,344.45732227773124,0.3534324958045956,0.5697537964788145,37.60192942317241,45.10464064155721,10.905139090564694,0.8581300165462722,0.7974241405669157,1.0,1
10.899391893574359,78.77138946365339,7,211,1,11.504561248578712,344.7634644795097,0.6044163336802972,0.5562168568922673,34.188524865577484,49.67512561169999,8.970862220304904,0.42312161875064436,0.40024100373887983,1.0,1
10.875600252572978,78.52060330205536,8,241,1,2.9349497503023616,341.8201215849888,0.6108883579191482,0.5455479648277652,32.581209317293336,57.39706538532772,8.239624607533974,0.4434331854203402,0.34064295930316574,0.8082098146414876,1
10.937847514890398,78.36751301411367,7,203,1,10.090628424365343,340.5870013644577,0.5803108533180837,0.5495681935860037,34.38102974275746,53.812676265616425,11.987413509917921,0.3950812853655436,0.41182812383748485,1.0,1
11.645204530236112,79.20801133565871,8,223,1,12.414854772475916,350.21028931219405,0.5447351804011469,0.5136666124398837,31.7307005164009,57.5124499895226,9.93264371807669,0.20363905305609253,0.2599785598745642,0.7876768261228028,1
12.22817951700757,78.20344905508547,8,227,1,3.972616120319614,329.35940582212464,0.5805011729452345,0.509114019644383,32.216818145098564,54.36445086940391,10.991114253224785,0.08466533296432795,0.1321948221710748,0.9312193687402903,1
9.432211089093713,77.59249477540558,8,237,0,0.7902863650619366,301.2062803848607,0.470231272872625,0.3826011600261468,35.83340121406908,43.18212867526425,10.228197860526787,1.0,0.7945718075490379,1.0,1
9.49624120466958,77.55442471167537,8,239,0,4.08268410678303,324.7241930248755,0.47146016283819125,0.41660315090457856,36.57624166370685,42.378807460277876,10.410462077488582,1.0,0.9116812593880056,1.0,1
10.62585517902965,77.3865112831402,8,214,0,0.5769440181103195,303.22846611495,0.48178985394603835,0.3855278875215921,34.7627526252862,54.66719403284771,10.816296643047338,0.16751135265330885,0.23059803350908575,1.0,1
10.878066144298685,77.11536319487098,8,223,0,1.0403275590332899,301.2834632191746,0.5335391153148926,0.40554027217764466,32.76341663653287,56.30946733711762,12.920160413283856,0.11918070610463334,0.1274701748562888,0.9938293473569123,1
12.721714850588054,77.57782313965765,8,228,0,0.38118910694353175,295.0,0.4865881624723112,0.4145063514737931,31.84655365234325,55.318420361872434,10.749095165375243,0.16506464258696968,0.22178511080912694,0.8716015757938598,1
13.559967608408286,76.43985841570439,8,226,0,0.9623659467360741,323.8744276496453,0.742958704218937,0.7183019241801325,30.783090092808795,54.05165537356904,14.71748425910158,0.00022102340743098797,0.000605249653297165,0.9351421047516786,0
12.774667794671188,80.35197389972257,8,241,1,3.1432376012242647,320.63430105261443,0.6278442734092797,0.5663415692968247,30.015547884176616,69.5213947985993,10.291493978822546,0.003949073468113091,0.04837341568521482,0.3890960705507158,0
12.004748865367933,79.56721895139626,8,232,1,0.36504988533923166,307.6311787883575,0.3869450934796426,0.6285487795774032,31.349213452966037,60.14195719427549,13.278475336542062,0.19311504101429425,0.12068578225261847,0.8020099821413205,0
8.12578129446905,76.49056314776328,8,214,1,3.272555484349332,320.8938411331732,0.3810251910029572,0.40236684232190983,34.163401386434785,63.91880345779787,11.677677039639459,1.9700693858617976e-05,0.10010986269383564,0.9025707795183459,0
8.382913694062152,78.38889625052019,8,217,0,0.8478674343179762,316.3611487176791,0.6763476773639752,0.38580213031385924,35.375240357591856,51.228895326862094,8.129029984860793,0.06822159487709119,0.08612393947470517,1.0,0
12.446495751279077,76.16077602635696,8,228,1,2.3583171939666108,315.9925062503839,0.49428143344122843,0.4914735106068837,30.991517454282228,68.8847271269228,15.438071350202692,0.0039168107439031385,0.0,0.6454055813968465,0
10.108091183469424,78.70874252458003,7,210,1,1.3892389076110803,303.3530344546615,0.719713514624938,0.5581738157084564,36.828847633684504,47.161271247373634,11.030238827813495,0.26090031696342875,0.13504192545767882,1.0,0
11.743218513770667,80.29266315259366,7,211,0,2.4391193064875787,321.74147137692336,0.3972989740205899,0.5802007805318512,33.80474028260163,55.92019962747045,11.817472749808143,0.0318115465188049,0.0,1.0,0
12.139417111441684,77.6937647924331,8,229,0,1.0696713930975097,310.808203126113,0.42951480477409654,0.481915383315878,31.432890920694664,65.0195259133492,11.779262996780187,0.045597518805037006,0.0,0.6537423028550651,0
10.364231394140498,78.33967580063532,7,209,1,2.2758546878020427,319.2774662001556,0.659266999724008,0.4590649180737353,34.59992602566101,54.587635453937544,9.123152656360926,0.2960524800787939,0.16886518291064997,1.0,0
8.802937803924365,77.04677749915231,8,234,0,0.032793040854256716,307.1885709686258,0.6889897766912157,0.7425642169297998,32.857198167793314,62.30516337113014,11.74800677991701,0.08794635451994519,0.024805189101738668,0.8317769842745129,0
10.165489217243586,78.4883527036729,7,208,1,1.497817830468808,307.39208797445997,0.6968785377143325,0.45906476797759527,34.26109266769267,48.87807900313386,11.231839440861439,0.3962940224731145,0.20311955947227966,1.0,0
12.877871276984186,79.69184347621947,8,219,0,3.3055575162487565,323.1525403195659,0.38965570610058875,0.40516996331383226,31.541846781545736,58.138336113797514,13.208943867234101,0.007989128435499367,0.057788892293504465,0.8604148140065989,0
9.854080362579081,76.99018806011125,8,239,1,1.852026346022031,311.9198381919224,0.5027209209953877,0.4937838657546687,31.643361088134924,59.51728695092466,12.25356131957347,0.4226775300611169,0.19120996610997984,0.8083752830051445,0
8.35083687852961,78.54603910503678,7,207,0,1.997044395959863,301.43737712119207,0.6085545412412732,0.4715485257523986,35.70819363600921,57.068443680318,9.116011256865876,0.032482527512959644,0.023966375817086646,1.0,0
13.371135936234777,77.6313590747424,8,226,1,2.486307351655972,320.0569595287692,0.7175182466726253,0.5186940804023197,33.65521103275343,68.41803935249943,11.250174731113773,0.019696922027865646,0.06996631670308781,0.7468791163545481,0
11.811790690253662,79.44021155913929,7,204,1,1.7368383953359294,305.45352053639374,0.4456060124167063,0.5994854945491368,32.49520386790822,54.56234459630595,10.378617411870394,0.19382898804864582,0.12320541896643473,0.9308800143065024,0
11.028797810850369,79.22937784500313,8,239,1,3.4683069108952544,321.0900900674166,0.5901371533921533,0.5912591732997224,31.404340467609437,60.545110218336404,10.047001019881037,0.22207184789102474,0.10415474591882644,0.696661371542371,0
12.643001141414931,79.21443241812479,8,223,1,1.6132986793927544,321.9945570713718,0.4074077181794027,0.6293159541660742,31.994154825459805,64.27022117873537,14.009776201613636,0.010145020817817953,0.0,0.786869048894624,0
10.302499797343737,77.73789441513222,8,222,1,3.7702097369730025,301.74638431771206,0.6489114845688464,0.41267402824563276,33.17906562222048,49.75075564111494,11.825070321343556,0.5464552805891771,0.18081980236376122,1.0,0
13.516648446459333,78.75668479366419,7,210,1,3.507752093297033,313.97830146178524,0.4010097826678217,0.36837774559759123,30.84248041787311,66.41680738842517,9.642713704485267,2.1208762056069775e-05,0.032946681112779916,0.5067235627895865,0
12.802409188627813,78.99499184495777,8,214,1,1.6843511306359407,323.5565785338443,0.7499929953768956,0.6663239198913814,32.79219790453993,51.813358849749235,10.487538442644146,0.002233703326654552,0.0053454605544046956,1.0,0
9.571050553273547,79.13174427290075,8,219,0,1.4632034983945488,322.3420707515008,0.3869067598749759,0.43686105584304796,32.890122797808075,56.086274112632076,13.087103039296823,0.239229491321797,0.08545074473368441,1.0,0
10.077868728194783,78.64617922857283,8,225,0,2.7065120756006733,312.6058388653816,0.6241348624152201,0.4762660015558685,33.036761245544334,50.82340307460883,8.269882541162135,0.3336530353366295,0.2263680287075635,0.9931994204375927,0
9.544160599511295,79.98730183538683,8,225,0,3.02122699469625,316.33183668646166,0.6608155336659531,0.5322718857636553,31.70002679929487,58.598535478573915,11.959603451087705,0.002487511438928934,0.0,0.8243279415971987,0
11.692308719950137,77.144473464642,8,219,1,0.7434463092983523,314.5022888438178,0.4531959133826571,0.6365225473375886,33.36644116329314,58.0709477360224,11.197280846571354,0.006218051977792047,0.007845766559478303,0.9510973959292854,0
11.580258813977466,76.25671123106233,8,231,0,0.9641808127459295,304.8780803097529,0.45193146772649606,0.4154337720264012,29.997170149004912,65.29670267151742,12.351623212533452,0.0004177222633747729,0.0,0.5458256784416926,0
10.926032891671216,80.42751588781947,7,207,0,0.5850100665939717,315.6719417885177,0.5884588206400081,0.7109609059937118,34.524369670785845,54.533212000952965,15.7905388516357,0.0025986123777115514,0.0,1.0,0
13.408706097607853,76.27937514246979,7,208,1,3.042767512753274,307.99538840401954,0.6021898339519896,0.47861093367661456,32.09921254606182,51.05583830347072,16.323022829895297,0.00031883779338573687,0.01124150324662073,1.0,0
10.644741613795063,80.153596016643,8,239,1,2.8576074599163395,308.1113263006998,0.638210390466319,0.7430650771356271,30.37606997903028,60.58791173909275,10.475176056274659,0.02566486447120149,0.006965252402969937,0.6234014891423786,0
12.388845407500765,78.81651070998943,8,216,0,0.7562152572735048,310.0797158625725,0.5821175950727703,0.4641650251954499,33.65912556977415,56.847594054539336,8.348708570916706,0.02298198697130491,0.04436169336715021,0.9136555168881186,0
11.68533265618935,80.22620577244716,8,236,1,2.147499144617372,320.45224520010527,0.4197867095881728,0.6402612063006321,32.68834856771941,61.547494509253674,13.092720997648824,0.03536255747150279,0.03887054642797695,0.8765655893919504,0
10.901835664810143,78.59878808058814,7,206,1,3.056957436813599,305.72029981828575,0.7196573898617098,0.5006676448008677,34.84434698616421,54.64662320480496,9.715703799802066,0.4549925577230348,0.1605948817293815,1.0,0
8.23573260038383,79.77664013726691,7,205,0,3.7881146509734913,306.0190000018904,0.41664463028537846,0.6846350943495678,35.57094399631299,50.93048035689935,12.663364854224582,6.840525673797977e-05,0.010819927559108865,1.0,0
11.681972133392737,79.31793521087886,7,204,1,0.7140906165241256,300.17615792655727,0.5760954073487532,0.5349626369694394,33.85647824379111,53.622638116829926,10.149886796455746,0.19961130838094093,0.0873990401350885,1.0,0
11.59853247194686,78.41551581483908,8,214,0,1.217319119558757,303.7201648540545,0.7180011378645128,0.6982127543787162,33.664828216551,59.32695967784543,10.11689958102072,0.08856608850078464,0.044964688013363896,0.9142896926673603,0
8.69929436971827,77.67128851378665,8,218,0,1.3933591345562952,323.4883028977185,0.71518783658053,0.6515754500686037,35.8553377538417,64.1955282423971,11.653501213871015,0.39623800805474807,0.21800654840991876,1.0,0
12.457123862019728,76.01315149516637,8,242,0,2.499909436532837,310.4128786921554,0.4171625899242595,0.5844114383225603,29.564306934917056,66.32397180126162,10.923263763313251,0.0011359059181865624,0.03291890074069636,0.44228930826303553,0
10.615166867292235,77.15416426301913,8,225,1,0.5456754008359486,304.6839526155403,0.4454410782923826,0.44999597186312423,32.97486679513258,61.009324913224255,10.531386885202657,0.16126428443910462,0.04290724566968365,0.8323597416853143,0
9.81521768066693,80.37812731898013,8,225,1,0.7737162770055712,323.17636345816663,0.5907402308238068,0.4539470876243641,31.324470210211594,62.3257115681773,15.412160070765413,0.000299039859188578,0.028801900500028465,0.8180978182140008,0
12.614172560737408,77.26712450017895,8,215,1,3.121747349567945,300.65082883288665,0.4848657332312588,0.7465688366134711,31.51008118339686,52.37832082261034,14.453418694233807,0.15851337925837436,0.0392097255621065,1.0,0
9.922877373187813,79.45852123624611,8,224,0,2.168214663424282,311.6199932793615,0.6423532957913132,0.720155198786633,32.08226241739468,61.55795342723627,12.367246988660254,0.05209500020701053,0.018217074479338333,0.803154927017717,0
11.482364431189428,78.33908902684414,8,221,0,0.6415449261138328,319.3104512550604,0.558961728373627,0.4053673559028259,33.562540445106215,49.52418385647385,8.522583684136105,0.13103413957160898,0.024486439208453444,1.0,0
11.460322888156357,77.41916616941208,8,224,0,1.5537309920329014,318.54780491072734,0.45643602237767555,0.43162580643166937,33.40224954085182,56.693869625374255,10.183862767778244,0.014101974841945645,0.016452431744138903,0.953013848222405,0
8.295713502410296,80.55902986522695,8,222,1,0.5379767813269312,304.5412143718997,0.5144151670449371,0.3927257544964109,35.57388384344718,66.33657852183397,14.553254427826925,3.58574702181845e-08,0.028336527137929095,1.0,0
10.367868331218409,76.21608213661405,8,221,0,1.4507600049473677,316.98695216106637,0.6264444284312956,0.43053511940749667,34.05499621110732,69.82882928725665,12.258137879408986,0.001960379947189587,0.0341611831409683,0.7803425088292154,0
9.247560999618957,78.67755468978051,7,208,1,1.6007971808465427,314.9349266075004,0.664056543676294,0.4660950312875835,35.685528463713325,44.552640275018014,10.034243429712863,0.6047764541695863,0.23869446639496258,1.0,0
9.117595706645913,78.12298379364466,7,209,0,0.448441646501585,316.2066291875824,0.4978243960578269,0.6850507727100841,35.76166931139885,48.11387720274117,10.459673973944069,0.6292894212316009,0.3304609714433397,1.0,0
11.667786576312375,76.35202148462949,7,211,0,0.23933370474416815,306.3865155750657,0.39199415334582643,0.3880729003971455,32.646735575499925,64.085913102016,14.154433392955934,0.0006832183475856346,0.054319443697339896,0.8498670503322889,0
8.063895973600221,76.98484254675063,8,225,0,3.5264075610301227,319.45762531276284,0.4913108028943787,0.7028482264010498,33.4481402509297,62.213614700299395,13.574353068117958,0.0012929839634333213,0.005571369296042628,0.940129894282841,0
13.426842278001178,79.1935130789183,7,206,1,3.5505923585608756,313.42170022340963,0.6021882878354015,0.73877205257078,31.628305574146495,62.217119104368955,12.837873193036575,6.359995826028014e-06,0.020028954801498074,0.7653841328086242,0
10.214189633626997,76.4983116970498,8,221,0,0.010315500850599513,317.40187314012803,0.6539328643385608,0.4626960273652557,30.50482258949102,56.669653277304675,12.10019059714394,0.013748704760549171,0.0,0.7719849880115626,0
9.673299759291469,79.68471550852867,7,202,0,2.564816385696546,322.54976423727277,0.7018636954543936,0.5324935382968403,35.05003201356356,52.268851752945544,10.591818398897006,0.018159893819390042,0.0007703869878532147,1.0,0
13.151856639649761,78.87528057217972,8,218,1,0.37471603015591937,320.5319345493727,0.7347767529034159,0.5617313494496136,31.880502905551236,65.02009959469956,8.853155226203963,0.00030727093891344754,0.028220157112268,0.5995896852881533,0
10.725363995798332,76.46394493646459,8,223,1,3.2405665821252714,318.77609929264656,0.5617456697977053,0.43227573314293566,33.644536700128114,51.57955700810967,13.896147988489448,0.015770344983435294,0.056469411114245575,1.0,0
11.440221408317555,77.31934729231094,8,232,1,3.518249568615006,306.9515699863503,0.7020829772603512,0.6426305515746993,30.85450034123456,59.71238848010574,12.02536590552913,0.017274398436214033,0.008327943325003952,0.7311701912038711,0
11.896764192366984,76.63101816679557,8,229,0,2.4664606214809037,301.2979947037948,0.45483120705025304,0.5819995198355871,32.55114300167154,58.91524013760095,13.75032137246767,0.006403347628017285,0.10337631994973531,0.9441763455266665,0
12.879903131512995,79.66896595956572,8,220,1,2.4526218288117683,313.791467111746,0.5738606857701459,0.39487094200379125,31.611825877787627,63.86859575283351,10.694894690343757,0.007670846326559164,0.03130006112033428,0.6603432654925778,0
8.726555142975513,78.45161427557807,8,232,0,1.485926036214897,300.8283132772654,0.5657539703457899,0.7083929250524069,32.9539553594753,61.73739019895874,8.123347151765671,0.1832847445978816,0.01129628993288358,0.7391866518054248,0
8.457257802915333,76.0130177088963,8,216,0,0.9978758774514467,317.1405545812491,0.6574776564709992,0.4708770768357256,35.14468940574868,49.25879590862501,14.538395179062313,6.112502074596535e-07,0.05861567785144586,1.0,0
13.564780392274539,78.4973567772495,8,214,0,1.9970833166129855,317.6837201111105,0.6592491398009005,0.41249892670855104,32.10253046248452,61.232360042343764,9.977089952792934,9.111729040302854e-05,0.0,0.7373869319575169,0
8.049749289105995,78.22089694761877,8,234,0,0.5348688939062161,313.50987026972786,0.46413718332918347,0.7427417606561614,34.29074342649208,54.02902200481929,7.669219592345312,0.020720847200771404,0.03988776016423248,1.0,0
11.965890620244146,78.95815145376552,8,224,0,2.688899579443655,304.0356459009922,0.7043445736279099,0.3911635988046789,32.58378390218217,59.47837254750884,11.494061165589763,0.10608990692918471,0.030651380123270136,0.8638742355507756,0
11.421966026968278,76.16028265524018,8,215,0,1.880347581518874,321.01731442964103,0.706597193332747,0.3738786738553481,32.63942143515929,53.50131412680726,13.426346293929157,0.00038270965028266676,0.0,1.0,0
11.094285721571335,76.16295864289202,8,221,1,0.7104060241237229,314.30210956811453,0.7292966103025033,0.44502120273206175,31.355489167081327,57.01413053007547,12.91793850682357,0.0011805329823360736,0.04940693743222999,0.8607734415933366,0
12.400636571408523,77.60709328343864,8,215,1,2.3532570111571314,312.3574068017786,0.5330577309956681,0.47770596695873974,31.775600366857002,61.559126954899604,12.974981536142947,0.10838758235199734,0.05130796158684919,0.7965653823558927,0
13.557848506758567,79.16727524234284,8,217,1,3.181311346342916,313.6222022290093,0.7449657296586387,0.5235210664602806,32.682132507028385,67.34666478236367,10.556810907386135,1.123345138749463e-06,0.07177055606336914,0.6679299435001005,0
8.262560600365994,79.066167225908,8,219,0,2.3551978466685237,301.9892900835271,0.6639645323057193,0.6240680872218044,33.61574226870676,69.72283497360279,10.858011333271778,0.0027457360032103785,0.0,0.702339488254689,0
11.44137075880181,77.28001246436718,8,216,0,2.118645646626177,317.77048931373423,0.6112749528853916,0.4962853536919615,32.00909415293135,53.63454081681938,10.797118923025934,0.01798054661650528,0.0,0.924066905381742,0
12.013954943818684,76.99391070498932,8,221,0,3.39086991252324,301.45861401333707,0.5229031881216722,0.5737334442811919,33.095554966040176,61.72403818002767,12.43373274584886,0.023525758580796523,0.015340459276118473,0.8859828803660654,0
9.713260114568904,79.14237774795288,8,234,0,0.043021540003319814,313.8813158043818,0.6869724883233002,0.3523245702520118,32.82792110569057,58.41867432686937,9.21267406654632,0.1647787406992697,0.1877747710531568,0.8364745050122452,0
13.000023755557214,76.1247185862155,8,228,1,2.4669905113385178,304.0621700896909,0.6556550219899462,0.503959872740877,30.115056669590622,56.157705638332,11.046448622849624,0.0012730253148334216,0.04559528541937402,0.7179516721892248,0
10.559159912118385,78.5612033257945,8,237,0,1.6387687327782698,304.984846535192,0.5842233060961941,0.7279874701693925,32.575066225831456,53.64211043351644,10.727981819053438,0.2814595550899817,0.13545794019731985,0.9689024965865649,0
8.921079386930902,77.95085375340298,8,237,0,0.7742645946306772,305.59810201698815,0.7488583548026955,0.6599386822660068,33.79677507403825,62.23518289903274,9.901347733011615,0.5716839214123631,0.1255861212201963,0.8539220861812952,0
12.78468376971368,77.09979936250197,8,235,1,3.9183114003443986,300.343335323723,0.44978454623762526,0.6463202276466138,29.112133199514776,66.89946953267882,9.942397783009897,0.1271336899684566,0.05842724734460539,0.36116726328576126,0
13.280383474378006,78.39337121092933,8,237,1,1.6152553165887573,321.4041319467282,0.6067016365146454,0.4718063905984081,30.795613385061408,70.3915012171287,11.12935615642393,0.0017400222345839238,0.10221163048399687,0.4609490238182828,0
8.557283542864964,76.9989712204649,8,243,1,1.3410512497688902,319.3016465157566,0.47845086622066957,0.5452704692697437,31.814217391720586,63.60907957678883,10.544577912656454,0.023689029940178217,0.04640638680929711,0.678278851818589,0
12.209412856065498,78.59587938552652,7,212,1,0.6760337589625869,300.75087474399436,0.5331372961366099,0.6878094009152036,33.28251770590265,59.396430239639514,10.982866495944446,0.04807014904204666,0.042932892444861336,0.9079481592759399,0
9.20407962732523,76.68527964664118,8,225,1,3.9910638049819362,301.3676661119872,0.48557859765754385,0.702062267903802,33.3354602471797,53.87694593190298,10.168246305004883,0.038558909680885864,0.06099530831655776,1.0,0
8.037644418946522,77.86618739562023,8,226,1,3.424205424118707,318.7890443394407,0.48382208210143096,0.6342172117164517,34.467383646779425,59.50532623595703,10.817009668632688,0.030220258357238326,0.0,0.9990840507995673,0
9.459437408158173,78.3479611424021,8,241,1,0.27988967469980475,300.1632789016728,0.50073044338943,0.5326165724277032,35.25013927989361,54.866688378617035,8.439843442292982,0.864098794713179,0.29695783346268184,1.0,0
12.787495077236184,76.1458247290016,7,207,0,2.2630155045087332,311.25597392899556,0.3726718305879997,0.3792660180979722,30.966076151249823,61.40044447741278,12.92496488419549,0.002961472327066458,0.013854885144444771,0.7310682879594212,0
8.7906297099889,78.80929930616023,8,239,0,0.5896048435018635,302.5751341030634,0.3659444333391826,0.3977413234208602,33.1813265985395,66.52760571962014,13.105965013795375,0.17178059616210967,0.12933937560968595,0.8073918294567273,0
8.731745744791379,79.4514503500885,8,239,0,2.863125660051788,314.1991734484454,0.6399689048697221,0.3501171687299651,32.177036238145725,54.58420892536755,13.09759746836548,0.02135289317771762,0.0,0.9888482979459527,0
12.138667154720874,80.39793838893078,8,216,0,1.936333717041748,323.96017002922576,0.4743634211854231,0.49367990780117355,32.65603423490438,54.734712236574836,14.308021760588442,0.030934748031224646,0.033856139332832234,1.0,0
10.275613975961972,76.93438122133628,8,228,1,0.44155585679710363,304.12851637299553,0.3584858443293894,0.3593535853998388,33.08319771986466,63.30553390926696,8.788695987256506,0.13738700645312274,0.060166732553996446,0.735901361606777,0
8.83152200619377,76.95999868934805,7,201,1,2.2281555650571594,322.9604123366255,0.3825924626306948,0.5240087162907157,35.42345619227718,52.83083554531878,12.475210693239488,0.062436903579096724,0.0,1.0,0
9.288002108300162,77.40222179145265,7,205,0,3.6427026044112494,320.7714850544627,0.4283396964944157,0.5890166492869767,39.13193849332028,42.313274403872995,14.042442413399746,1.0,0.5043629327629349,1.0,0
12.449770779919383,80.09751457230176,8,242,1,1.3647787293326101,323.66051923545075,0.36928490250002133,0.5883520561513086,29.74405371455827,58.1559550409495,12.431964765324915,0.060899027097324865,0.05227989386360621,0.685926596441826,0
11.49030522432491,77.87154295298721,8,233,0,0.20322245904791592,318.3885272064604,0.7284588817598975,0.5721190072803795,32.378780670803984,47.33998846431754,12.378258835320187,0.04309853200374935,0.0,1.0,0
12.261201126372391,77.3882515401494,8,214,0,3.780828445058577,320.567862034875,0.5773443520637295,0.4404683443289628,32.47423480526363,58.75111739988237,11.476283449196933,0.0728939928216836,0.07354015628279427,0.8703508160064315,0
8.547530138333011,79.40943159664512,8,214,0,0.5671967520378023,314.27034334980783,0.5076097479127738,0.5576755606755925,36.68473918161143,57.94655347925709,9.698903623024052,0.008273130480604816,0.03772614942531317,1.0,0
10.56538398395839,76.17475481685716,7,207,0,1.9002080035249347,320.8148179481883,0.5630848935410755,0.7419343721668186,34.1009419178179,59.34432790364197,13.029240665881701,0.0016651097760766237,0.03108792824767442,1.0,0
12.46379500437546,78.52454675201821,8,239,0,2.178708511393137,302.6762941411059,0.3951280403436462,0.527847114810298,29.79908688331825,64.11630896646149,10.42454236905133,0.046702418738019266,0.03242040844206603,0.49532843449911956,0
9.488439404863215,78.0708739589508,8,230,1,0.9483498527250269,317.7997033048422,0.6307382320043533,0.6997966745380106,35.01259514439444,41.6019497821453,9.935547725651702,1.0,0.18919652940049367,1.0,0
8.94745822290576,78.87434776941622,8,236,0,0.709672128152556,315.08936608802776,0.7378361976930472,0.5025621764647773,33.07763767084619,56.08106782590627,12.568789861546442,0.2952578553129216,0.049820808604760555,1.0,0
10.137989805376275,79.36305849805589,8,215,1,0.45255552245943864,301.43631558570877,0.4022628542316604,0.5992177751258825,35.311359671918645,51.79955797634329,13.747715498099089,0.09980336309821447,0.06530228863170456,1.0,0
9.866927853497172,77.49494657350824,8,235,1,0.27982112941589365,306.99816891236765,0.4110400490363151,0.542735562631804,35.79389395427012,50.48450652136677,11.979760760729427,1.0,0.22784325927631144,1.0,0
9.03864756174034,78.92751905570691,7,207,1,2.0325061907213793,305.18656320894047,0.6014653539341747,0.6254489905446676,36.10908599401532,47.4253802883081,12.010526907030671,0.3568180986496873,0.19242456807605804,1.0,0
13.342091581995048,78.41191203362057,8,225,1,3.3680831073372657,309.7242108191724,0.4107719709411286,0.7089511358435656,30.971028084503814,47.77590787212051,10.069986865753553,0.0010080557544758751,0.0,0.9450303661052161,0
10.705351065510465,76.61625192779528,8,237,1,0.5070350854664052,304.7604801965696,0.4004211152999063,0.5263602996826311,30.435822390245065,64.48303010784107,11.143396917305243,0.03655572189046731,0.05038571861611968,0.5627045726786315,0
11.405227594215578,80.05594055684443,8,229,0,2.8024761137819936,306.59591145964765,0.6181935270280559,0.6529597833038552,33.00329253451514,63.18354317418667,13.956340944466126,0.02069117156387932,0.04593429622966961,0.893442406297791,0
8.678198688997732,79.47111477202193,8,217,1,1.6504830816943996,307.1047232458283,0.59746298695382,0.7030158599475133,36.113220974306664,58.65687249444451,9.113868388509545,0.01440335494789122,0.0,1.0,0
11.416196493536471,80.23960901745353,8,215,1,0.14089695588234452,314.3954614829887,0.43709480432265835,0.66581781848396,33.24510462168027,61.370097250384866,11.671509666391934,0.009719136561801728,0.026357141743513404,0.88249123442844,0
11.109807081967396,79.31386112073439,7,208,0,2.143889240018886,303.23697024168325,0.6792715795307704,0.359822399550317,36.294676544551486,52.24238457455736,10.649908398493507,0.17528997538684965,0.0404219191397964,1.0,0
13.218804235528982,77.12611017816695,8,214,1,1.0080330645327056,305.7864296333306,0.3921003381282382,0.3500758614072977,30.195243492172548,58.80883608774752,14.773475609941642,0.03141812330942227,0.0,0.7821894907639992,0
10.308974086003445,77.98042063562555,8,231,1,2.4210163721620095,307.6115534635224,0.48302995970101525,0.7031838706592963,32.7214762845023,50.06815037168302,9.358289180411328,0.4583509978586571,0.174312671670322,1.0,0
12.379547762666816,77.7795947570464,8,222,0,1.3972920433554847,310.77763051862576,0.6455470575214513,0.6417253649407115,31.7414838766859,54.41566037921617,11.09887433191805,0.09471126140916115,0.13449983587712933,0.893837693058127,0
9.703413479387883,76.16478089010792,8,242,1,2.665809273051836,300.9141271879196,0.5955604840849651,0.7332528128681639,33.606842840118055,63.852688299346454,11.20627122960905,0.0003664188138058829,0.04332136558735241,0.8429286948385328,0
11.242065995436132,77.88852150370288,8,230,1,3.674013451724116,323.9810748497463,0.5900283812614128,0.46699295761398774,31.894653567348637,55.03988259529792,8.207542212723709,0.08536842485654346,0.09652447438391049,0.8023761004200487,0
13.191034224567508,77.5896194883898,8,218,0,0.9781782483258366,307.2094080612486,0.6245096515788571,0.66518730108605,29.482865857488886,55.402906068620126,10.782703816900076,0.054321655408916154,0.06590261059119552,0.6738004030995317,0
11.50039934024982,76.01804941652405,8,215,0,3.7593618759507903,306.8962766576547,0.6085850899354995,0.6706088308470547,34.37600683718838,55.29834528608663,15.627581001915859,6.892050439791072e-05,0.026192748544652002,1.0,0
11.982488629092447,79.89676699181994,8,233,1,0.8172354410013276,313.3168940781885,0.6997082959161136,0.6929305958990752,31.545361233210368,65.73094001513776,12.167134399156218,0.17500496630194579,0.10140353559131648,0.6594266079603234,0
12.905513341134505,76.66182235503612,7,208,1,0.28277952889345226,320.4967723037308,0.5775069390279982,0.6268111654805979,32.20340960512143,53.729725303803136,14.161362352564218,0.0377271186842332,0.015781461359263352,1.0,0
13.182376434529278,78.30437996997222,8,227,0,0.7708039495523189,310.96342483345916,0.5105137929446305,0.40532319696690866,31.20944490636808,63.11549927980008,9.476769516233938,0.005217252706973945,0.036594585526524614,0.605480583361871,0
9.166339301137176,79.6095179864166,8,231,0,3.2596667980621934,305.9721408201539,0.6564357308783392,0.6223770958097041,34.18665400813755,62.57142319192113,11.534989643238518,0.03790969802798949,0.07258823416773932,0.9299913005421969,0
9.096692977123437,78.78061429785912,8,226,0,2.7102249810581673,313.5810120766885,0.4536958777979626,0.5917934779350967,34.44639153673432,52.72124633091872,7.117457376796908,0.46833861271497995,0.20324857636406482,1.0,0
11.0826663106892,76.77901563676019,8,223,0,3.8833366130457248,311.59062120061753,0.65383681430074,0.4834688370061617,32.58106204229141,55.34972500444953,10.399882522768076,0.04677576683255393,0.0710668505546007,0.92120205448413,0
13.574891707315622,78.84377117805951,8,220,0,2.839309241699723,310.1537958485351,0.4619935915746151,0.43344539669358606,29.737045512904324,63.71730134851056,9.270720691620738,5.857711585894383e-06,0.025479813331010483,0.46296822883271815,0
10.744853010540368,79.48494571446417,8,236,1,1.6505250601465358,323.61319081882135,0.5421523033803989,0.7040399777254128,32.464968236074924,63.09792601562702,11.208019980799184,0.21234808308216369,0.1797317387043541,0.7645996215033956,0
9.853067793379193,79.93191677426321,7,207,1,3.569723896531505,323.9028063472456,0.6456773272962444,0.4067785979840759,33.18771722567883,57.33637925073759,11.166666216870965,0.008569144434356264,0.015620619328307139,0.9515707714007293,0
11.008663139625295,77.46580729479264,8,218,1,3.8325140728338396,313.48665188298224,0.6010636991286162,0.5188791586775829,32.926670272096054,48.84938277124665,8.718755391854243,0.07247427899969651,0.11941944424524498,1.0,0
8.360616335047931,76.15603844246569,7,209,0,3.1666196838404237,301.6320942497235,0.3842756181183991,0.5991194090822884,35.14126883494979,62.79049304494283,13.25044303213149,2.0824842472735397e-06,0.03720869771456618,1.0,0
8.99235791373552,78.79656174963736,8,225,0,2.226558343340404,313.60602193158945,0.5286238707543927,0.7387185725662055,34.15898642096229,55.82395528087762,8.311121916332795,0.3617345234402708,0.20467046532276179,0.9768835331683106,0
8.833954337140456,77.03853514666197,8,214,0,3.303063125222251,322.85933156118926,0.6747422239872966,0.6183905409644623,35.43032207337963,55.9604625450616,14.749654494843208,0.09540542204072193,0.016046646575715386,1.0,0
8.15632705239789,79.59211734014512,8,215,1,0.7161788293371263,322.21662073667244,0.7487059889484867,0.47195127956860944,34.20449002593487,56.261245112175466,11.883819003799866,9.616283150143077e-05,0.0,1.0,0
12.04438889705359,79.12745586308417,8,232,0,3.6014000917175455,305.17202038635173,0.5367191926935736,0.3742647737330631,32.14997428201481,60.26178642471744,11.623846691758166,0.1175485790651289,0.04314620831925765,0.8143700342916225,0
9.822657456826212,79.55665953150927,7,208,1,3.998235929946144,304.5628675687268,0.3843702890220422,0.47708124913869016,34.53979340793562,56.301410751886884,11.417477533063122,0.034041241970663626,0.032963776706830455,1.0,0
8.943803342955702,80.45064352147844,8,218,1,2.6605606658213814,303.6541405202777,0.496474284157975,0.4671146237254579,35.64082477352659,61.813608083757515,12.716160759256567,1.0019685354944808e-05,0.0,1.0,0
10.868565114943491,78.68891801768329,8,225,0,0.7835561583200339,319.67482438589633,0.5459691990584181,0.6776317927254969,33.91449726689198,52.3870734070097,11.354116388910636,0.4403516201800002,0.1317181451384975,1.0,0
9.811288673443563,80.1598423318865,7,212,1,0.5777466487812872,311.76132136774737,0.379371411318947,0.5006338218074008,34.694298234783695,59.57833400991424,13.552985500741025,0.001707174277515578,0.023764414131448867,1.0,0
10.200899516469242,78.9527095593806,8,213,0,3.8376576224013883,308.11311769582187,0.695703593302758,0.38937933315353174,33.89825430370435,58.503559305209166,11.711983631066573,0.12251333329554236,0.0517384803667167,1.0,0
9.766978175546143,76.83602399251394,7,208,0,3.485411285473302,307.7953720521528,0.5655164419628501,0.6979909850769619,35.645387220398966,54.97071903248374,11.04794354544045,0.18904777329139738,0.06622255880354674,1.0,0
8.02230768040946,79.67681762574121,8,242,0,2.994715406259068,306.6099178309053,0.5164462389765467,0.3572217067132427,33.54295319940117,61.01949034200207,10.90850481290883,1.2246440516975083e-05,0.0,0.8912593121978967,0
11.85464164074598,79.19101367138309,8,225,0,3.796477014461645,321.1828745787458,0.5088738018443987,0.35120375821133765,32.76565467577535,53.50973381544621,10.53491502442867,0.18361230162639902,0.0027464255672898993,0.9816932327069817,0
8.619866680910734,80.4985229773046,8,225,1,2.013615011473565,309.8323174259305,0.361323414737816,0.5399012973926469,34.27151902712328,63.443412205275884,14.327462058415076,1.1047717140597947e-06,0.06853467060315371,1.0,0
9.227197423552628,77.11978714912742,8,225,1,3.5509856120094576,305.85642565540513,0.5575502485601184,0.3776881159963925,33.83623356646218,52.541563433953755,11.832801525993666,0.5128746461639847,0.11832861443829198,1.0,0
9.065775443957456,77.53237737490609,7,204,0,0.6512812559535166,317.0497153455667,0.5402304326604687,0.4208407584094174,36.790589230393316,46.58312452661218,12.515640426890322,0.8295494077446242,0.21796798249150393,1.0,0
9.855656854792763,79.77885872237091,8,221,0,0.7312388724294498,315.2509093654032,0.4883541028163267,0.7441138328487444,32.26298976551154,55.91204590624764,12.75410300204732,0.017284193345941,0.06774535691449038,0.9557694013566597,0
8.897107005179594,76.28929215095447,8,232,0,2.0493721826415596,317.1687733102583,0.6134709167623347,0.687746001197129,33.19380370792353,61.526557377648764,10.7916804519869,0.0002926503600259436,0.03175799909720158,0.8472446036149122,0
9.942931895452542,78.91271891722873,8,241,1,1.330038643378097,319.7269467487168,0.5144128980672196,0.6556150703726906,33.02311430960916,55.62055552056526,9.479565280124575,0.19565846176170756,0.05389265366674967,0.923261373680984,0
9.36228033652331,78.46318984257123,7,211,0,1.7300770720586307,302.4296091496541,0.5787056015354859,0.6183172212788806,37.099793281886,45.81863100452615,9.753267855397944,0.7104576716452509,0.39437878174187674,1.0,0
8.342804633765502,76.77658061243076,8,219,1,3.192787945202133,300.04772979480344,0.704016969916148,0.3691261796077765,34.027503135125976,60.54548190138199,12.301971401292752,0.0015042621811752206,0.0492590633521321,0.9857178252979633,0
12.875152672151042,76.75955986259711,7,212,0,0.21362988376903624,301.2135897877477,0.4955546803672255,0.6843634847308269,29.780555326855556,59.89135046559364,12.779562852251908,0.055531271581012294,0.0443557718144171,0.6612664949131988,0
9.711254199752783,79.7269090577683,8,239,0,2.8833753371209188,316.9630382195715,0.5091695358754195,0.5384753317787097,32.13016676509893,58.385165831519636,12.296382071454087,0.014807004190865548,0.0,0.8754388183463033,0
8.533580019707731,76.07104771501331,7,202,1,0.35291707381346216,322.4279169659931,0.6963615885067378,0.38932798955800624,36.319883317490806,51.088536376127,12.788631717513706,2.3904259736372874e-06,0.041996805819737845,1.0,0
10.92054772213189,79.43547062542572,8,241,0,3.390004201121681,307.94652916839283,0.4932375720951394,0.47030040446000737,30.44845725446023,63.82535659401688,11.11154943439308,0.1874285306703035,0.12621875587900333,0.5773772111627611,0
8.690342902865298,79.37026924422064,7,202,0,0.8075992261427003,318.7486599934666,0.5257451596274737,0.5507872479138181,37.77037633428981,61.07213953587473,10.390578390145981,0.02451055193091012,0.06374045798467028,1.0,0
12.329321928158343,78.9885278912958,8,225,0,2.9397556813919823,317.5004282608481,0.6703248889433046,0.3554778389684714,32.112210294009714,64.46224162409263,10.340417332175184,0.030236274089561827,0.0,0.6777724189292256,0
8.344836482143101,77.88378125017383,8,241,0,2.367517595950756,323.4734779028621,0.586746760956572,0.4509677892205536,32.453368200934904,64.1887953447204,9.911691319589771,0.15658091612887992,0.04544183836664628,0.69888114059908,0
10.601961319687696,76.13027514421135,7,212,0,1.5424884282913904,311.29903395575286,0.7235543395081057,0.48436945149470634,33.78619865500922,62.500667900482846,16.370317861963542,0.0011314308196454968,0.03212076485412078,1.0,0
13.285427448648358,79.68817267414788,8,214,0,1.070145001675661,303.98575121488545,0.5382651760688916,0.5355165358138387,31.51794495270457,60.211400900328464,12.486176852076326,0.00015058297423049444,0.0,0.7897684193454669,0
8.890226700487116,76.57825313750963,7,203,1,0.2298372650656364,318.3655536141058,0.5416105633520633,0.3507926422295351,34.22036769891544,56.16209780456265,11.176258301873329,0.005237467515165569,0.0,1.0,0
9.127664590670788,77.29162242713464,8,216,0,1.4135208276520284,319.65165273651456,0.3671713482865916,0.5761770480725147,34.09577333376832,54.456733119252405,13.469732559367955,0.6682340930967289,0.21761604666012865,1.0,0
11.362603503813208,80.35520146323952,8,238,1,0.8021150264047039,316.97520181691795,0.42892126546472664,0.42905348434750884,30.8050167185517,63.934762693296555,10.836130890299078,0.004011994778019025,0.048769915871534,0.5960524236834531,0
13.487182800933901,77.38856072197439,8,216,0,0.5436500158079292,320.7163601587147,0.5659997264207164,0.5889002122994303,32.42605664133821,56.50636632366226,13.185680234974374,0.008809062892972093,0.019087278219142415,0.9696379758175272,0
10.160680190399326,77.17364009181664,8,214,0,2.9539924903565367,308.9083819996777,0.4248442547884612,0.44566012284740253,36.40033876527411,48.65102634844434,12.487804479955578,0.4427238848983564,0.21423491434279826,1.0,0
11.632412519552357,80.47750455474065,8,225,0,0.8500599640528019,316.56756007736516,0.5314333582729194,0.5110873766323316,32.42034150926478,62.10207903897718,14.445493221655328,0.007192156156546094,0.03590697729362201,0.8841816991937456,0
8.852975551577149,76.39528812964008,8,230,0,0.8926321908646737,306.3323673399135,0.4633268720510258,0.5994520796985119,32.778584507588384,54.46972313076262,13.909808374327984,0.0007605558476858279,0.02056464359627593,1.0,0
11.591823946280092,76.7391757844198,7,210,1,1.3619258070161746,310.7145635025561,0.358325332284229,0.6126290425763279,32.584568768129365,59.14821742140475,12.148022751645755,0.005396716099406903,0.02525612616378354,0.8917127211907159,0
9.414907563747402,78.0162605684562,7,204,0,1.850612638487077,305.81981205973483,0.5400437710155663,0.36223827724747576,37.09574880292254,42.795236845845906,10.8813311893378,1.0,0.43044307131855614,1.0,0
11.434410601951452,79.62329638807113,8,231,0,2.0548509771588006,303.7088081435555,0.6085079929015139,0.564029819231689,31.920513308559883,68.00225893022366,9.099344702637906,0.08745906898255823,0.021566854702379734,0.5443470992213435,0
8.496502765268213,80.06805111913907,8,219,0,2.6581850753616525,300.8628779520477,0.4852934785853864,0.6766566677303254,34.66459072568624,60.5541381415364,15.965386236451195,6.353287957816225e-05,0.04322076220890751,1.0,0
10.939826521549843,79.47592432434072,8,240,0,2.354088191351709,316.114182196616,0.6606107846116852,0.43256921822177574,31.266488034636698,62.83292017398014,10.040586837296326,0.17196669975572493,0.06953893733764818,0.634133004352343,0
9.329467970170146,80.49040514537312,8,240,0,1.926735518906567,321.006554118658,0.4084215723178394,0.5627954550982109,32.55439813320115,71.59248293847108,13.420367529898861,1.1530252055096709e-05,0.0,0.6524200422211888,0
11.817568738644715,76.07749225599201,8,219,1,1.5757608585498812,307.54606642347045,0.38651669416884077,0.5290458569547462,32.0293916227779,63.438311437230894,15.229102772751078,0.00014878316733635917,0.055957651360190055,0.8463962871637208,0
12.186950807582566,78.84973015296062,7,212,0,1.0631448477169378,310.30164920274547,0.7239365976184251,0.689973963162648,32.928765178252235,58.00331710994588,9.541119257994977,0.04391776632981902,0.0,0.8643722503345652,0
12.749598171132625,76.53519252867069,8,215,1,2.839770454732158,300.08512675926175,0.7186626190828046,0.5255052298557681,32.013189253647205,63.21473895973435,11.796850095917232,0.0339811750063268,0.021100697293910467,0.7427564708628063,0
13.557414065946858,80.1876686067824,8,222,0,1.2700052815749907,309.90851454075477,0.5126176994020956,0.727536204184259,29.784801973787694,55.101401700714604,13.40072661105624,2.176823774099156e-06,0.09084099332140701,0.7874750555063796,0
10.572386766058099,80.3024131538532,8,240,1,3.3983255741035814,306.75173076197,0.517972755219161,0.6109713724165132,32.951099255792926,59.861104722862294,13.44503153679986,0.009103773909426013,0.05457520120621098,0.9469465129996885,0
11.755328736361015,77.39392980143747,8,232,0,2.3446498235519466,313.7808007229904,0.6904142319189326,0.5745532885522618,31.394470827052366,57.04883584027111,10.109093164886398,0.005598599487303689,0.0,0.7754742672065946,0
8.10317281101188,79.80745926184179,8,237,1,2.5357771141127223,321.8044123884255,0.5622084472183839,0.4667678163908708,32.090683891689594,56.31450889609086,14.080807096853027,1.3100097326887145e-05,0.0030276708245360094,0.9739264595043264,0
13.068487386514782,78.89926764678157,7,206,1,2.0351609235109334,312.1476616589163,0.3968455153068793,0.5886102457933262,31.634632780936332,55.620910941362496,10.818761606295727,0.0005183767408498042,0.015177004041215757,0.8493965665778248,0
11.448161614960043,76.46224840863127,8,226,0,3.7142242586081915,316.21278383766867,0.39594937708720057,0.402498568987223,33.08215863081246,62.27709062100631,13.589792361227039,0.0031246109907275372,0.06022023307893201,0.9087033278336873,0
10.359531883930128,78.77273353291083,8,218,0,1.686382274470978,316.9315881553349,0.4024522953238783,0.516497638186273,35.50339277722541,55.88973601619076,11.727689595239466,0.17579328694106514,0.031957775186589335,1.0,0
10.432151359459644,80.48986238104527,8,240,0,1.7078738136752505,303.6583658921939,0.6623060817342226,0.4637711783139014,30.261373559181003,53.29612163214051,11.492370914407983,0.001548576099647458,0.0,0.8076705736260994,0
12.244775619618215,77.41723262542632,8,220,1,3.57205798308732,308.31769458748386,0.5907585062373772,0.6181106013884605,33.25797289403995,66.03631553947496,10.847592752945243,0.06791431840785411,0.055891473711325024,0.7541224471556469,0
12.667432019801007,76.0052475702716,8,235,0,2.419627683840686,302.7154932303599,0.46990647644362865,0.6555983926117014,29.09178092146794,57.93841027889815,12.92177367915808,0.0010679651014087578,0.0,0.6517113869538373,0
12.52426058736317,80.49324171513462,8,215,0,1.7965948628965616,310.57791849092615,0.4148293681612998,0.7214515419140857,31.443794820222955,47.960946699617615,15.655717486888182,0.006659897560255056,0.0,1.0,0
10.859274057063333,77.90432372027232,8,240,0,1.0486044580669236,321.29485635863387,0.3993854082535995,0.43884030831240967,31.968419017352414,62.872444344786274,10.225923810074953,0.11312500098115667,0.04970437867596514,0.697540718404515,0
10.078421170380977,77.98229073207956,8,239,0,0.9801777802076708,311.54242441769793,0.6465550035137246,0.7039002793069459,35.452126876111976,64.46215567534362,11.074882402261823,1.0,0.4933918888162258,0.9790527441834882,0
13.295020423927,79.2780157386312,8,216,1,3.205737255020944,310.9476715972542,0.7043450278436423,0.6883805940756857,31.184694694115247,52.70526023345959,13.417559543960921,4.173765117100975e-05,0.0,0.9579063995148362,0
11.551517338713175,78.78017278086435,8,218,0,1.1178643104948804,305.02376509908606,0.5624313546684876,0.6949726299811453,32.7589977008509,58.66073664040222,10.675019060725695,0.14298194574597325,0.09419641342984976,0.8710500064874257,0
11.044459090367585,77.38913841663515,8,228,1,0.022950761213462734,307.44521472208936,0.6590840388740397,0.6461903446138824,30.454194385598257,56.55674104594975,9.133100997226773,0.07332621349757074,0.06919069080987958,0.6775535817198636,0
11.350586019358438,76.45989824181746,8,221,1,0.07784255719329458,322.47838974083777,0.46325136199665695,0.45708857743089965,31.356497935344443,65.73413842961976,12.254314258096006,0.004803701540754841,0.0023619084351618486,0.6463412945193201,0
11.527252445843182,79.80586759175709,7,209,1,3.9136104463862584,307.271887782289,0.584265517381634,0.7011488700050128,31.25921665695759,55.37456398298293,13.029981371605428,0.0697707424803791,0.1059223494490234,0.8926868840984038,0
11.993208150998662,78.22353501119345,8,226,1,2.2393517464917774,317.5532780532004,0.5252155391380571,0.5898193848211681,33.022740942602574,55.952350962285976,10.480221819382566,0.05831101610081403,0.05056511437305676,0.9471275445773424,0
11.097834292230528,79.09338175077491,8,235,1,1.9560985274375815,301.01139995794745,0.3850776768721169,0.6462446815370932,31.807710145039717,58.94577604884551,11.826763228829977,0.2550612628565339,0.03871920403354067,0.8214338396799019,0
12.90198998496188,79.95832162054806,8,231,1,3.671504276433321,303.07953504226793,0.5449467097899032,0.4321029423972116,31.34962770254275,59.92457992182204,12.036821631946443,0.0061089628356964095,0.06963423700607055,0.7680734307252881,0
12.814399599932809,76.08152294471202,8,239,1,1.406749595961171,307.47546999131754,0.688714699599583,0.4129642142056099,30.788269000107345,59.964437924477956,11.922452095051165,0.0016421678337082352,0.004669368349150812,0.7168337574353397,0
10.47664337005589,79.95317227393637,8,215,0,3.179990238620932,321.6341006726454,0.37071300713039795,0.46074065402988995,34.619525990814836,59.335838399085915,16.37262543535209,0.06526236651147958,0.056802084671230685,1.0,0
8.943802227903005,79.45825819488113,8,242,0,2.887239251120555,305.2629997170973,0.5408423907884622,0.554548310710282,31.21177517268018,53.964173416925426,11.514420371989935,0.05148204739138566,0.024946345664067907,0.8727141584163577,0
11.229271997118165,80.35538004993772,8,240,1,1.908385929287352,317.4418706420402,0.6993052304244141,0.5166500384478906,30.3442920605633,58.305696729046375,10.098208043672999,0.0027095784519929806,0.039282894304142585,0.6596889679884702,0
11.47614132393462,77.0745177042364,8,228,1,3.098527589834764,304.02058720559256,0.6660287717906574,0.7050432144154721,31.618555355335193,60.267478846815884,11.487393334868012,0.0168350186727601,0.008972577583787876,0.7656944580633163,0
10.930925614140918,77.48314275111042,8,233,0,3.863113550370549,314.7082091068354,0.5473799918666598,0.3552074012610208,30.708222161934447,60.69705810811768,12.779334663171813,0.08495352033582403,0.05041186380099085,0.7206603193160414,0
12.987235754334211,79.04280221601759,8,218,0,0.8024295031482827,314.0838775380307,0.4185378557054749,0.3820193571783793,31.76053171349019,49.426223526128865,8.90735263446664,0.000548004416623659,0.01539686297551855,0.9378163342595125,0
8.520913439336448,80.25864774784166,8,214,1,0.07003765800408601,314.92674962735214,0.6894104785165998,0.48016394411907304,36.647990103998126,50.63795457361636,13.74336250411615,1.0692090045841582e-05,0.004943831341299296,1.0,0
9.609543627077123,80.56627906266719,8,232,0,3.2858176250571978,306.87063651990076,0.41125383294184864,0.4170928929784719,30.306618667373673,60.064763901705035,12.183648307804194,1.1563861195416115e-05,0.05216032017869681,0.6826291451954641,0
12.848423139406663,77.91699319269414,7,205,0,1.6143482913792546,303.890471926862,0.4607282852788407,0.5127002464760559,34.00977138313997,59.52578123262959,9.394246424638956,0.08239658795934053,0.018379873915180037,0.9160337886398628,0
13.260714552924352,78.48045650831541,8,233,1,2.1776099740600325,321.2756579792892,0.3997100765808937,0.6370372401940594,31.422172396041933,68.80488886767176,8.335349454998388,0.0012205580628648122,0.019301911201408825,0.4611076175239327,0
10.385180418334384,76.78453463502316,7,210,0,0.8898492829301281,313.6666545000356,0.5336036457711603,0.7473671487204218,32.754308536783455,52.9840506538913,14.277156302650914,0.07181374527232996,0.04681525019070145,1.0,0
9.078806298309253,79.19228668929755,8,237,1,3.3671550474115084,305.0890360733025,0.6016791711890603,0.43082989888985024,33.37527429328464,60.961189466000505,9.798851358693407,0.21178698474844015,0.10501257721653351,0.8439049745995444,0
10.353845180455634,79.8519039453074,7,202,0,2.8848249962908454,309.91989727669045,0.6808473243942966,0.4563898538321787,36.74231969758596,49.601588639211926,11.272687541799042,0.07953069264862926,0.07174094845623413,1.0,0
10.554532094375162,79.67378683724432,8,238,1,3.8134665127791925,301.610195830205,0.5345350433527425,0.6574954598195399,32.203959049140224,67.46108006679881,11.000126888611893,0.16692643340665597,0.0666851001268916,0.6393932178797221,0
10.909588517710281,77.59087800587807,8,234,0,1.9010074863987367,311.409026798457,0.7382881086340759,0.4588198829201075,32.86788526965176,66.14994693807665,9.441064549403686,0.07785756637731062,0.07314955621496365,0.6751359965714749,0
9.536377249024525,80.43101447228412,8,242,0,3.9062600510433105,310.1733786283913,0.5883427949820873,0.6314999890950297,32.43225727727269,66.87264393776492,10.438908542296037,3.6088225501480184e-05,0.0,0.6539563553246994,0
9.750713479854205,76.55359430037494,8,220,1,2.0434215718955944,303.1854296969614,0.5917640141100303,0.5833956193129523,35.522156815318986,51.65499315134476,12.999346385789087,0.021377782579492032,0.013821855323551912,1.0,0
11.671290735538115,78.27226206944233,8,232,1,2.48568836345109,310.664936044381,0.4201152118505342,0.6919576395322851,30.633857798793233,57.4953236244579,6.5574211542742935,0.06130299067331404,0.013189912402511796,0.5911781470936655,0
11.48204724558118,78.55114679888828,8,218,1,2.6965097592867617,315.3487761502249,0.42604641380803854,0.36333470995852535,30.453347172986216,51.997062975394854,11.945383015962083,0.14718730715302292,0.03275012930178473,0.866692973100003,0
11.707774084645873,78.46796374244681,7,206,0,1.959085822880699,322.2837706736022,0.5806504628334002,0.7418987839848027,32.694040254176755,54.95479997671943,10.827070678202018,0.0637059644738248,0.012791183412979773,0.952742647059222,0
10.112795905906454,79.48629758652314,8,231,1,2.251120763875698,316.8764446550286,0.638351761502173,0.7357002678284043,31.243967126745893,64.85041900498393,9.957696367652767,0.08843833701181229,0.11018452821136115,0.5848326274961082,0
9.884158295599397,78.80419326939536,7,212,1,0.8932282588059599,312.05844687287424,0.4318826750591188,0.3589551178715701,33.28255849433743,50.37626462534252,10.17988064147185,0.3135240815619211,0.10052937312785516,1.0,0
9.968616568648457,76.3547953931532,8,224,1,1.449452232531633,318.48122682866745,0.5436070710770374,0.549803768671214,32.060323294699174,60.89846090135731,11.816159063642905,0.0033593448028755545,0.034618166620895105,0.7987605586002762,0
13.326588318742143,76.82731760580903,8,232,0,2.8079729803689926,306.7184467524203,0.49248002452326556,0.5105704419876709,29.422893598102718,58.13642706185742,11.714204765690752,0.007561134275000269,0.0,0.637167208506231,0
10.213372577608208,78.44829949501347,8,224,0,0.15595584007173713,316.05075836267736,0.5255055024327163,0.45166526048147104,35.11391311602859,51.23326934725179,10.120348963595589,0.37766712404376074,0.14699287392818355,1.0,0
11.394341419492383,79.19491896489173,8,219,0,2.8016524798691,300.1214920031634,0.4388523752061414,0.7411303684677304,31.01661668710823,60.792271608669544,10.066681393732757,0.18385987270457252,0.11373941860506763,0.6594735928427334,0
10.927921848132616,78.36520284816865,8,232,1,1.2151025781699536,301.7412271307886,0.406289145612939,0.4198401867250225,32.0592179961021,62.2066341667572,7.153392328613492,0.3932058406718917,0.2272465600095026,0.6238864729052978,0
12.906842169569156,77.63533580382614,7,212,0,1.0873433454968886,314.9823752750828,0.4782004116215483,0.4554217969205298,32.39090109261638,55.46864118867728,13.495406872648756,0.13010938296132882,0.009054570763276707,0.9994478627399215,0
10.067054084365083,76.23521898403098,8,226,1,2.7739538574104436,304.62118978531106,0.6975666667356616,0.3532891894442203,31.15262170832383,58.64517319095402,12.831764493444316,0.0013094411472566398,0.006355294917577604,0.8049294896481427,0
10.431208888394554,79.6150521369415,8,214,1,0.859780650883025,316.5295100703531,0.6720903038035064,0.5820892512523003,34.10543629857858,57.132521719379035,11.045190553384487,0.16448607092954015,0.07700431742404756,1.0,0
12.71964801718038,78.28709350353121,8,224,0,3.8467337435572566,315.2820783480917,0.39066165348508497,0.6943194555733272,31.48713614588539,58.861552270264916,9.159177650407313,0.04354107150015733,0.011293641259249646,0.7132289299486796,0
8.901362638567473,78.47843000051662,8,235,1,3.9627161348522866,301.5280019857902,0.3851234049121443,0.5987651742613923,33.574712527263834,59.98567626678552,7.887815251780954,0.2959361729209665,0.216318776610894,0.8224830201837962,0
11.32804946810168,78.15720744523242,8,235,1,1.8324016314058347,309.41991999827206,0.5471804915276177,0.6106428903974763,31.523320026866447,58.89032053891497,6.832075505341853,0.16442645374783507,0.09543817014119432,0.642883016471582,0
10.239485962805302,77.22058891243043,7,203,0,1.6056733433691721,314.71205275936694,0.46095288085579106,0.37652814782972455,35.70870088336518,47.72276524129794,13.829668822124997,0.39561166561190214,0.19639449842336926,1.0,0
13.520432729981273,77.27131793782262,8,241,0,0.3161498255949313,317.1235591580006,0.6793703180045041,0.6359228876442886,30.609766401293058,58.72539754655331,10.416218487270953,0.005771007991268403,0.0042513210704512635,0.6824229712448986,0
12.039751054083471,76.29210362134995,8,231,0,3.112874735176724,319.5860198526419,0.5444724718317604,0.5136017675173856,30.51233525190741,62.50161137020727,14.53108156575614,0.0027504040243519585,0.02779723813963627,0.7189773172508906,0
8.059115071714318,79.25495547452888,8,233,0,0.6508959861849521,307.9306296399606,0.691083096180746,0.5394849851491192,33.65087640848978,61.66141238297803,8.400913975139554,0.0001659122499183705,0.061560955152991675,0.807625765031081,0
12.701053842501205,77.2506152164142,8,241,0,3.7321914419043236,320.0811850141148,0.39327952745695083,0.584006227762891,29.8067296548515,58.59162517719111,10.186679066840398,0.1585985196125586,0.10305852029810883,0.611302854805474,0
11.937806074615345,77.37338220160167,8,227,0,3.962370955820841,308.50210622413545,0.7380308306913782,0.7401457455361231,29.734316543795543,59.87524213594637,11.976151409246338,0.01367862297808692,0.019971216644426814,0.6326646182786573,0
11.141381127262802,80.57010055661306,8,242,1,0.4896391203268462,300.1676841888001,0.6568405368309784,0.6492733022869769,30.56202157644125,57.50066727671347,10.743121493149701,0.00047369728347619925,0.0,0.7158761829929552,0
9.322319464952175,77.77473775679131,7,206,0,2.7320235283708296,314.6401415960883,0.6427506252264144,0.623570835933825,37.025504401312325,38.98148186560195,10.79907600991964,1.0,0.25569736851290326,1.0,0
8.836173242283065,78.34920715566844,8,215,1,1.8639679662709088,305.8000463317904,0.7260864644926781,0.5227572139141266,34.708483014502754,59.224119084779296,9.908047844394018,0.2822559111705615,0.07811753627058324,0.9970196555730026,0
11.519037552007141,77.77777626350144,8,226,0,2.1645834168420794,302.98515124784467,0.5381210960900694,0.36378020661154353,30.420376954200727,52.14369021997958,9.216883270360437,0.026904506691083702,0.021218748452123345,0.7754214546048335,0
10.463665527757078,77.33487912092413,8,237,1,0.7182987186191276,306.20058744011556,0.4095555656247405,0.5654738689462033,31.749718001754808,58.16569433792105,7.981069089192857,0.24120526673385348,0.0,0.7137583683408206,0
12.825073748494326,76.02691339593513,8,216,0,2.8940835977796553,319.8699359539057,0.5487602983364305,0.6143524921506927,31.217342453162924,59.774918497862195,14.127034839134875,0.000989648373897242,0.01668363951533889,0.8256946320896043,0
9.46929199355496,79.93247719976617,8,214,0,0.6664508838604801,321.9360313982444,0.6760895357642236,0.6316758738832858,34.46823613484945,56.484386157948755,13.450418258962339,0.003952434298036934,0.008852513866548966,1.0,0
11.570111892738993,78.17650690702428,7,206,1,3.5411999109749503,323.0807189728858,0.6938171835862537,0.5931524333100994,32.14076391289911,46.21770323184045,7.846116799936063,0.07692395385950648,0.0,1.0,0
9.393521005290498,79.31149539706331,8,229,0,1.815898457372643,307.26792871200604,0.5454182822511331,0.470146810040801,34.12233839899351,67.69241004850005,8.75643030709847,0.16564581455977756,0.13338310080860893,0.7240019792685077,0
11.563375642922415,80.40982078149602,8,217,1,2.539472397470179,310.9422889965372,0.6429208880697175,0.43841256067365686,34.14929053714048,58.179194023505076,13.892003312920766,0.008063402644898654,0.008242595588154959,1.0,0
8.270729996407995,76.0130241637872,8,225,1,3.687164428193316,319.26062646739643,0.4487810800956751,0.3860376086792675,33.191936726796484,69.64927498108398,13.735155261796557,1.3542675277755614e-07,0.07686709865935139,0.7585677740289833,0
10.193561590160552,79.10518219148358,8,231,1,2.951758019210147,307.6296645241691,0.44221881676395075,0.631132549153804,33.454622086019974,63.98730870761602,10.150507241903204,0.10744117468711312,0.0911924162038091,0.7942594427530058,0
8.967039448848208,76.54574723855612,8,214,1,2.1633915337998775,309.24343647151073,0.5845038209532273,0.7383143764974215,35.02232118303261,49.227221087492914,15.994622680931592,0.005414215094324781,0.0009477956149269418,1.0,0
11.393230378851458,78.1066392653396,8,221,1,1.6107105913734396,305.6945877415114,0.5187004675030399,0.5600089859246202,33.87189302653691,53.26224067862506,7.599613031775947,0.1219650695199366,0.1267094909958995,0.9876514221516284,0
9.773677097795298,79.89519757210066,8,241,0,1.8485404879748168,313.7368156644414,0.41442096376883886,0.6192730661466854,32.11130848474521,65.43936099965218,12.153551323743512,0.00728910978733769,0.07130385646221175,0.7126439414923704,0
12.320582658989796,76.32888090532856,8,236,1,1.3666922384421571,315.82240077180745,0.6545449971313517,0.6270410010248817,31.109865954690203,61.90575127072033,12.333285630141654,0.010023221295746596,0.006506866221157748,0.7133317550389919,0
8.641728418408102,80.55222203044171,8,220,0,3.7847353010096207,307.64254692207834,0.5628589790903848,0.4145768423291148,34.449232804200115,53.61354770379143,14.278273659394827,6.075550932720162e-07,0.0,1.0,0
11.114793174747756,78.67184480934446,7,201,0,1.0114313765905956,300.58153239627757,0.5581569229666231,0.4267205675420115,33.83108660747722,53.344354178408985,11.375094728629149,0.3886066733767206,0.13491971240737388,1.0,0
11.324596032473266,77.81696991101892,8,234,0,1.6373851303878895,317.6617875208793,0.4257238078718719,0.4332708921480779,32.62883964202353,67.65633400201023,11.143041567702749,0.054683845839658934,0.04208000807662371,0.6749270413368889,0
8.12378295843237,76.08974722054286,8,235,1,3.1128956986043033,314.7983349443182,0.44645625450637083,0.7231366134842723,33.75905820865735,63.59928596472855,12.614525838303429,1.1174627189798504e-07,0.0,0.9052524283966825,0
8.201519980762793,78.69938615954237,7,205,0,1.4573666905042564,305.25597085443263,0.6270831537530668,0.3562320242225199,34.954021753944495,54.747304741508096,13.659260252513786,0.006973073620162662,0.035751961030312106,1.0,0
9.726144965036903,78.27649613443452,7,202,0,3.546443585752477,307.5515442039785,0.6907612330005394,0.5664675092038045,38.24176774546156,39.275213880265824,12.289900460477684,1.0,0.4351343401067334,1.0,0
11.410822460706708,76.99045820999345,8,229,0,0.9722905605881955,322.97072614247224,0.42088485872572545,0.5008710489400853,30.995236274666915,64.93736339225696,12.374948631371435,0.022433326893240145,0.0013529190390715422,0.6377120922357791,0
13.390727972908355,78.2560586545025,8,224,0,0.12537936683761552,315.12488508022284,0.6749382884776727,0.6137401344653811,31.156137377506617,49.6546707176469,10.055925978441616,0.0018356271482195736,0.003985122876631216,0.9182664523374764,0
8.508387655936513,76.05883061450574,8,229,1,2.515004449007475,314.29146615339323,0.6652380667570998,0.43819686590764945,33.61018468546488,61.07981957477365,13.039986897123612,1.6923318557568402e-06,0.0,0.962130101551105,0
11.937711529980511,80.59759702453245,7,209,0,2.0330138309405217,315.35257769912505,0.6759647274301311,0.7344683278898322,33.519342618065465,63.52711900532934,12.831118832671454,0.007275728463504987,0.0050029658898269784,0.8936483704635642,0
11.87921028388755,77.52772642936189,8,224,0,3.7322323195632903,322.90666883505014,0.5826975255567324,0.48248613365595905,30.219313078565236,59.333846075324864,8.029600954558164,0.010699982676164396,0.0009789472867964468,0.5617823180364931,0
11.74905576361947,78.20902188108147,8,225,0,1.692529303583847,308.1566177638319,0.4907368074763005,0.7203707126466292,32.60501700583279,57.49028663821524,8.142130085263771,0.04805521560537917,0.03282716195068676,0.805075501467998,0
10.89042511258033,79.60997957303186,7,206,0,0.5423610318327756,306.74198342652375,0.6584083686476173,0.5856801427871156,32.7359942534679,62.696780221610354,11.363996244162765,0.15057575844001161,0.10553776708112252,0.8009737321610703,0
13.414225323416805,79.27878038052971,8,227,1,1.3189821489853997,309.0418195264614,0.5419781686288146,0.5157844395886022,29.851626425688895,57.006875258801344,11.470686387377985,9.68916844105355e-06,0.0,0.6903861459951623,0
10.809940775536615,80.08737158722965,8,219,1,1.5728472398416926,319.22277825785346,0.43874563256210103,0.6435542093073396,32.500900475324976,62.28357087228557,12.676413197777345,0.033634598097980785,0.06922816555208916,0.8315780437679439,0
12.694463643515563,80.33009838958613,8,215,0,2.3325272553032192,302.9030129853594,0.5109547040628806,0.5712258697063068,31.005217895313333,51.60750687261524,12.8465394128748,0.0073779969504745805,0.017885651132092187,0.9495001396481098,0
9.470115376098118,76.87021802244529,7,204,0,1.0980019643567038,304.9637927508644,0.5330867365121397,0.4054330103885283,35.782684904323,60.73894478512935,14.072086814294119,0.23252829763013594,0.1818509085011663,1.0,0
12.51532759611839,77.79583929263856,8,229,1,2.2012532806952203,305.47789229947676,0.5521380611166797,0.6317956798670448,31.63811023424589,68.31498494852966,7.657356362375149,0.11558570186224316,0.08996596768818724,0.46880190698849966,0
13.580656110058026,79.159358163027,8,234,0,3.6321834622638547,315.2730573884883,0.7090254301635139,0.5817975649225221,30.021524312881237,62.06161623199098,11.280052057041027,8.283114599305246e-07,0.02207356384279077,0.5862594032561689,0
13.096481531533055,76.20711166697991,7,205,0,1.694921399194294,315.39799259110174,0.5144660050305073,0.576257994265919,34.25682972376047,58.19388370049367,12.704950609162253,0.0015331953672374854,0.006024531016955983,1.0,0
9.702801625010894,79.29794656842476,8,229,1,2.606277975750525,308.9252732013755,0.46392432681640783,0.6452583121462374,33.25083435335489,62.92492830421141,8.35160314969201,0.09717486925684392,0.06909694246581774,0.7446698322249736,0
12.738481864751037,76.02246382400574,7,207,1,0.9155943485031841,306.62861454123026,0.7349391830765205,0.6113920750331752,30.255580161148636,53.95542973432883,14.590476300879265,0.0011388852834876308,0.02130141437519833,0.8893522926242228,0
8.533439888960832,80.20480699083065,7,210,0,3.2053081801840895,318.11164635166836,0.4467792763724363,0.49649702538982593,35.015135451431,58.01213258785489,13.484626939813033,2.1119228077111937e-05,0.04575983817322362,1.0,0
11.795162333833094,79.30357946881136,7,206,1,1.078682521440236,300.7614376067959,0.3544465162968368,0.47739550786129237,32.47114266542513,49.690016737554956,11.807670091618617,0.19989593385662152,0.15034811669395093,1.0,0
9.916018904725444,78.60129619333891,8,221,1,2.319211174022227,317.7297050579542,0.6899284072484901,0.45032754248562723,35.85936835890574,55.979017880866465,11.738180079581973,0.5165116391426287,0.14630114233235467,1.0,0
11.688552501735348,77.97294447258564,7,211,1,1.20098987893074,305.0465758649006,0.731778308307263,0.580058172177572,33.78951047199275,53.49525681812709,10.742871652620352,0.034339460559440364,0.04952836300750768,1.0,0
10.308594442445006,80.54491393531349,7,207,0,0.2696094002473881,321.66664936674795,0.6228527789891675,0.46995510365588006,32.55577673106356,58.66675841677518,12.124875538618944,0.0006643071813095877,0.037674319153124004,0.8992891233532457,0
8.050585639021806,79.38795397345356,8,226,1,1.278650962244123,309.92863789734076,0.5130598616768484,0.39816731671937416,33.586239443516746,53.66618385197828,10.929195791276088,8.323312964206731e-05,0.0337815117013487,1.0,0
9.295148702668525,79.7135476045639,8,232,0,0.848122642845397,315.41512568021864,0.5675018740777213,0.663078996864316,30.950265062254015,58.976638599098685,11.120331866641372,0.021445987087107286,0.011177150845107798,0.7272182682626289,0
8.23736290400657,79.79677095508006,8,233,0,3.570695073610516,302.9032634344282,0.6828006284386625,0.43365289687293085,34.03809141044366,56.13414242374537,11.859697062130431,6.0262509158921866e-05,0.007628171540194551,1.0,0
10.392711567679168,76.10062469312389,8,222,0,1.0646484585525728,306.0932258028108,0.7041361319786381,0.4159507967377948,32.19859523959505,63.48943278114058,11.310756654798972,0.0006937429300025756,0.0027514400880764268,0.736912242514487,0
12.704399205677825,76.2515481712864,8,220,1,3.897692727075688,316.81460626453344,0.3910103546843679,0.6896003891303419,31.78797037552331,54.93168619525301,13.871501049503037,0.007479315523644264,0.004599515221738631,0.9728889125294014,0
12.13278185026044,76.91247893431253,7,211,1,1.969383246899461,313.208530807973,0.6971986868964015,0.6308512034647042,33.39584078194328,56.31427122189735,12.137774607095539,0.04003390594406268,0.015103553885760616,1.0,0
12.417908242966767,79.0140009420005,8,241,0,0.8842598662705967,318.4914571431494,0.5969399264865266,0.6564627862843713,30.00983073330635,60.639093910837325,13.961092190048905,0.020508174814998854,0.025344704234980885,0.7006790495848393,0
12.520318033306484,78.8701663025173,8,229,0,1.5653765326627824,313.52165615425804,0.36291142085439865,0.4901442184473056,30.752295019311138,57.958941126745465,10.09669459603494,0.012845738104151499,0.00324665512750543,0.7013475993632319,0
10.082862813043462,77.49575235209645,8,242,0,0.7337244699903493,313.6639483375738,0.39339428102815877,0.5969744830888423,34.007700234390754,51.96540994202702,12.12167725804732,1.0,0.30444768098098396,1.0,0
10.833744085163032,80.47579431060251,8,220,1,3.3347330153818153,320.59821556150644,0.3682136854854753,0.7228777000875344,33.33823586729509,58.849131797673486,14.17079268003471,0.0020041134860084822,0.0221152631926201,1.0,0
10.847326552478247,76.42829055378937,8,236,1,0.47987707722590134,310.1925580153402,0.7294234290341768,0.46307890497771664,32.68478504905898,62.13034753737199,8.861793464047176,0.01213782315228334,0.03050331403861313,0.7310998545647895,0
8.633967694842005,79.57291256474925,8,224,0,3.494111005981653,321.4810732717801,0.5206071610666738,0.3775848382377741,35.068179681398604,56.905410719805246,12.337886388020742,0.006477684316783382,0.01316491339016144,1.0,0
11.349595883918335,78.21203475055212,8,231,0,0.18366819380835286,308.93316595308,0.6362462523431403,0.4183512236369884,31.49250957710376,58.087132032138406,8.588812000136153,0.17298167865448957,0.10573238868586177,0.7130621279376035,0
12.033006762401879,77.92663731987362,8,215,1,1.1984317261173318,307.8862609624811,0.35068693653916444,0.7089865129376228,30.46135760095217,59.79647491540678,10.1703025811425,0.04660489917066906,0.03715075367211391,0.6385689798421221,0
11.421419787034448,76.11759896869653,8,233,0,0.5595468809711073,318.70611064175466,0.6672687866302162,0.4626124328774035,30.417051996454774,66.19258749101392,11.688306476839992,0.00026085956845193575,0.04345494310402359,0.5401786328610604,0
12.177409234373327,79.347878351453,8,218,0,2.741062183682949,300.2771135879119,0.5428141549253266,0.5465011627124656,31.45890329336078,63.60997800310958,10.536714567749922,0.11633140915649465,0.05958954833788971,0.6484036490642593,0
8.665791101499197,79.54924734952807,8,238,0,2.049286923972164,304.1326108761313,0.7194410679050715,0.563827573626611,33.988190550879864,58.07977603219557,9.660674773847813,0.008958975184659374,0.03417682159702897,0.9546947207628312,0
12.263890099471393,77.46720448522792,7,203,0,3.7573582913914834,301.7223777549068,0.5583589965020761,0.7340054500070697,33.981814726259955,60.862060291220146,14.017389231715512,0.07258160954971934,0.00037679656194179734,1.0,0
9.165584578863468,78.37802920474088,8,226,1,1.4647230443225965,312.2905222322198,0.6655200596896198,0.47059160612186707,33.769231892598675,57.65096737336594,7.714925223061328,0.5431707437745282,0.21651163455058814,0.8851725737513131,0
12.910230207901384,78.78963376688036,8,219,1,0.16299637400197398,315.0737040318863,0.6017866765441267,0.5585565163960133,31.51661623931965,63.383439163402166,9.254783386685395,0.00280626139068408,0.004369111731443859,0.6181869082571746,0
9.371615349164456,77.69116811717265,7,209,0,3.0466362527805337,300.24902270070015,0.5582153890558471,0.7332497314244559,37.16989699110378,53.137504564889944,11.58009924853586,1.0,0.5378591673518546,1.0,0
10.755157348666465,78.83167722833306,7,212,0,2.3180025987028694,303.8751251649681,0.7292976755474007,0.43053792802511237,33.22999555756591,55.15013830565393,12.787517638926444,0.3627175648303106,0.08377609868644247,1.0,0
10.728691261277152,77.99698447331704,7,207,1,3.3097412209776556,307.26099260629695,0.5482396888501498,0.5891541207229396,35.35839550893609,59.54129355933028,10.415898770649394,0.1435635024905005,0.045535953020665834,1.0,0
9.505561794195275,80.03912133527885,8,214,0,1.7045542882944327,307.0614320454864,0.7069553459896707,0.3754427024143803,34.64840634575127,60.818941182172935,10.941168950368445,0.0016131925505567745,0.006013922901157123,0.9888578100188878,0
10.02557367274973,79.30516084277683,8,228,0,2.9527246454258025,302.33118520546856,0.36443105205394755,0.455190071463227,32.2304133598583,59.046406300762804,11.80626886387489,0.07714862528517533,0.0842890075470831,0.8537824308562194,0
9.039341794823315,76.50829992246041,7,211,1,0.6842628245978726,304.14833894521286,0.6129675380996473,0.37768597583364705,34.34167204702722,57.25076730727261,14.736765119600555,0.005056508358257034,0.0027367565767189737,1.0,0
11.192563905767877,79.67817464483022,8,224,0,3.998106219327364,320.32924226333694,0.7146646316936581,0.4820610990646981,31.88771861117672,54.424464151464385,12.928893864556894,0.06856625356126372,0.0,0.9630163919440321,0
13.112956941867488,77.55252590441704,7,210,1,0.6945878994764358,316.8139473987361,0.7097101317945096,0.4325735231186104,32.35875957285003,47.68541833597946,12.712566138250693,0.07703319973642216,0.0646239851449488,1.0,0
9.773002405225242,80.30361474134723,8,221,0,3.319202510635464,307.1062651839203,0.5440214522021402,0.6693662891288885,35.16004319482999,51.49125673632444,14.62912060631767,0.0004426159703476476,0.0,1.0,0
10.845150614720163,78.77550788697904,8,226,1,0.8497526758509046,306.321779143586,0.5388388663878722,0.5353581796464842,34.882701722959354,61.95587287497727,10.82686575461037,0.41295535484606616,0.12412300020104178,0.9795453011898031,0
12.826531426688437,76.12685861894767,8,214,1,3.1300319383766717,301.92478085168045,0.6742053738492958,0.5120000855018009,32.96006371122617,55.1555457039234,14.315184981204768,0.0023231946047539706,0.008218603188840089,1.0,0
10.533994662894646,79.37806844346487,8,217,0,3.445009668109892,308.37374249755163,0.4840063540424815,0.6269292509953566,32.29630283602795,58.22253134404935,12.878713114442558,0.21808148814322043,0.06986304160261742,0.9110954357386734,0
12.65505783936435,76.60137809726682,8,233,1,3.506563624839072,309.5536683510639,0.7248645700626177,0.7288797261002794,29.12669726212798,63.91527347484999,13.353717187091295,0.049834760053116225,0.07967968361834628,0.5353001344994904,0
10.49978772495127,80.03543042160348,7,203,0,1.9028737876527058,321.7003597532987,0.45027364822170374,0.47061735718491204,34.984766337889674,60.634064825263394,12.949325527949396,0.04548500543528496,0.04648314735565583,1.0,0
10.46535781358089,80.36231941476404,8,237,1,1.7152518924665041,317.83477713636506,0.3797591309252479,0.3767004189380869,31.72445677105098,69.58370064719198,13.21489075511043,0.005016136706999854,0.0,0.6214767193027388,0
8.880543788204315,79.19817692393497,8,218,0,3.3351645205229454,311.4996905843762,0.6587695810451425,0.39391206690168146,34.59679670477961,55.99106593351819,10.709703893811207,0.1158869830271511,0.04019251413305566,1.0,0
8.699881416789038,78.45121477289334,7,204,1,2.3179568918032563,303.23657445096194,0.5118897022048998,0.6928860095282702,34.18676059595106,51.19284513360473,9.476914498115436,0.16913821270260398,0.01585819333470974,1.0,0
11.42438176804913,78.76948983603171,8,227,0,2.485107325954113,315.7478795761999,0.492310947425336,0.6883419965010538,30.698914155246115,54.47069868773561,12.177386900499304,0.1868202777763634,0.17706930512733282,0.8394373271836547,0
12.633067738200836,77.97273378750128,8,217,0,0.944268484834486,322.46429550650515,0.4783639819118344,0.5401461627654603,31.83080311284031,50.63182594400682,10.81596457859397,0.0926917479092446,0.045043838258829794,0.9765252426176025,0
8.758276326361084,76.38448079726712,8,231,0,1.7846280568104267,301.8730764481765,0.7421768936744155,0.40905718532237445,31.0009565906574,60.98731196399375,13.377977245181443,0.0004232682719251362,0.05523573559668791,0.75731235004462,0
13.096526098199131,80.27268009463785,8,221,0,1.477795552267148,320.3665864286743,0.5786706612292863,0.5605957506360724,31.061035837690113,63.752084569860756,15.514147218343178,0.00040553672998903766,0.004179051414874014,0.767634874383828,0
10.009726890440284,77.51425805987043,7,210,0,2.6612862363521366,304.3227493252598,0.7467657770395164,0.6173687560719168,35.82192840726045,47.20004937295913,10.935632727103949,1.0,0.5277355588672619,1.0,0
10.381440356516602,77.43909975902186,8,222,0,0.7859331200767841,316.83074242353746,0.4874323953373878,0.4828945960510438,33.626068402077934,52.3975990386957,8.800715146520256,0.35074824158364176,0.1779775410184441,1.0,0
13.008939051301523,76.88009396883099,7,202,0,1.6230077068891546,304.412544893842,0.5155876954641243,0.38300721152833117,32.36786363562532,50.33712374876153,10.762271992606387,0.048002660352018535,0.02117841712215073,1.0,0
13.019260121799874,80.56507794463852,7,207,0,3.3949282359926305,314.4003253172953,0.43470507924346713,0.4787766566912576,33.41841651903052,53.62156247346954,15.63896846138227,0.00014378509972680064,0.04412406680256591,1.0,0
10.939209710704803,80.33579641148934,8,226,1,2.1857827083541292,305.70299002150136,0.5221456465358014,0.6262295866416678,32.467149344942484,59.80939802237254,13.074987484011979,0.0052894207799123565,0.046316367435312034,0.8962025149011916,0
9.549883688938708,77.60738890132728,8,219,0,3.5841759092992476,313.00075349167855,0.37480213716144617,0.7413470755291387,34.784758454734806,46.46890612047674,9.386009764147314,1.0,0.4672435345775262,1.0,0
8.962861045093785,77.19602475234659,8,214,0,0.9301097758267227,314.4037888594963,0.35022314077319483,0.4260360583772686,35.61125720114921,57.91682280593917,13.623603390792253,0.29628393188583946,0.09218055545643004,1.0,0
9.520848265611061,79.70469983653885,7,202,0,1.759613346393078,314.84448780257145,0.5312293904421415,0.715822299051284,33.52178466818363,57.95055587024593,15.003536046012297,0.018825365435943098,0.0,1.0,0
12.371513426700698,77.94400623090223,8,224,0,2.0016648927804206,316.3871730673619,0.6484095698371295,0.5326491647003742,31.13989664208977,52.26336194293867,10.771831699803043,0.09086038282293624,0.0,0.8813141953943555,0
9.817708492396438,80.45182503040544,7,212,1,1.6022696292247454,301.65670980923863,0.5248260665848217,0.6152872501803306,32.974012984266444,57.11156449977961,15.057976886808675,0.00015231490473190232,0.011789181456616154,1.0,0
11.889544181784848,80.14559695620294,7,209,0,2.7379742493901214,316.8812976921105,0.557202159665368,0.6954795726560863,34.973249195353354,61.67144873823179,12.993059321282125,0.08539632369362644,0.06278924455836303,1.0,0
9.093124604765745,79.49347617439687,8,214,0,0.5948792463738815,303.7103453816499,0.5282463582262087,0.5729841653256014,34.00526732147949,56.0721962034198,10.2287908432798,0.06358704614943032,0.016074396417956254,1.0,0
10.679620343057838,76.41365173452608,7,205,0,2.0776015606874307,316.24877887528623,0.5607217119685167,0.3745845536118869,33.36150135213317,55.061363561801635,12.099416567246466,0.011386265731935661,0.0,1.0,0
9.971794809929404,79.2297875881553,8,221,1,0.5550894019040369,302.9769027416978,0.6602416190998709,0.45631146884801677,34.6427491186981,60.366337007876396,12.344111466744502,0.07977392207335932,0.03261756594232106,1.0,0
10.820229010593291,80.54137017956002,7,202,1,2.516789955150219,311.50595305324214,0.6715145162473781,0.6711622909652974,33.614885592775956,63.17099912902674,14.283127887993043,0.001107714757152594,0.0014014274366135192,0.954899343030518,0
11.191693629152988,77.71714565172533,7,212,0,3.320992533097868,309.28244222356335,0.6852232174849883,0.5711567343607653,32.55762726225395,60.34936400363778,11.791152375903149,0.05019662988666743,0.024537559197782152,0.8516232501872965,0
13.549235801952893,80.05521741402684,8,221,0,0.07998818677425623,323.2163125594384,0.43497196322784654,0.481629704291373,32.705055936867566,55.482179242061434,14.066944646876676,3.7242868854178242e-06,0.00898437031138788,1.0,0
13.039412264259532,77.87745246099249,8,221,0,1.8277448868157378,315.13941997786696,0.5331377825375667,0.5833206903018755,31.687642181620063,57.55171983295454,6.674280908359839,0.057501859175467095,0.04436265609004458,0.6813921305667049,0
11.896852274135467,80.46809040326315,8,242,0,1.9708143672411809,302.11694191803156,0.6824022784814285,0.4574280424572165,29.44118102253703,65.00120117969472,13.956079803712123,0.017219077499919883,0.009740271205624155,0.5561992195286516,0
8.860963434970344,79.00652030930276,8,213,0,2.881016842612549,316.82127507451105,0.7267516079509181,0.44640411993384393,35.83350698431525,48.969263422818685,11.407566961370122,0.1761093644635278,0.06256828586143534,1.0,0
13.146559915499623,76.44390222140345,7,208,1,0.29887972790014317,304.6593215826956,0.5671933529616456,0.6813572096283659,31.150367329108416,58.790490914675125,13.18272892057352,0.005170932150167536,0.0,0.8124799803119545,0
12.998481995964799,78.20361039845527,7,204,0,1.624083125080384,306.8676087051206,0.5471999912006833,0.5100270425077958,33.43598016376892,61.3922515756484,10.094581817741622,0.020355705827457018,0.023805091418799915,0.848626215992982,0
12.965539208415738,76.2287522656295,8,229,0,3.1419249246902234,309.0826329706714,0.655837908458984,0.4595955786926278,29.25846353665864,64.27752950687602,13.063828609916524,0.0032358423079031132,0.0236881351997339,0.5291715052953108,0
10.682494440377113,77.8173483289561,8,240,0,2.128578246043497,318.6294105674016,0.7466777254410163,0.5136705728273765,30.45386479961647,64.19438780186678,9.537555335878002,0.112503993148665,0.06307520062693207,0.5204398308394093,0
8.955957581941918,80.21075358504896,8,233,0,2.9993847524530453,322.65794253087336,0.5203728793405298,0.7182533315845536,32.69750974528702,56.46509839799806,10.886621643258138,0.00017930368448987823,0.07740175086462461,0.9213305518368895,0
12.224658003825962,77.06813009461426,8,236,1,1.4560391210866324,322.18404424435164,0.4160398712939334,0.42231547616489673,31.704687824380642,62.70410483321802,8.887269123965247,0.06399365304122985,0.05301013544231426,0.6374710380841226,0
10.175684218346372,80.37261177917593,8,234,1,3.6803507275434204,304.0964071630563,0.6837227204347782,0.4240917391401791,31.967796132912234,60.20389384110355,11.135773029574377,0.0020421695521446897,0.016190936824938884,0.785222721781251,0
9.929582422276516,76.45964600532164,7,204,1,0.3093810328780595,301.44992345746994,0.6341700833919921,0.49150594649005497,34.962032465015945,56.49183179327315,14.174505873061438,0.008465433052823806,0.0386559260195258,1.0,0
10.188379270331954,79.05813311654119,7,212,1,0.36465762321119,319.8847924627083,0.4080303087981125,0.3741755139912637,35.03301395866505,56.27243964589993,11.817890662404793,0.1084827669427123,0.1289519845952335,1.0,0
11.13079512180855,80.4421535582923,8,222,0,2.1139436196361854,306.91723830795615,0.47940371869522064,0.3799684904104885,29.78568211528431,55.74158011264815,12.52323475889392,0.0014606816273957065,0.028278413291089016,0.7459005933191686,0
9.86770545216729,79.00910643917295,7,205,1,1.8832953961426102,313.9878264917501,0.5712893568920054,0.35439143362963366,35.244879331106894,53.749414707553385,11.445501644964441,0.17066476957601226,0.04681513041005374,1.0,0
11.863555421589464,80.1354181872743,8,233,1,2.553870109859606,323.48705916567144,0.6425862241307505,0.4084748331602943,30.60062985751453,63.59762065944951,9.90438130830914,0.08416227686457842,0.04744899491644624,0.5573950560231046,0
11.62725325616451,80.55874018337066,8,217,1,0.9162245389568722,304.4741281289297,0.6622586334220258,0.6061549517055109,31.23656894797477,52.36389350336165,12.018058494988662,0.0039671819193272725,0.0,0.9260807735582565,0
10.849630637430643,78.95247980579533,8,214,1,0.9041131639075024,308.99654140456454,0.41229254793196557,0.4285704542471443,33.333455586936644,51.994259133394905,11.6750894905717,0.3486454513262161,0.12801334924928454,1.0,0
8.302250097438774,79.59841369753678,7,209,1,2.996438271078815,320.8223747075068,0.4367002682268584,0.5011159857982584,34.121221410413746,50.681678408068876,12.214534454317956,0.0004104866038927089,0.07098841815459954,1.0,0
13.244639021278566,76.14713189138679,8,226,0,1.1670608028186926,315.599533129873,0.6476490057700182,0.6322341345230886,29.056518758567975,62.600017023791764,11.493355362417383,0.00040630991393217776,0.06459294196408323,0.5005435399830575,0
10.305499185474185,77.9656277411876,7,208,0,2.909166940640009,322.5012721620694,0.39644494910963424,0.36272926470558997,34.74788858208669,54.360382066201424,11.246032663527895,0.4704673514277519,0.18758018467575435,1.0,0
10.516937888000967,77.3260206261226,8,225,0,2.562827940318319,315.161263559012,0.5492640955698248,0.4336235659520777,31.717948999443816,59.008075921345565,12.096017445310519,0.20950598770313225,0.040535459871962554,0.8209834968674814,0
10.553782068561727,79.79125253638692,7,203,0,0.3333086133166945,307.2856792329796,0.568396861756668,0.7483552853955922,36.24113729092892,47.23699042558183,14.648620281887696,0.12559043383186372,0.0637792697923247,1.0,0
10.044156566135428,79.116858857874,8,213,1,2.844518558944296,319.32260653253974,0.4857418188502462,0.5887847203012291,34.91545060008782,61.26854690902342,10.470590213515761,0.09553467816398069,0.03794282275179692,0.9864146739791657,0
11.777692299460854,78.82630542294886,8,238,0,3.518061498423702,318.22233011810584,0.6685344856507525,0.6139918600658536,31.18959562828354,63.145816294095496,8.565354101115766,0.11051273692828999,0.03547241723267967,0.5746710337035963,0
8.077939096613555,80.28516996396702,8,244,1,3.2665850293904892,322.40685458589275,0.37216632429831614,0.5564192032019348,32.15555716883646,57.966228172937335,13.712618978592806,1.1500418875697189e-07,0.0,0.9311218144187894,0
12.8916466441398,76.40879190337463,8,214,1,0.035447463559100445,311.4280063731128,0.6609777979123186,0.7363569850359147,31.79340944555295,59.68014182907578,14.937265579400519,0.013005224059111408,0.01419438489534448,0.9011260736173281,0
8.573658541509538,80.38766985218703,7,201,1,2.158855624554495,312.06814289122343,0.6084130993259954,0.40771880813571026,35.84689610475747,58.263635402813875,15.452343680732866,3.4034477899896525e-06,0.0,1.0,0
13.598396580586979,76.46351765297841,8,215,1,3.6533488470936866,307.7717544086802,0.5528870302693591,0.3769491164103149,31.859288702836768,48.66703564634895,14.077929480059407,0.00017270412110585368,0.044873641479409046,1.0,0
11.517262723389637,77.59628071565957,7,209,1,2.3949026967966653,306.4502000281568,0.6989490789914408,0.6764664669849973,33.76989803320022,50.54958641093386,12.426347381302085,0.013288685764412113,0.06031920350892533,1.0,0
8.37098025498623,78.89925885806703,8,225,0,1.1613042826124063,323.9166676593912,0.43089857521344516,0.3516385478111546,33.02811553480104,60.61058549164507,8.966769430047636,0.011223360448779553,0.019151691438931907,0.7967637172191848,0
11.14964753279031,77.57079053779039,8,225,1,0.7781785679991895,323.45413238985344,0.6703096140497395,0.5746247219415337,33.24167847414441,54.74740946736147,12.242647531131647,0.04499711291507816,0.04026722603492565,1.0,0
9.855323637807443,79.13966688015408,8,224,1,2.739790117419848,312.7115151120283,0.4251098163046186,0.3505649548548607,33.11755770548189,61.96160738325834,12.150724142981979,0.11580901557189599,0.06744457981192115,0.8736931075192703,0
13.337042049506909,79.5669256482996,8,222,0,3.085015738851492,322.92205397673206,0.7461784388892003,0.489297858085773,26.900542679553837,53.77454000905044,11.80349638404185,6.667868285851916e-05,0.020091392293028667,0.5266924850963399,0
12.230637626778554,79.81112681773016,8,214,1,3.6503390596696015,308.5477307425546,0.36310590795592423,0.6103545876908762,31.964166943983503,52.65776406445211,12.87403879077681,0.1695597643734961,0.14994124253778027,1.0,0
10.839282144431243,76.8249810241584,8,239,0,3.622866334132421,320.39986377779246,0.5712789036712203,0.5689305469221027,30.480510236924808,65.08777835435197,11.795383307513447,0.07665743943299355,0.0,0.5733642846734854,0
10.406753437241857,76.8375528024687,8,229,0,1.357120664462864,315.23683578828803,0.4172067256885237,0.5739449208046769,30.792241195117935,51.711338558028864,10.452909593100255,0.08821289326510744,0.08148366695588874,0.8546437786435694,0
13.576865648421403,76.24064452847298,8,217,0,2.415507726023136,317.20958673935195,0.5131900265893486,0.4129384781592407,30.359451017197177,59.16549545577065,12.40985745028318,5.377423821227642e-05,0.016601797567477723,0.7140846199595441,0
11.73735087578026,78.2579184589714,7,205,1,0.4060767434359751,317.23687037770185,0.4091786680698245,0.46789308083949877,32.4555931094156,44.34253198109833,10.306841485260199,0.051202721791245145,0.0120503553969726,1.0,0
10.878006557390949,76.63265464669152,8,239,0,0.3778502006551898,315.2598876001503,0.427530180716216,0.6340116453603288,31.10082396975316,64.18446899984708,10.299901750302507,0.03643861537278574,0.1018183464537041,0.5983968382908926,0
10.228487057553654,77.46554616038071,8,220,1,0.28587426720218634,320.4558722716827,0.37439220349059527,0.35931886528302753,35.355574660830264,48.191387820119886,9.898363072239064,0.6764842501696293,0.23955967450848797,1.0,0
9.817664001667145,79.86599786870316,8,221,1,3.7085769843516485,309.40831801577383,0.35320141810954037,0.5881133205589019,32.60446976919327,69.44426710333666,14.002961574155186,0.010099666679226576,0.018026938149778165,0.72253687210653,0
11.950348773289125,80.36383113650135,7,203,0,0.6097297049099741,320.38053482311415,0.6377223544426665,0.5568262447453864,32.75676647346934,57.687003881479356,14.239539488194163,0.0350676061864417,0.04794590431356379,1.0,0
11.292158883473753,79.78154935779625,8,220,1,1.9293047939545143,304.40196393409315,0.5313842130984683,0.48758288605684996,29.912785558435733,64.09038490506101,12.716439845121853,0.04551538091488641,0.02341031324494031,0.5770012104727908,0
12.749835077702022,76.0029825625473,8,227,0,1.732289459177629,304.79902608480137,0.3682368740712489,0.4839101238528738,30.54850713336947,69.96316655679917,10.646598276091561,0.0009337269376843357,0.01093046626790917,0.4347892004242245,0
11.099940050498896,78.61291151015834,8,237,1,1.2990844385066178,317.21623728940807,0.7255879275535486,0.6695788871188394,31.281121031744483,57.45108450437174,7.893275687617297,0.40491157998927635,0.192578004998142,0.6878452955640421,0
11.26105578473814,76.76663659600791,8,221,0,2.1509226094057454,318.0031173678621,0.6162440581850129,0.5027987451021385,32.92079891728717,48.94326592282719,13.680112105333498,0.027016343095596668,0.0,1.0,0
10.67319637112181,77.72843579155108,8,240,1,0.011163561894354412,321.65522579682164,0.4557092528133976,0.38194387595053025,32.985246562483546,70.80512558444377,10.735503948373266,0.11511896159737817,0.10627378185077363,0.6219189211615429,0
12.270677299229973,77.9684271430678,8,232,0,1.5205973532783896,306.59238971531346,0.5254780588480394,0.734815775584236,30.718169180551616,55.57906532247858,10.630887175017444,0.08148342472825726,0.039378024654638744,0.768083426543517,0
10.323956186151701,80.33752748593537,7,207,1,1.9173762418786162,301.34566685727464,0.5457066731622532,0.40214770492676727,33.97834250233146,51.26899854909475,12.055640584374448,0.004480268256375212,0.022693202151663407,1.0,0
12.770861786487522,78.91519816669687,8,225,1,3.213217544821202,312.17932140976546,0.5779711259083457,0.668981532027436,29.384141335148065,50.94701939289217,12.467226474848914,0.0033744691447363225,0.0,0.8172343965370968,0
9.83145066246688,77.23121323910881,7,212,1,2.8038537172065814,321.008171169043,0.6929801110678249,0.35557733347791615,35.53869278643896,44.44114164058411,11.420736036044818,1.0,0.2680397046359273,1.0,0
11.878700259733407,78.95685626691382,7,209,1,3.3990472160718292,323.31518048752446,0.5859601130936609,0.4957593687191494,34.876696234602086,52.367498812134514,9.308708821613038,0.12749961092999226,0.020399178782043257,1.0,0
13.000637034958052,80.37858119674804,7,208,1,1.5051929410604847,320.58783108491355,0.7414904596179452,0.5560722186598223,31.753130269229686,62.45353086890173,13.523487168042612,0.0005795023998384635,0.0,0.791958032683767,0
12.306813636698278,76.2721319708236,8,236,1,0.5636221111895541,311.7589547921425,0.6407236357186903,0.3619129936436094,29.769587220353092,60.73513437437383,14.044811017170739,0.006734852589371583,0.0,0.6811407376632581,0
9.918605598089327,79.75354327207607,7,207,1,1.6042258557322122,320.7211736657047,0.7454068793083236,0.6436346509593823,35.01129472322154,56.99951013723314,13.36508890050878,0.02463403578243408,0.06366076615705818,1.0,0
11.955498416524328,76.99772875628504,7,202,1,3.85223853570003,305.1353021728569,0.5702996605105922,0.4542325964811944,33.0789655600668,56.55982549633204,12.977021568488166,0.016919582856794457,0.0,1.0,0
9.159114961815852,76.7042965794942,7,207,0,0.8573103762290741,322.1080716296366,0.6213796753852359,0.5664673820082827,34.16522393069942,56.45060538726052,15.155851123025245,0.039293527549222836,0.0,1.0,0
8.325724444930133,80.13478782589786,7,212,1,0.699021451896253,313.6043030644331,0.6451594288258586,0.666931052952721,35.11167603446643,51.72023279242345,13.488124642739724,7.811342705006612e-06,0.0,1.0,0
12.431737742011165,76.00850750219033,8,238,1,3.777349104636303,309.34472605925043,0.6518988138275988,0.5864455271791797,29.779707310979315,60.95102517999957,13.230411570604387,0.0010556197532967544,0.0,0.6517365223852285,0
12.524851045297327,79.4089944057153,8,237,0,3.7996923392408513,313.9593883719437,0.35977185133451633,0.5322453098923973,31.270567529308394,60.52506286166986,11.800357120371935,0.03874718939292749,0.01951800376679983,0.7407515016391033,0
8.128413257927345,76.40125068549118,7,206,1,0.5969474177196625,318.8161970368127,0.40098972829406315,0.4844449448059618,34.74971814449967,63.01753333251081,15.678755717980785,7.111106694382883e-06,0.04933644919164666,1.0,0
13.307652077671852,78.84277835718683,8,226,1,3.0778114462047963,305.7629163063544,0.4410889544116357,0.3680420915687545,30.95209572723663,57.28504767971643,12.67189386475042,9.477004763598775e-05,0.013355536598612843,0.8134480454383605,0
10.497039030668947,78.85612574639661,7,205,1,1.7189700167430817,302.44511526644965,0.4585977963505672,0.7152084011069391,36.67214385833475,56.701466451593966,10.360550992628246,0.21167996095771574,0.0764012140896168,1.0,0
13.069524025638179,79.96876982766072,8,238,1,1.9688628640196866,317.59488248789233,0.7121472757181291,0.5867725848419919,29.159736914926523,69.38447052764616,11.962512964210136,0.0013764467906063505,0.029253151483755728,0.37304059464997347,0
12.413777343611478,79.78398988725591,8,241,0,1.9947525858325847,322.85925519199014,0.6390412893889742,0.6026142212715091,28.31180834949373,58.78035682897638,12.130351301615548,0.10885952032063234,0.043163515375797476,0.5432717999893772,0
13.04365975572879,79.15175597819577,7,206,0,3.8734862444733746,315.28747420738176,0.4073126442137475,0.5262049910783833,33.19454803362588,56.629771226207545,12.274701589795413,0.0003693643989359267,0.09244353365947823,1.0,0
12.666903545455584,77.75051891593628,7,208,0,0.7386444570003543,303.4220028981654,0.520542013232432,0.49908486239689187,33.70167235903651,61.299081016247875,10.08058560771948,0.1353566958232403,0.06571100577204621,0.8724003075776565,0
13.454374069686216,76.76546643641882,7,208,0,3.092254941011273,315.4412488669694,0.447248618051633,0.368661896319517,31.50168678352899,58.74994334320874,14.58689610020404,0.002355989271649787,0.033283275998608225,0.8865378830208199,0
11.522965607144407,78.9241414600567,8,233,0,0.022696433438433417,302.7991703083412,0.6819454586283239,0.4175966513421296,31.966759849101415,58.49401218960647,8.278796779983633,0.17492365616463965,0.09758579199870206,0.7338532270305738,0
9.272649543494012,78.28606107405639,8,216,1,2.514440427635223,307.2845940724779,0.7171187944078222,0.5202194020379162,35.97552501686823,50.735169057606974,9.123684746279341,0.6952076284112337,0.17923224509312077,1.0,0
10.18155353210473,76.35853440649439,8,233,1,2.6107119067962383,300.7583448287752,0.41571605472543566,0.44668185495900714,30.95268754958304,61.99378699633576,13.570720395752296,0.00470887869025631,0.027470894625797042,0.7369470415806069,0
12.210523792266855,80.39558469615672,8,226,1,3.014824837802751,311.7000389781096,0.5166283127910042,0.36777680649952443,31.95722853878684,63.085987442526196,13.264219058397943,0.029403744845324778,0.011717332292117966,0.7868095028621458,0
8.879027961297144,77.44632979159434,8,214,1,3.7038494512245017,307.7125004521896,0.7311347941012651,0.5684056161637001,33.76208453433766,57.24841618899095,11.940260484826899,0.44116596750630155,0.10188058091397807,1.0,0
13.20711708260251,76.0098475189646,7,205,1,3.0153404226225566,302.3405253562895,0.6128357770766356,0.5356454817620165,32.491531656300644,52.382591427664075,14.175455696096218,0.00015916152223457674,0.023059614022278973,1.0,0
9.149561916322016,80.14777539765223,8,220,0,2.928575943358035,307.4166552547836,0.6972387473371736,0.5185492021235147,33.77380294924079,55.2050330375663,8.756628068831962,0.0005343974313879355,0.01608489556908608,0.9724608054195912,0
12.905458533805817,78.65443404740506,8,225,0,1.0151500652838998,315.5416828659879,0.49307749240166165,0.663691766959076,29.373433524773993,68.30280029298324,9.706523877282304,0.005658395106513453,0.0,0.34438610282994403,0
10.708854091096091,79.37207909833145,7,208,1,3.971358836685918,306.9379573320113,0.4338809464946279,0.5898111381621529,34.38848665740408,49.617439070549814,13.368940306020214,0.23451410932441466,0.14112995620143703,1.0,0
12.707472830879508,76.70226470535877,8,223,1,1.8736352436957033,303.43373081743033,0.6265214915916136,0.35056605933170315,30.84887471433989,60.667308285429144,13.003188216257772,0.0660919528306506,0.04760752992302944,0.7400378960546208,0
13.366455905875561,77.86118610051979,7,207,1,1.6698004091168923,313.0751391606187,0.4049705339509876,0.6547639594324342,32.34691833370899,57.983424642242966,11.105755036496706,0.012860127398381447,0.0,0.8652219362053166,0
10.364025731624059,78.96728165714323,7,209,0,2.007510293108374,318.0774544940756,0.6859607586905041,0.543035028155828,33.6158622102363,56.89664826848772,13.422446819440369,0.1476244878630883,0.04727918990658782,1.0,0
11.90098542914026,77.15443765755062,7,209,0,1.5762258230147337,319.923392548955,0.6519348627421646,0.5567255893425019,32.78687160160875,54.85490184210501,10.89621390233749,0.01206512383536821,0.0,0.9648592769797757,0
9.26961857909237,79.22689514784712,8,217,1,2.374550284903818,311.33033071471544,0.47196265401072135,0.7058291067142506,31.691882493354882,59.353343783745764,10.524662676729209,0.2349222486520796,0.12100740910751895,0.762033832344122,0
12.484400013399815,77.07462864429982,8,230,0,1.3984983591401057,317.0657381021693,0.5494846078875872,0.3936878612598429,32.12491192876857,61.431783789018766,9.091875778915888,0.12424993092213152,0.05906454784704708,0.7071574723991964,0
12.591583635985401,76.96198800484342,7,206,1,0.9597793957783836,319.9998659626585,0.66967755984775,0.5897615384712288,33.86908816834577,67.48114230162096,11.731815896243196,0.12031824893564144,0.05558053435636476,0.8005734318615036,0
9.653375942583658,76.05347339119776,7,208,0,3.711979607182958,316.14934153372144,0.7239641279089702,0.4628638923889995,34.203229555734595,50.92938131963258,14.066722937594726,8.743677953908752e-05,0.0,1.0,0
8.135188269835863,77.29677102862522,8,226,1,3.711313919883248,312.65451372199936,0.49086419835489103,0.3646845243804327,34.53929177337982,61.128826455614984,9.957417199976044,0.013914285862143235,0.016661011770222854,0.9421363473783482,0
10.414749409967017,77.13498924333716,8,219,0,1.9849816511227547,301.4385448113817,0.6659967273541058,0.5249526478890877,32.80587736144331,59.96150715991829,12.110632109903051,0.20168951341402108,0.11898155116394832,0.8909135411121173,0
8.952002991773186,79.5160401607296,7,203,1,3.848589375777214,306.96082499029984,0.4277868324377133,0.4634452123842059,36.37995061162875,54.25067708087282,13.714287562407893,0.039651761285918734,0.05784456882953825,1.0,0
12.58388604950569,78.62066556837243,8,213,1,1.6628686393774297,307.67556377869744,0.7114160556746256,0.350597184331338,33.10067216800747,53.23041105083449,10.859746140814961,0.02581249899378498,0.04949595349447916,1.0,0
9.462144756896075,76.81799262516746,8,219,0,1.549515473866474,309.4802700224179,0.6245000040799826,0.5471779966555231,33.841366879694846,65.21162503159339,12.142974462649558,0.16463661299001217,0.05619740911822528,0.8615457467858495,0
13.284679638260553,78.61338636636465,7,202,0,3.667624542856698,322.8214248793035,0.41109572802805927,0.47444936768300106,33.05465064251121,49.201476392289315,12.25922229800788,0.00047518327784108717,0.014523234467065629,1.0,0
13.442130182030578,77.03704051664394,8,227,1,2.531668012092695,305.0130082164682,0.6459315686439724,0.5236493119403491,30.439426774527014,58.657100861081155,10.994114846972181,0.00605040003114853,0.029470343196825708,0.6878049677099951,0
13.089481174794583,77.95731048824929,8,237,1,3.050069479987529,312.99731786417505,0.6396230685073123,0.35469245811096184,28.562113476696435,57.56560108316612,10.159624386506094,0.03736458227177149,0.005108721224835277,0.529539916621549,0
11.357841075154575,80.08575708390991,8,239,1,1.6509753262560851,323.78923456066127,0.6469189827668353,0.510712802633689,31.879289943408818,64.88917406230499,8.528922060933304,0.015596316704995748,0.0,0.5922657749703453,0
9.497596822321128,79.30857860977586,8,215,1,1.6280066579040606,314.85106945873576,0.4879509669698723,0.5381618143731665,34.661619586951005,50.83034810427864,10.902885811606582,0.14673516913305676,0.031898739464599285,1.0,0
12.520647123065,78.99506007682562,7,206,0,0.33321481951240184,305.0138573682764,0.6459200999707343,0.5364084588875542,33.822672003436836,50.576580057110064,9.25786481466718,0.011674320303441281,0.06784432954095392,1.0,0
11.92893413476488,77.29482386688184,8,218,0,3.866975538455093,323.0445823626746,0.6806280227240229,0.6367704773716647,32.47449552143967,54.34721485451066,11.202947751286482,0.013294840853433769,0.0,0.9596953028029938,0
13.47214274348147,76.57307565852426,8,239,0,0.9118358673684241,308.0710240572916,0.4888515638164329,0.7465146301943456,29.659251753005233,64.84210647002514,11.72451058577242,0.0009503961037904972,0.02170901575729249,0.5081706803330432,0
10.112611240970935,79.46356532777969,8,235,0,1.977068254535724,301.14889703036715,0.43318306663241746,0.36114494069449743,32.32003131787706,50.037721592421505,10.63747342319011,0.089809437032231,0.05710606828033468,1.0,0
8.329100795339233,78.61229576891984,8,218,1,0.45844108738428213,310.3526824190323,0.7051519685971676,0.5084106201851079,35.392018237254035,61.20072605322533,10.376805681729465,0.022192389862466837,0.0240588957945115,1.0,0
13.590963441498099,78.86469678119148,7,201,0,2.587814453417465,305.7757367082012,0.5982776259924674,0.6926869734279625,30.965106734549476,52.56413761865812,13.711338517181495,4.148487501842967e-06,0.010405199696941996,0.9519240539041975,0
12.694276380857701,80.48552126914409,7,208,0,1.5635018009910682,319.65273055428827,0.5341548676179799,0.6002787044861297,31.003382726639938,52.87825975342278,15.090584230121317,0.0029327072775487528,0.04506231673820548,0.9912346565574464,0
9.240342254471875,77.60227623276914,8,233,0,3.0706474963697103,305.27894002193415,0.7018975623759948,0.7434405961666619,35.02631202842631,53.83692782632509,11.007512295478463,1.0,0.543903215685917,1.0,0
12.06351604903806,79.6834386343391,7,202,0,2.11351461795186,319.6764965337075,0.40440225743125907,0.6353663774848058,34.18210244034064,47.3614262635252,13.478208920026129,0.19864445811284231,0.04056548280928306,1.0,0
8.003864980362758,78.57120146801225,8,236,0,0.5179172607397509,300.8681043968354,0.6742338423443901,0.6396989293164592,33.49288937342746,56.67059332387707,9.167587226488079,0.0035944775185875084,0.02304232248433654,0.9293258080827724,0
11.12373072414805,77.08219575126394,8,220,1,0.042962034379784075,322.29977563005093,0.5463285103533213,0.3804338125236394,33.17924186520123,68.61431384522751,12.957419913880182,0.07090651779502698,0.010200657407207082,0.7562047756260244,0
10.03189414960912,76.24328632713832,8,235,0,0.8497947292012178,301.0126446428403,0.3670097046072125,0.46010190010093294,33.32316029625499,66.70761531368649,13.738729104485063,0.0013135202724429244,0.03482723845995409,0.8349849688989299,0
10.13546503093071,78.83365010314921,7,206,0,2.8973859792818226,322.5249562556878,0.7390450742714152,0.5835238836603882,33.61510223586324,52.80868427761621,13.402985616950122,0.17069976554244598,0.027305319440496148,1.0,0
9.369310914563624,77.36903422733684,7,205,0,3.314056510403454,301.7685906199559,0.661226697099537,0.5589570709053208,37.347172622489765,45.26593047553671,15.504558830535732,1.0,0.16254920997418032,1.0,0
9.539133207546726,79.19920039381202,7,207,0,1.3653401426384577,320.9420064614022,0.4359023295418309,0.6550365705678491,34.942259437855995,50.20041030066287,13.604466549220023,0.2042158050065606,0.09010586398722191,1.0,0
10.546144517594445,79.22334494399665,7,210,0,2.143700284931418,319.95196890359324,0.7194782320005066,0.7474630769529936,34.20444811885387,53.95398987453048,12.65292985644617,0.21915848729368181,0.04768779944809255,1.0,0
9.389612198675543,78.0951181519689,8,235,1,0.9600531618342241,314.26617210257785,0.724138223462312,0.4327217058056878,36.697843650486334,47.339658623039135,8.567401860316144,1.0,0.30590070638512995,1.0,0
10.612063702468852,78.46742673746215,8,222,0,3.521772963679843,300.86366601757635,0.6701862400386073,0.5213596487982084,33.01024543874399,48.67227201312987,11.139153602708694,0.30194591773362667,0.20569034238415773,1.0,0
11.23314723519455,78.88211554527237,8,218,0,3.8608285836367275,314.90742736247074,0.40086817325683,0.6967359901756676,32.72342494764222,44.300850870163835,10.14127909462431,0.27037665906022146,0.06969338587749704,1.0,0
11.982223967974056,78.15558274148034,7,213,1,3.0117600949077596,314.82831409984465,0.42455253329334913,0.6852596846675159,32.86933458244753,57.1560599652264,9.432163309949981,0.055689835632946855,0.05205604258263657,0.8748427638570888,0
11.792015643823781,80.03590478736572,8,240,1,0.35554688236732446,313.3727393994521,0.6516131739616996,0.676877372864338,30.076761634864766,66.77979386119269,10.07509521615256,0.09636314968868982,0.07325189960453651,0.44835922038366055,0
9.35513992938533,76.3492990461489,7,212,1,1.7484743224756758,315.1566137147213,0.7155223081851967,0.5981574476459324,35.806566779998896,63.410378010215524,13.254082148616178,0.0023465793828843515,0.05575463303699819,1.0,0
8.219461706397434,80.50716353338152,7,212,0,3.962022726999907,323.23457767788705,0.43600725515776806,0.7472773992633872,32.44726850137562,50.633944231220966,12.34511539434546,3.428367673542015e-08,0.0852956166444786,1.0,0
12.66301845012153,76.1538741924781,8,225,1,0.917539317253059,323.8921739437672,0.53433113408944,0.4931613796988905,32.15658903328353,50.46273453685015,13.671178224331564,0.0038182900263228296,0.0025775699876832794,1.0,0
12.884951920601722,76.95724323712336,8,237,1,2.6818866807019153,312.49189935950017,0.411917583872981,0.3965179376542838,30.982207849407075,69.69874744512424,10.081662530005277,0.08384771014014394,0.020661013599975346,0.45915266495493806,0
13.481781310506321,79.25821613141005,8,217,1,3.754253925710626,302.20321498294163,0.5412031371322776,0.4030239632647231,31.771540708358305,61.49205784141759,11.381317034320949,3.7139155654054626e-06,0.044517610192257404,0.7479154865431086,0
13.374384720522652,76.39081719297141,8,218,0,3.092813553053549,303.2152570474843,0.6070116520138897,0.5242767703615064,32.02954011635359,52.0431369929347,13.095577042506305,0.0008411669208722817,0.04839904150282131,1.0,0
11.549358549480711,77.20599466449126,8,226,0,2.4354406226571155,317.28842110416036,0.35742195536374394,0.6719799939194732,31.534105277168088,54.19260942098035,14.379475692274628,0.010808857440779782,0.0021173448403666757,0.9840316235702484,0
13.007921542072838,76.70829272362484,7,203,1,2.0268206355822502,323.5671260933536,0.6071708766777186,0.5311384996363373,32.63065494197408,57.924527164999745,11.60070570248033,0.030321153635224543,0.04286420250707769,0.9056426947003559,0
10.508847148199777,79.32842919355457,8,213,0,3.7152574493481327,310.46532536956676,0.6058999710742936,0.5945532730829217,34.01535462803456,55.29618754522017,10.766481277446534,0.21265131146667082,0.16276926504022257,1.0,0
12.40907958246024,78.66309360002667,8,231,1,1.5789334684307814,302.3529299018796,0.5320033947462545,0.493208644161642,31.382870498762102,64.09247750400375,7.110908603661402,0.03298584845488321,0.03375948127673287,0.524288935338955,0
13.349873436637619,76.29660161424349,8,239,0,3.6050759995382125,308.4730692601188,0.7081609050376853,0.6359324816709677,29.538814510456373,66.78613498990721,10.50056923941291,0.0005684793431177848,0.04780852596452966,0.4166854426050798,0
12.459159920362918,78.11661748284739,7,201,1,1.724211716030283,309.2402466508925,0.40392760700802177,0.4112566638384643,34.057884581396436,56.631047756848645,12.050923335146086,0.08862253408069584,0.09224183649221027,1.0,0
10.328286049330082,76.95911346887381,7,203,0,3.0261800950353117,323.91828801324635,0.3705247321814893,0.5580462473447994,33.683170882598255,52.324659679104386,11.270899319397584,0.14114859952319833,0.16882496552035628,1.0,0
10.115451783573883,80.45141355071904,8,220,1,3.662855597069907,316.4780004790653,0.5483324639898624,0.4240518108148644,33.97965593016825,63.96253632652896,15.356429897213333,0.0007873739909003676,0.027512537295516705,1.0,0
9.632639423449005,76.49642255762164,8,227,0,2.202571634512878,302.8287860656979,0.5632138080328438,0.5374368546818368,33.06314704172252,56.89355449816105,10.82298664511562,0.013109603584465427,0.060818513463751785,0.9402904861776056,0
10.055555736157434,78.75105380667456,7,209,0,1.2395193933370319,308.08984120661796,0.45667567449747404,0.5221976097503701,33.064606169017374,46.10400871207344,10.087028237084292,0.2574711286333867,0.057391684190802525,1.0,0
12.595229306036337,78.21649728489535,8,242,0,0.20394687863469718,301.1654090999742,0.7346510826614745,0.5918248560127116,28.731938092973724,66.3945174817127,8.61249083357356,0.06768385659885146,0.037263171711062165,0.2991459022589242,0
11.92840179882403,78.65918868619255,8,225,0,3.2370398540191005,315.6734521946748,0.4514908959932598,0.5538180943944253,32.863527365995424,64.74447427160553,9.759774259099487,0.05736971502940363,0.037118296872092386,0.7159652422830215,0
9.399323405433657,80.39986711324828,8,232,1,2.4880396827736684,316.1457424530496,0.4580647314932511,0.7402964514811741,32.87939578229816,65.76836085074818,11.665977679630295,3.803921339201772e-05,0.0,0.7541034321077784,0
11.9845967200634,77.56989663795584,8,239,1,1.052182591301983,301.3799218817739,0.6743945819284827,0.7101246380528349,30.794847959021496,58.05265274009668,10.131262264903745,0.01968264214641472,0.0,0.7038914370278848,0
10.124614609823956,79.44432531677096,8,215,1,3.5096466126463586,308.0524785911703,0.719129470331506,0.4676311951731429,33.95030733744899,54.664505150441634,12.537217222823724,0.09418882172817038,0.07934023265930962,1.0,0
11.123526039405213,78.05834579500736,8,241,1,3.6812110551032053,321.6681208064883,0.5644558984019439,0.39847072237047276,31.4042940192896,61.44183059680343,6.838119079897618,0.18122050435323844,0.10596046425223085,0.5764528207030801,0
10.074067927508338,79.03950342773746,7,202,1,3.5486643180515034,319.8435847217953,0.3576215947786257,0.3759007002800351,36.284212878455186,43.98363770698265,11.787869475098983,0.1086013571929693,0.029359737871350076,1.0,0
10.921124376160705,77.68202471300106,8,214,1,2.406071593424734,313.7811016754692,0.4921739530223441,0.4291975195183495,32.89496709753969,53.50563081541504,14.843389692995208,0.07346238487204017,0.09270079580212767,1.0,0
12.08690181251825,77.04476214416066,8,241,0,3.9063264286771737,311.63096065139047,0.4395759314463303,0.43884296371867637,29.153220773733068,66.43486189905492,11.476880887097753,0.03495552524199136,0.001585077937164404,0.4228684388872288,0
12.094331643474794,76.38463525313658,8,229,0,3.499222524807072,323.82844588960785,0.5544072189338621,0.7054725476623818,31.907380893666144,68.62531797597924,14.105727120424358,0.0062649344538218904,0.030416563499800823,0.6858564252970122,0
12.217822444086131,76.46805575607604,8,234,0,0.41704161978263743,317.33269342845904,0.6230287157075118,0.7199363519377979,30.521056836906382,51.92111041567059,15.56726000963275,0.015879505349590366,0.013732377530636624,0.9872069358060978,0
10.189817254745098,80.41337946631216,8,223,1,3.9244239038373774,322.8632450686995,0.5069745141632049,0.4421881170680979,33.87522524358699,61.78400267580087,15.116753111616603,0.0015150916102807204,0.023707779416097367,1.0,0
11.866774480314781,79.62690045050405,8,213,0,2.195225490679403,301.7180451444764,0.5649439922903693,0.6534924402608426,32.945234643327,57.79991840871044,13.193083768250846,0.18806171312982578,0.12596926481787474,0.9843885678415234,0
9.336785136103662,77.12681254986663,8,226,0,3.6801436142318873,305.09162775260523,0.6539441257648926,0.6843055834282701,35.71101205145763,58.12933225515788,12.83947995837125,0.6848805931180364,0.18837632807624982,1.0,0
10.673599154351248,78.43407728945233,8,220,1,3.041365739330727,300.74666485787714,0.44845880338926647,0.5010042327453311,33.66198984444749,57.21316423640022,10.31262312123941,0.3271589596118831,0.16248478660952925,0.9671427543226843,0
11.265398734098348,79.28547053201031,7,205,1,2.5902667014216747,320.83002275254023,0.4283871593055041,0.6986376429524562,34.228120511296694,50.09541870062913,11.32220086261605,0.16274524942309163,0.09562189021118644,1.0,0
11.844300248723343,77.62167434921146,8,220,0,1.3066895266254543,316.66155458796794,0.6722539787308727,0.7454609100019954,31.697419491623332,63.25871643498093,10.483683242295111,0.011340891544681816,0.0,0.6744285826240903,0
13.107177553823803,78.02394506753501,8,240,1,0.1081200943373366,304.2636396682113,0.36480944953633404,0.7371180739536154,29.884714318359197,52.91871690193531,9.56538629015147,0.027223907690106568,0.06368206784136379,0.7244508058319374,0
9.70670436462283,79.30455683003444,8,229,1,1.1069450097683342,323.38057457861106,0.410238633484226,0.6467627315068569,34.22331726123626,57.55531542407774,9.898692030424641,0.0938694816890245,0.03044250040638027,0.9933813327409531,0
12.733601122011773,77.04628984786441,7,206,0,2.743281291494382,322.9391333427529,0.3549426981849082,0.49866510839437317,31.77760582638799,55.15312746873083,16.174135289809826,0.12614059164562413,0.07396030659967015,1.0,0
9.742295811252252,78.42118404894663,8,218,0,3.45245962748632,305.390347318193,0.5721539173823627,0.44080219487092487,34.64376542628673,47.18214340867562,7.293791405084955,0.8802146568699662,0.2575338193226926,1.0,0
11.090692746597831,76.96640558975666,8,227,1,0.009386388461918305,315.52823407302503,0.5900342927229474,0.7471480273336217,30.722837877539373,56.9181873370057,10.922994452351878,0.06962375195281581,0.0507155525577484,0.7478425700530396,0
12.637359145578875,76.01415696467141,8,225,1,0.831895095147289,316.0344700016541,0.5624122777478016,0.4604698111848686,30.794918856277654,57.491982070850604,15.637172096888174,0.001188557997244813,0.005644664154173767,0.8884163755875465,0
12.049637789510266,79.17521318359901,8,224,0,2.6922708616083475,300.09640212051477,0.5157076117241121,0.5253530786996594,31.90608545847297,57.17013791505402,10.376417854084862,0.12442759087793204,0.03954768455760445,0.8237671147005878,0
12.832070145713047,79.25341835425772,7,203,1,1.1345404172816251,316.530715014444,0.5616116493673856,0.4556498146542483,31.42088256184005,52.777705758316735,13.224988987130457,0.003237438788067805,0.06939136151856935,0.9699609913719034,0
12.563334678091692,80.58032441354582,7,205,1,0.566811416214462,305.3121646745293,0.42757512060638503,0.5484475438034386,33.28806062610104,57.93356872949491,13.056665840439381,0.0029859811760802072,0.0,1.0,0
9.547544666833407,76.83267104421607,8,229,1,0.32774439289409285,321.6316500144441,0.6804970899344628,0.3941524218661476,33.779556207772224,53.035155387001744,12.818483513050069,0.19467597095952854,0.11125935600372505,1.0,0
13.560445361586142,79.4020694953024,8,215,1,2.551515987298224,320.1241711814284,0.7423092014825103,0.673622617555573,30.15272474393442,59.938469510624905,11.680649068257383,2.1090268139031737e-06,0.0,0.6568924673636916,0
13.247191220359607,80.36065015206813,7,209,0,2.379439268113379,321.727046032103,0.5662491530584218,0.5520428483711076,34.10027420496131,48.993511269202735,12.439717281965763,5.2514899223964685e-05,0.040256636465824475,1.0,0
10.408977878934422,78.96506954933108,8,225,0,3.434454288598677,318.1812950962643,0.49974221532735574,0.5178009375272852,32.579370754816395,62.757850724661985,10.213838974104895,0.1629258579641786,0.04712137989839884,0.7506222369607668,0
8.264373063857708,80.43044657816239,7,210,1,1.259350668981059,303.95773052514204,0.6667130866236685,0.4952578400215199,33.71086503762391,58.50867093947304,12.333608864809731,1.483073831691087e-07,0.02115616279645911,1.0,0
9.699581369859128,80.5744285322778,8,226,0,0.5468744733422111,308.6533035117244,0.4272287724336781,0.5819137256780491,32.83224036429923,55.011942465133146,14.009718756210837,1.9320551809076668e-05,0.0,1.0,0
12.682454171339991,79.68747224814908,7,209,1,3.196620354760738,317.0143553660741,0.4783094264383341,0.6619552241144638,32.80356900870349,57.758792687274216,11.177751392106206,0.0301967553559029,0.07188299813007051,0.9105178664558494,0
13.324874349193468,80.59671518004703,7,210,1,3.952743699409332,307.7598010381971,0.7259922333741305,0.7110243861597433,32.073840291631534,61.17691810667786,13.65887911332639,4.4007136396392525e-06,0.022184984827429664,0.8512840386679028,0
12.657362943855343,78.87879251281569,8,232,0,1.4415581624728748,317.0407904068018,0.4245176690471743,0.6866073341762524,30.618888928791556,55.60047605345731,9.22899562684168,0.0068929476269199794,0.02536158250101127,0.7155251673279365,0
10.221762124985737,78.28645618602292,7,206,1,3.4613984569597207,308.06780939934254,0.39484623113463285,0.5282052658877769,33.949069890067754,50.96934769631659,7.53228156125345,0.4699429583149876,0.16311918453674035,1.0,0
8.316604398243454,80.221126770103,8,228,1,3.0501818830434493,304.265506904429,0.5685414782578093,0.6835968252582924,32.95501999556811,54.19472383067997,10.796686901105488,2.9113701934900657e-06,0.0,0.9904320468306673,0
10.898463926453427,79.82239687059632,8,226,0,3.6463411790349927,312.4359316413489,0.5849669346731033,0.5614461575700995,30.634798187842453,60.31373885509534,13.486742081301712,0.08853104208289889,0.0473360628011891,0.7451663422476531,0
10.107742049633682,76.50651553738118,8,213,1,1.6974899063237174,316.469466228086,0.588860041604368,0.6052712632585171,33.50782726877523,58.507276998780476,12.683943297510822,0.013162432100288111,0.030383927681827592,0.9996415671389163,0
8.688645368197275,77.39252417527432,7,213,0,0.4052060192952971,312.4126964947862,0.4157912916163652,0.6198241613771682,34.850790064845214,52.544399076020866,9.76130174085475,0.22507849232752217,0.07013208107469264,1.0,0
8.592778739778991,77.19896755397794,8,240,1,0.47342482545971487,315.40481515918293,0.6384578909154266,0.5098727336194632,32.95689935080917,68.71117570762739,12.49902673049436,0.07936085139362274,0.0,0.721198959948104,0
8.857006548474136,79.93420363313746,7,204,0,3.0527936818321684,310.51322443450397,0.44691245117309475,0.5444212500966457,36.12337657462846,53.67958071713573,14.883510794414025,0.001729831908897205,0.0,1.0,0
9.152612570953982,77.0729286298113,8,224,0,3.4533273579934716,318.67995189560025,0.7292410203787596,0.62703559837993,34.604107029139016,57.233059224239156,11.80453777774724,0.3424142157908243,0.1515721704079692,1.0,0
12.221203892446642,77.39860595338084,8,239,1,1.828066963748204,315.59919414347297,0.44118287093948466,0.4731712979761497,30.180385001643455,57.04507888621716,11.673719855915085,0.06179808638826498,0.029154235658019445,0.7232785203850307,0
10.137539434803964,78.38642780976039,8,217,1,0.23828355694858372,313.79055921804763,0.3569245916403667,0.6487653166854168,33.86879409718117,62.32964680911559,9.006609706950721,0.5158010002470128,0.2149429739866731,0.8298639101269614,0
10.446853529093001,76.3501496388833,8,230,0,0.26682416143915866,310.4489211714135,0.5771380773269664,0.4916412572960459,32.15967526429722,50.95510138191027,13.048251062917128,0.006393896095014841,0.04358944145035741,1.0,0
11.35093547590546,80.42165635613442,7,211,1,2.394401400249695,312.85746134731096,0.4311391492426848,0.58419579251411,31.728286077597627,57.19132476634588,13.86963414119846,0.0024947152425750132,0.07483079323292977,0.9176426896823457,0
13.37674747361929,78.25888877206516,8,218,1,3.6744974008598805,301.2242333205951,0.6014295301389652,0.6850490871621328,32.94826231861584,63.72274776268102,7.573190458455836,0.0019880138277074866,0.019664379707319275,0.6774007780962644,0
12.236226673841895,76.8759951305345,8,224,0,1.598334054823666,316.00127224040483,0.4416853442283791,0.35928196783898125,31.34946104201638,58.892600685591894,10.903270120500137,0.057413604962123214,0.050039001752307494,0.7555689295316188,0
11.615990637734726,77.2457753939892,7,212,1,2.602479260796623,304.9058815023701,0.5212337456759207,0.44613601807362924,31.84182241377788,49.08483829221944,11.588144503247925,0.00744818604033391,0.022753825525000163,1.0,0
12.16545994820378,79.67118523660093,8,238,1,2.168031075827086,320.6435750494042,0.42180576031520506,0.5744670692840661,30.60772306007028,54.26484413890378,11.693095773475555,0.1823526841262961,0.06488722744219654,0.8212785170624394,0
12.028038118264089,78.91642980882074,8,216,1,3.559031377808246,319.4962504365593,0.5215245428309656,0.39244097605862677,33.43860287919391,53.31466415987819,11.024584761345254,0.08200947271664752,0.07448428471939772,1.0,0
11.865395861567949,78.13727971142761,8,239,0,3.329550446568941,312.6709119889597,0.4046081354893584,0.43224069375678653,30.023569058963382,57.557528182327104,7.493633287822703,0.04437679689247392,0.06922225397325876,0.5681950577730279,0
10.779879869199197,77.52536628998487,8,242,1,0.7973942406776149,320.331145639498,0.48518922309033785,0.6496357853933983,31.841509794096947,67.136405102193,10.061825961627374,0.10914245955443495,0.08907648020998836,0.5870822085379789,0
11.17434364878388,80.14314806984075,7,206,0,2.710172394238874,316.0992778515826,0.4295726467271212,0.3603292179929103,34.720100618789004,56.35809137926693,13.12029914772828,0.010620859180516314,0.04133013114335766,1.0,0
10.584352212114101,79.55379688534403,7,206,0,3.390012743238153,303.3902410773915,0.6764407491132434,0.5940147038710988,33.979720801661706,51.698519191414675,14.106141389004138,0.20271163845655463,0.16726651502781575,1.0,0
10.211767583463189,79.30331537180936,8,241,0,3.720997527250156,317.7785461111005,0.6417416334378041,0.363662821781155,30.995435343355357,59.39831676624153,9.237403450264187,0.11958765835424802,0.04939094435131211,0.6627703194061128,0
9.516301201835017,78.05160232123927,7,211,1,2.359708562100888,323.89935517613003,0.4167277592655574,0.3963694787896948,38.511002980310145,46.33402060760244,11.115887973519527,1.0,0.5332672437975894,1.0,0
9.989193927069385,80.51333669349513,8,227,0,0.7036449406420666,300.9834554101862,0.38316182101107105,0.5061363157337162,31.63841587204675,69.48920769078833,12.389598041157129,0.00023166395900335853,0.006634445122898773,0.5906160905503153,0
10.399765856934064,79.266323365217,8,237,1,2.2329283363377823,305.8780664318744,0.3602978424052116,0.7359074764115726,31.63133532625737,51.78821707653832,9.621687621407107,0.1768781795216728,0.05431364174917465,0.8968841914340127,0
11.24452466791312,77.94867373493862,8,230,0,2.6632760466334027,314.34577796120556,0.4406687184537763,0.5683390198985715,31.272833119159912,58.118302487946835,9.324809892247286,0.10642023423649433,0.011971422204513242,0.7170630137750129,0
10.799300544336878,80.4185394011647,7,208,1,1.0899562460802699,309.9646668798063,0.5420709463986845,0.47488966898671187,33.09708564223203,51.03374659079667,12.031693460724414,0.0034519780596201062,0.003061499673965172,1.0,0
8.60451414395265,80.12033498404267,8,213,0,3.892005928502759,315.30134895711944,0.5099532787456802,0.5145305424868152,34.187252874526756,61.58977689530253,13.214711290612449,8.247825097659024e-05,0.0,1.0,0
9.903852470560658,79.40383989030393,7,207,1,0.9173050052322957,314.07370399533085,0.7385996127050236,0.5775088822828631,35.02270830666242,46.98460221007224,9.912225237084723,0.05608562286334615,0.04872098740866805,1.0,0
10.106683424169129,79.52818215945237,8,227,0,3.6454100869241532,318.91174722958823,0.6668982580767809,0.5977666079605244,31.768909009765242,57.25468823741092,11.688343505656908,0.08338997154977631,0.062240604299798205,0.8514545245341949,0
11.958785404633318,77.94868649859195,8,229,0,1.7007230300985707,301.7016700833779,0.3812746730991458,0.4571613152355405,30.184777950874413,59.58657197156267,10.215580621213102,0.039791493215634056,0.0,0.6216001242843845,0
9.864195672390546,78.3338123166988,8,219,0,0.0022166593316157446,310.57478567828275,0.4135729530133192,0.4289177751827102,34.41161470435121,46.88762038668776,9.025391978655268,0.9434694927007626,0.46096330982631195,1.0,0
8.044552567273971,76.88111775956948,7,204,1,2.1731562933999142,320.6412909525552,0.36063962074994255,0.5481237293444857,37.594446530989714,55.50706776967572,12.013586810151514,0.0004956095952392401,0.07485283577565831,1.0,0
8.472285090648233,78.7388227294557,8,224,0,2.5131434636693863,308.7062857283271,0.40529054457530256,0.6079405000921747,34.053827145330935,49.513835974351615,12.395415940984064,0.03361288352654344,0.051763737748949136,1.0,0
10.783191140633287,77.70161612245172,8,240,0,3.4774534128331904,312.0909313264859,0.5617668595305161,0.6766319974455305,32.166102625957144,53.5767154047612,10.915143226112683,0.09129026399155568,0.06873012379873229,0.9421242134288678,0
9.055574823925275,77.59821629762362,8,230,1,2.1622529538810538,300.5178870310472,0.38069521413008367,0.587118126410721,33.97121991851893,50.50746311841782,10.832573086730996,0.8422970611906554,0.12680096067912325,1.0,0
10.769885503163703,80.3618497252351,8,222,1,0.37651752861092636,305.38017348202317,0.37394717892405077,0.6269736337240006,29.797915106109773,62.85753615017376,14.792294243123854,0.005664997056471165,0.031599539440816365,0.659695761714018,0
11.215550083682285,76.75800379264639,7,208,0,3.7072542372251114,311.1277229179763,0.39726460171837363,0.5435917044457869,33.455302232405415,53.81944410173088,13.536797288439935,0.0306673484490846,0.03611700369214829,1.0,0
13.227252254388386,79.81787848683031,8,214,0,2.261419163701893,309.57523503034423,0.6177654580292853,0.5766877031170631,31.97003202032799,54.46411344201657,13.56906095355686,0.0003089616648663896,0.0,0.988999968892283,0
11.671247576353391,77.29475542663724,8,229,1,1.086124767888716,317.15171704584344,0.3577432499632439,0.6041790262984984,30.63608572020868,57.57009998772394,9.487236156456378,0.005846840755804621,0.007760425872970704,0.6812588290683419,0
8.173828046747223,76.13181589349212,7,212,0,3.5954344659539754,314.6851195581971,0.737850440077625,0.4445324976386322,36.63140161578814,56.15446263866241,13.954048256501814,3.17611449819785e-07,0.005862552903813128,1.0,0
10.132090902395129,76.18613016721261,8,233,0,0.48365388946813725,321.126780531948,0.502314505405821,0.7236296625319802,34.83690415691192,56.187577631326654,13.34076725866011,0.0009560739421550636,0.0,1.0,0
12.443359036376616,77.97421646589501,8,237,1,0.38993135605344653,320.51449684073765,0.4846349444094882,0.4881355559045616,30.791724119793194,56.78421750531493,8.329033108989917,0.09472503247706067,0.0,0.6754989056317027,0
9.459149753543597,78.09052016828298,8,234,0,2.140036375202327,305.78927617839145,0.5399251335871451,0.591875254125344,34.830774459406335,56.50117259574065,10.314799391846895,1.0,0.43973986447217217,1.0,0
13.17984920040135,77.473155190844,8,235,1,2.4995369112248382,300.4233294968129,0.5571447178466522,0.5743816835017472,29.800010376735212,48.447386050471074,10.735994340773535,0.05879666898241602,0.016538071318649043,0.8533365534221946,0
10.96245996795637,79.07638618559608,8,241,0,2.0438366695658927,320.5072984728903,0.5180053555855335,0.691338189973837,32.352790044674016,53.7806752162352,9.121533443896382,0.2945321066878965,0.1351935720800688,0.8970987523727032,0
8.517707074204353,78.23257678106664,8,234,1,3.7159681884497293,307.8989007385208,0.5445303523257243,0.39544175002813114,34.81985109700593,61.32718638914478,8.079522430748561,0.17354228149403572,0.03756798855807213,0.902424080952614,0
9.35335502500957,76.34092010512332,8,235,1,1.05128333890439,308.3306330217744,0.4858935602997145,0.703692406738735,31.77117032994194,69.08594105238502,12.548291538264353,0.0021353440211233895,0.04498052034701893,0.6155996146795887,0
13.07527551489651,77.60112749660107,8,214,0,3.960940303504247,303.8014751567634,0.47880296828937285,0.4048060202938375,32.7260219278375,55.353445013075024,9.901646166614503,0.08577370887277741,0.10059529622662941,0.9176294919581611,0
13.552174606578934,76.46902857570956,8,229,1,0.07739733778394964,316.6321743875336,0.3609261060461044,0.4078121508723552,29.23855574958105,63.95054448901978,12.0599277169571,0.0002782617572018396,0.05088760656151932,0.5034069538640018,0
12.832888998377179,76.28941219189511,8,214,0,0.47413597864061074,306.7226140406591,0.618720213630819,0.6949019331828523,32.62332787097328,62.42891889969934,11.63015570286332,0.007511405562783936,0.05575490254035979,0.805854823857822,0
9.795789434050759,76.95821047498823,8,218,0,0.7427052241096481,304.24183442549383,0.5969087918260951,0.45284076255806804,35.07881418097005,49.58685343642029,8.992311417701744,0.3851999363835108,0.1607410716057434,1.0,0
12.30538647005655,79.2226471213432,8,217,0,0.3183029082181066,312.08137778547786,0.6175281509488804,0.5947145884228235,30.771394775697757,51.342598403329845,10.734720423770279,0.05799965148059427,0.05428921692837979,0.8699073911436377,0
9.244474804139031,79.20160757033834,8,232,0,1.752871465716058,318.00998174211463,0.7264220216259889,0.5354442951825386,33.05187988707995,53.97335681248931,10.31834405494173,0.25313718033237764,0.14474924189415486,0.9884747575849401,0
10.153324809709515,79.96238998467638,8,216,1,3.4614887028484786,306.47036634059924,0.5392338958675206,0.7237065010165085,34.354345559947326,61.063545840813326,13.948444318967933,0.028368951279852506,0.0013732898361822118,1.0,0
11.904141520163906,79.47952874545587,7,207,1,3.2830373075205217,317.3289360237324,0.7027081737208967,0.6628335952296305,34.23278380132622,53.60760252730866,13.829812881018794,0.1924912664332743,0.11593109261533308,1.0,0
13.425847499433544,78.46328016140127,8,231,0,2.9790274241904684,311.0874026321057,0.5275772987431393,0.48399751111491324,31.919882421831204,63.17418882039473,10.947554480728769,0.0003816731378317368,0.039023569111613324,0.7093415277777136,0
10.45951034997588,77.4380156048426,8,228,0,0.029637607741830774,309.6905453577384,0.5410456109846247,0.6753762986305023,32.74651091198773,62.043832840468525,11.547018896359651,0.2619197977267294,0.09524383840430231,0.8220795200553602,0
10.776683957786684,76.02673287777165,8,234,0,3.4628241070249124,308.6285008352681,0.6031810070859558,0.44031539561406813,30.279634471196168,62.74052255526977,14.452680259186852,0.0004305498159280792,0.03600674850170241,0.6918264072488305,0
9.232943762125904,78.97683241392384,7,202,1,1.5859963678208593,303.49394316766706,0.4363605597542475,0.5962285407038055,36.43624453309064,50.91742480554281,12.809096148572433,0.4461570573492495,0.1141627226507854,1.0,0
10.258047359396445,77.3326806630283,8,241,0,2.9265510180955157,307.98321040438145,0.4369424490228413,0.6506335086898432,33.25151599439305,57.91949793418347,10.16064388239551,0.48422250991925975,0.22634173989029754,0.9124909445424259,0
8.352904203095608,77.15046046794842,8,215,0,2.907674737854914,321.1020367350596,0.5539327376878456,0.6312633906852141,34.858114610161,58.495625028118866,10.464150677343373,0.021762804247648843,0.0468848868842049,1.0,0
12.808081015510297,80.48419748756135,8,222,1,0.7100841088741445,302.4520061873294,0.3774439270881175,0.6126728012254289,30.277766033863468,60.03362640699817,15.68691751333598,0.0014099823568293833,0.03332203495217943,0.7903938660693013,0
8.130673699599523,76.80150488506875,8,232,1,2.061579390337304,322.9992003624433,0.44466321976959755,0.6819875322723825,30.851724961799764,63.59652067249409,13.52393749497355,0.0004672271748311962,0.013234874179262907,0.6914552230347019,0
11.827737673722769,76.14919980330723,7,204,1,3.704723835784297,302.57991665970764,0.6673648614323766,0.5724833770624984,35.22528920864774,58.91231119453764,12.02734622900378,0.00028656447108472283,0.009701949748489029,1.0,0
9.530041528143336,80.36719581788373,8,237,0,1.0521945203275198,308.6887594151845,0.5354933709304959,0.7213391624038887,32.759281486216096,64.39003034545813,13.160276638797532,7.064443545570488e-05,0.025270512980500637,0.8214203166924725,0
10.666212819385706,77.4076309214596,7,201,0,2.8601113920061394,314.5513481712131,0.3606487734196465,0.40792390865677486,35.00026217786203,50.11967084380674,10.677173455833891,0.15349128121305364,0.041328883379417605,1.0,0
9.576727264558642,77.80973223285498,8,229,1,3.832204157175483,320.10819368659554,0.3742965673449157,0.4922834373550887,34.77301319905029,48.439105046774365,10.034912262692627,1.0,0.4755812478179501,1.0,0
10.240395740950664,76.37230055813974,8,227,1,1.4425247025175696,303.4459876337761,0.7178061514290528,0.6631968047129696,30.931332940170698,68.01614739396359,10.91226412424663,0.005766986197625581,0.0,0.5182605012532966,0
11.061956163946657,77.85869998648528,8,228,1,1.5505346907666087,303.38645337740235,0.732687379336117,0.4732222831346113,32.137982956558695,64.23894283151823,12.066815425629816,0.09380143623644582,0.0474875823546754,0.7388322766193067,0
11.58900310402029,80.47221793753532,7,205,0,1.8102500368342942,315.0810749918814,0.6064415351286334,0.5271796429124536,34.88637415030796,59.29422856910687,15.083177991879134,0.006130077971503257,0.05446989504947063,1.0,0
13.265602401355052,79.19249070205515,7,213,1,3.236156966677775,307.0259191777147,0.42397804341669865,0.659151823090917,32.955307153860154,60.76294609974207,9.914938473292777,4.3210768746474716e-05,0.03433187472389057,0.816940843451144,0
9.860325049943627,78.17959428623271,7,212,0,1.7571388869446438,315.4680503284318,0.49723448298100914,0.565427941114853,35.93003317720312,45.639802871561955,11.456717745509719,1.0,0.41727573881383384,1.0,0
11.27520207265301,77.41436957165682,7,207,0,1.9449838240295012,319.69399687030875,0.47218682260852174,0.4250470344823437,33.20278005819696,49.439889572290646,14.281032647214442,0.03280047450986363,0.00889921908017425,1.0,0
13.049644024366167,77.6838022126928,7,209,0,0.8892699590811088,301.84489226370107,0.664062528328575,0.4199354135829241,30.820312956693982,61.35677322505967,11.329230226644855,0.08507363624539327,0.023672353542949363,0.6700251193058242,0
9.625298124521919,78.81164948981692,7,202,0,3.9533802614087628,320.2678589538668,0.5648358740503061,0.47049291752622,35.2282939591634,51.369723455596045,9.812591406956884,0.4802234326994986,0.18597953470883427,1.0,0
12.844279894302693,77.17047028798443,7,203,1,3.569416615879593,300.9020485525066,0.6618626194458788,0.47120502823176574,33.124181748763505,46.409824796841974,12.007443603616897,0.12657530898401018,0.041042722557097955,1.0,0
13.362308539783154,76.69895861727792,8,232,0,2.40101725211383,321.57182844693153,0.4942042440859999,0.4046698184324536,29.795927133153718,59.42571512268132,11.648850418826875,0.003816788356951414,0.027269612650910338,0.6375601672915648,0
12.745964751510716,79.20265190014078,7,208,0,3.842240285839675,323.4148353984008,0.6978045853906826,0.6838642648845952,32.32207890986461,56.968790552714744,12.735376698369343,0.004916614713078823,0.0,0.9366250853635428,0
11.191218807512943,79.9995609747467,8,241,0,2.74799106698952,316.01892485905876,0.5216649498917909,0.46305065114722005,32.40979362140875,64.60886753970895,11.149951582576616,0.02129755734839741,0.0,0.7246106211904941,0
12.043847023962451,80.14707897873573,7,204,0,3.8364225300766512,323.62212731866015,0.5169496273524976,0.6708986010376236,33.69234978008912,56.739570325177695,17.606740364520036,0.10023826108524707,0.07356277315175296,1.0,0
10.693968863885845,79.87052524663885,8,223,0,0.6461434669585189,319.7278042110865,0.545639375208995,0.7393800728397805,33.44871355104928,62.67381420782328,12.639787806408892,0.09789588852479535,0.045952350613157444,0.9007458491416451,0
11.344632504918517,78.44075853581963,8,230,1,0.9018296276123232,301.0647720032115,0.5867223014817653,0.48278456248225043,32.23089827787649,65.66905705379857,8.796593475485066,0.22625387250186807,0.07909931084977631,0.6126004680697589,0
13.457054775078324,79.62862245741879,8,233,0,3.540729854553576,300.0914626608592,0.7076447412632513,0.7380923975194393,29.382476419486707,64.64418634448366,12.631019895477358,1.6148508087755498e-05,0.02360316367571147,0.5178327101468118,0
9.406275114471052,80.26123636612998,7,202,1,1.6794975665064822,300.4991637461344,0.5331022179189548,0.4264803196138823,35.34165970089834,45.86592418790907,12.332370321403593,0.00018452298934234156,0.038102395212379084,1.0,0
12.438263886227606,76.10746791219282,7,209,1,1.4846308164102724,310.84576703806516,0.7220544948855927,0.6089813230762742,31.996265130422938,52.50167636894811,15.2788961866228,0.0025299516449664447,0.0,1.0,0
10.834905638626898,77.89565180145767,8,240,1,3.0173414255360425,314.96118266682396,0.507467334146752,0.7464720596611452,30.69776581962756,62.774860568292176,10.406887368971775,0.1103426345673067,0.024656425542737562,0.599476591509505,0
8.990490219218486,76.9389772060229,8,242,1,2.5213026406774386,311.5553237448127,0.47982907781668627,0.6733487658148094,32.090520090280506,59.74990699636359,12.694837545554025,0.10328717707991242,0.058058469852740206,0.8542590809027479,0
11.603798131944886,80.5851364129528,7,208,1,1.3762863990689707,316.2511278195495,0.46801824292751487,0.4418803147010658,33.04230128660898,54.74917973368045,12.744194181250483,0.0029253235594262758,0.0010468946781193819,1.0,0
12.437590676596429,80.2760036443126,7,210,1,1.5914423502109076,310.7904632187091,0.35846080187994567,0.45293306083244,32.40000664724151,55.49767132323586,12.056202702464297,0.03226519715356254,0.018953014923330513,0.9545864145391161,0
11.185032588210868,79.69005537494954,8,235,1,1.6335350332006167,301.0215312746493,0.6896575762455426,0.45497224266838243,31.373623863157157,69.0883130452687,12.56454085606172,0.06703736108973089,0.037556143605849544,0.5829258226757206,0
12.68962368555329,77.36104710358036,8,233,1,0.5053253122761769,305.4280009164245,0.3816934951050537,0.7271970550319895,30.737069603338007,59.06258754520719,7.731848438913817,0.1693147435809073,0.05104815180196777,0.6016518963229531,0
10.048864238887129,80.3796704169076,7,204,0,0.9182157178807135,323.82298167851303,0.48373254103490754,0.44816462785116734,34.12402543202911,53.06787207916039,9.804512337774725,0.0010999950048687314,0.026326037221168237,1.0,0
13.117102474329677,76.13455202428587,7,209,1,2.150121126410015,308.300732104768,0.45018271455489245,0.5538461256400551,31.937123817974,47.276073377840234,14.86933859786981,0.0007872877152879102,0.03649681722294288,1.0,0
11.630592559923432,76.86498264998085,7,207,1,3.127308609113998,307.7943777058735,0.6477746936772886,0.48995571802537363,32.49057105953827,55.40178364296801,12.83474500670611,0.006277268173776981,0.0230721980428112,0.9885937332440213,0
12.497692219616752,78.83761926946225,8,241,0,1.6761931377168837,303.66700917646017,0.7230348702683592,0.49450776010180664,29.434634502482016,53.25483426904299,9.24808840501738,0.01517605203103661,0.04861448429669405,0.6695593207737837,0
9.528716699206525,79.64783087546822,7,212,0,1.5334111983438365,323.69144933085505,0.6766839135715375,0.513287149918301,33.3336109517462,60.832897691255575,12.626837398447238,0.026262284245611844,0.0,0.9316585215413136,0
10.498318546656334,80.06470192433162,7,211,1,2.6020646141220687,305.53102371822234,0.4779993319029011,0.4880179776829424,35.02153680503522,57.09894456290273,12.637357219414454,0.03897824530808361,0.016550823259582542,1.0,0
13.093857505744815,77.3823396092258,8,240,0,0.6290154555208516,315.5238376140925,0.5323029374123717,0.5899710235615251,30.275010047937684,70.32775256192691,9.809634172137779,0.08035627233876386,0.07092716251743193,0.37774073716462564,0
8.285015082810537,77.79770116492001,8,213,1,1.5230012976684124,301.0091389956527,0.44881475857384356,0.5201886372306966,35.78910496919114,57.62154031383078,10.53624078847511,0.11820196681126945,0.032155735025798125,1.0,0
10.262297595953811,78.09220604898724,8,236,1,0.8325449447879754,301.59533592152053,0.7195920765285478,0.5264046264014384,33.309056742887094,56.319705777453144,7.363266362056352,0.5032158070272703,0.1981266180895968,0.86541889622256,0
12.36978448510148,76.12407956525601,8,236,0,2.606584937311659,317.20204073568044,0.3974978298359519,0.5523975915278593,30.703195519381048,60.25342324177658,12.49344131579094,0.002597694774149291,0.01746534357183449,0.7211658179162969,0
12.16536226499681,79.97425856403966,7,203,0,0.44945605966430957,315.2440359083214,0.7307817822578826,0.4924714095373823,32.909321294773896,67.59408520895006,12.87085415190187,0.15346028408723147,0.054128104538229055,0.75367796216809,0
12.769087852308452,77.55456271077644,8,234,0,1.7912912784097714,316.32389749489573,0.6754627309664019,0.6518238329944988,33.68901658516114,60.96984090385354,8.029184607387018,0.16449218450693892,0.08799869766194648,0.8145558254364165,0
12.140585874200962,76.91668088727468,8,217,0,2.384728228369634,305.5432897715105,0.6346310850105241,0.5513929418533892,31.949483458002057,67.21182496063511,12.607979610695788,0.04159879958929856,0.09248569018344209,0.6739713185425233,0
13.303716035346435,77.88230649025978,8,217,0,3.334701771512961,323.6373355805338,0.6595974626600141,0.5536844527823592,30.77985515724849,56.07351687307584,10.379667239937152,0.01752168081397492,0.036397411261817295,0.7543854893948361,0
10.790253509960257,79.26859152453551,8,227,0,2.89820510570442,313.40100389179787,0.48573872276081886,0.43393805729255946,32.305027710750615,58.01462714719888,11.546399571336956,0.24862043000599898,0.038849844249828895,0.8748078036735227,0
11.496023086378429,80.00621166521152,8,223,1,3.7714524840554513,323.2691561344485,0.46835460296284487,0.362334702924963,31.48025790901951,62.80410783152802,11.415539214783177,0.03565812475508889,0.0,0.6955546966240885,0
12.747152247937269,76.99073174459187,8,217,1,2.7195136290117814,303.9400932714091,0.5025683462270609,0.6737100464340435,32.203738812272114,61.89291418880992,10.144561336994025,0.11512447140162635,0.07375921602543031,0.7363754608301858,0
11.929469319195544,76.79401964836282,8,232,0,1.3967585396007194,309.72238823619074,0.42264529936830186,0.6921927388822655,30.10848606405717,57.69484613814963,12.287247272553802,0.011759261428571784,0.0,0.7220204017576344,0
8.571517625692547,80.34140165197357,8,239,1,0.926895530057688,308.0564524557231,0.6485440340784414,0.44649871866186286,31.71349693756808,64.76557732325729,13.555310522712288,5.891466123996873e-06,0.08458040292264186,0.7382709247819371,0
10.055180134530833,78.5341078881524,7,202,0,0.22632961463536105,318.1217982409407,0.5400175348024079,0.4940129205997066,38.04297953958815,47.99281666500233,11.454806707043685,0.46686239031330384,0.15759026995009145,1.0,0
11.094508470658484,77.68255128736284,7,207,0,1.1103504668398663,317.94171446652217,0.7043239833278867,0.493207166753137,33.83819429375861,48.41144283730901,10.334538376840245,0.05560179766543418,0.048764052744445174,1.0,0
12.226418245624785,76.91686949329497,7,202,1,0.547394755386803,311.6770510396729,0.701352603710741,0.6236849340929123,31.630752628855475,50.005585602301295,12.297410819062007,0.058320587043502896,0.03701723366150029,1.0,0
11.04397838538401,80.57813998211282,7,203,0,1.4768991109667273,300.38755210121604,0.4123415514330179,0.4248943682213012,31.968394500236325,49.98722744114161,12.870494653127693,0.0005043930348753384,0.053776088287163695,1.0,0
12.354275751749235,79.30824772062114,8,224,1,2.810312557010422,304.20493702031865,0.4375273074695145,0.7414853529426106,31.870106998349367,70.44137546600255,13.374170807902905,0.06000406034882214,0.0,0.619532299476023,0
12.690613068192285,77.00227241761496,7,206,1,2.7681360968525834,301.2063760106319,0.5142560902644506,0.37474459009131583,33.193919010008436,53.731435082523475,10.737517755615146,0.12352560592726117,0.03537554364525794,1.0,0
9.484718313653014,76.4197934462049,7,208,1,1.272665717455768,320.32834966198027,0.39752578384705345,0.7395069975942175,33.96671118630243,60.0427285916704,15.70329584704449,0.005797352889021206,0.05359433053393504,1.0,0
11.450149769707835,76.91669878225393,7,205,1,2.0342094824643517,306.9545176151464,0.6257735539041528,0.37751283517050394,31.50500411957568,56.45264155239165,12.85261548443752,0.016812817548907247,0.07154483308354606,0.8836692093557204,0
11.119818113892384,77.13961597797486,7,212,1,0.8670862792071965,302.83014328561615,0.645038262134602,0.4770056104484933,34.317685230112986,56.31453411391465,10.784876939419366,0.07244225117553964,0.0,1.0,0
9.27297661486726,76.51099398660337,8,222,0,2.011906874136073,308.5001367667582,0.6385401435183726,0.4502773001729201,35.09012855414026,58.9586001535093,14.376792338604957,0.010281559581124018,0.0,1.0,0
10.743317299726256,77.05639630528319,7,211,0,2.0403275049204566,301.8549435879927,0.5380841256072275,0.453853712168707,34.41754214647211,55.18846882459692,13.1634560344218,0.13162333391149944,0.07990761382121754,1.0,0
11.071982393584818,76.53718664269148,8,232,0,1.2051873556736075,323.49257123757593,0.6872864887469341,0.7478677946507507,31.195390557880305,57.69768280220099,14.536456735239662,0.017443759718352672,0.04236444783576061,0.8828205349729097,0
12.577103301152842,77.73756582407819,8,235,0,1.0378711849623588,307.5601896323472,0.5923382986954401,0.5333407007235852,31.13167885499697,53.07848160861009,10.425427644484163,0.13173377622400645,0.061280941711317705,0.85169048272632,0
10.58154049799677,78.23649819218127,8,222,1,3.9182978559267276,322.3936007733553,0.7474447104746438,0.39780422594527787,35.27886943551825,57.45564518346786,9.97202670988563,0.22940035574847456,0.13781509133609415,1.0,0
8.453129501865316,78.09431087387222,8,231,1,2.1484940443950147,316.38548858065263,0.6761752872436716,0.7429119859863476,32.93846167997265,61.97327107913891,9.834443353119095,0.19158313359026446,0.054134493201038386,0.7861254708018276,0
10.72885736610036,79.81436631440569,8,237,0,2.248306526309264,313.5865676981758,0.6389035263132248,0.44706622932750695,32.110224308118134,64.51877771281148,13.067336015437032,0.11511429813542061,0.06523540386915648,0.7615667714297742,0
12.692525288508023,77.16837877713967,8,226,1,0.03117636147224756,311.411927930939,0.3993211210069964,0.3790188167568906,31.999004559646988,49.409401198747446,10.251633663018005,0.1483952355826976,0.07504709480419725,1.0,0
11.199030533034255,80.0806315898864,8,217,1,0.7273631265418006,316.4971225632813,0.6830400150526724,0.3596722518230737,33.25193208560891,56.30305810261721,14.978084078826894,0.014232276724841434,0.008043136901277944,1.0,0
9.78564527513242,80.17736496523248,8,229,0,1.4264878472800913,316.47060800510803,0.4722288862632197,0.5352923047295639,33.25973699827997,59.439770539588714,12.905491093766564,0.0013006644166547892,0.0,0.9651686678793423,0
13.157437308711847,80.41507867521676,8,228,0,3.8639229700750746,300.2525054582583,0.5175657182179444,0.7173329472797064,29.588129437241193,59.894161543592844,10.512400325478673,0.0001021893171899163,0.03759427162528119,0.5743197067503558,0
8.871647753905945,76.83252287587047,8,217,0,0.7009669371482303,321.78680989268014,0.535104113848114,0.35678418970715986,35.33455992955902,58.400073444969635,14.395988433035445,0.03399573796062832,0.06233808808829626,1.0,0
9.830514853962493,77.13045527268271,7,207,1,1.2131588453074706,308.83112209050364,0.48252421159148395,0.6400705724116098,36.91385226888468,53.258220920397235,11.1828970042121,0.846219021700773,0.4247290072394131,1.0,0
10.447954267525647,78.86962847584407,7,208,1,3.960627975139917,308.4785549170319,0.39337552005178256,0.45416873270024016,37.05270034898192,60.44097860553906,10.302567442770808,0.18673527764596753,0.110896572387461,1.0,0
12.132676172384908,76.64810151274341,7,204,1,1.9244345693435845,309.75817305319185,0.4297455391553413,0.43762418620730026,32.26822865593805,52.37784087541392,12.254355822917312,0.023362883156185572,0.015571909265023923,1.0,0
12.680182035904261,76.39385811954756,8,223,0,1.273631101880906,316.4467873274144,0.671386581772905,0.6315159141478948,30.86784159778195,52.12491917889103,12.81985349086375,0.018667070884718917,0.009680168589109795,0.9257201285404097,0
8.327938666973116,76.33900717534466,7,212,1,2.5374356819472803,309.0244256651925,0.6109080528926858,0.6491493058053881,35.858963042675924,63.33257457154225,11.737562374828727,1.6106125962539256e-05,0.03480086205117835,1.0,0
12.435400594596128,78.78828831946474,8,235,1,1.9852091380657755,308.9719454862529,0.7271365963864397,0.5736061020792693,31.52938464679271,59.800260885182894,8.87843866533319,0.02121086619216035,0.04392750474641195,0.6871163536314349,0
12.034959125403713,79.70151945324594,8,236,1,3.829796366565832,301.52315711108264,0.6784273414605855,0.4309021740001109,30.246200836793566,60.154451521363576,11.15766627358381,0.20049756262335106,0.1443415684533767,0.643539329196434,0
13.010052906946171,77.19087404823226,8,237,0,0.332780191968181,309.9993999462463,0.5108880904192461,0.35252325652006833,29.938055346307767,58.997404203096146,12.734896605104531,0.08600427566113457,0.08155242348257426,0.6928611488108051,0
13.042480748623035,80.29425588077862,8,216,0,3.1621916820706453,303.58748344905007,0.6644824601705487,0.644911117191412,31.930939855653207,64.20215123976831,13.377262766810084,0.0006155206014634772,0.015064418394817784,0.7633477552168422,0
12.35414312849851,79.64290333633564,8,238,0,1.11634551385194,320.5341420974347,0.5805716769852468,0.5898457977569669,31.85658540719358,59.16540335119389,10.41787033873276,0.12089950670621621,0.1715433867280434,0.776598268658333,0
9.065135031876647,76.35631786467933,8,223,0,3.2266773239609265,308.0282659967349,0.4645204331299892,0.5190184936551349,32.92619371026762,65.19289452511129,10.52611759050952,0.001202169625238636,0.06689633514138608,0.735170772223251,0
9.757680437273883,77.87359439121414,8,237,1,3.3908813623314655,323.0608175534801,0.7400357253342956,0.4354327807172106,32.33712278988238,43.330926289004935,8.074236572616138,1.0,0.2022597378631357,1.0,0
13.243390313551588,76.31286838375759,7,209,1,3.396891432093594,316.4286720616076,0.7213963973416512,0.6547737577753695,33.96706050855234,62.380008004772094,10.505158887962654,0.0013419127371392923,0.024380184002881174,0.8837633019665928,0
11.349770479181604,80.20989312585007,7,211,1,3.466782795553688,318.1476368358558,0.394879381516983,0.37835810788325663,32.85419312415949,55.11488371213293,15.529320680884632,0.008511844870317326,0.0,1.0,0
11.017060112580012,79.41688986457416,8,220,1,2.8725100271323627,322.7460283536659,0.6857685926654601,0.6070809620847106,33.9085866582507,63.205821580644745,12.266481217253796,0.16668266685849986,0.06239098281284145,0.9155803911013005,0
13.127972864246392,79.15810759963169,7,212,0,0.5696165868594409,305.7344343796,0.38107468790408106,0.6253593668918038,33.067943021168986,59.65257182371225,11.651344997554686,0.00016820594120901724,0.07027835818283998,0.9052648535218384,0
12.895512014958122,79.14042849442531,8,219,1,0.20761037399510762,313.61498327261444,0.7215276775087622,0.43930291595256576,31.754367333621463,59.91945041697933,10.47701757917517,0.0012750208260742,0.10411712269805068,0.7531718456625831,0
12.073978458571734,77.31183950872042,7,206,1,1.3630609751234313,300.97741930786947,0.599666417125388,0.5433299653071821,33.050349204791345,57.87076296032316,13.26504155463473,0.03096141687427221,0.02487985870628648,0.9938224720855438,0
12.940612903293443,80.29428011392325,7,207,0,1.9802794344443098,302.41820851093667,0.4166328977789326,0.5580797477598017,31.367080604080854,54.148661426475144,13.187149155593424,0.001516485604254711,0.030499761986458526,0.933829318641807,0
8.63747587229471,80.24477262781382,8,219,0,1.2104836029582104,308.79808607925094,0.6769049743231751,0.5865127694362319,33.94178842139227,60.59805978142742,11.401935455183153,2.764204926255347e-05,0.03816865401379031,0.9492804118365531,0
12.242246212959486,79.40164852312145,7,209,1,2.968827735702384,316.38004441499857,0.556312736305403,0.7104751870847394,30.70892585754225,52.45785730439731,13.068219144994723,0.10865433352929771,0.1255906888174667,0.9128399518674437,0
13.407585132302462,78.15707895253024,8,226,0,2.889773911071699,319.9606464577328,0.37381994987216954,0.5685660400041115,30.94812024154487,62.48191176871614,9.362913417650518,0.0028494146843037523,0.0,0.5942252473477371,0
8.274270036775864,76.21673236163728,8,240,0,3.8876980044549776,306.15370085936337,0.6693709539166935,0.376927383621642,33.320728125568735,51.881275934331434,12.70595649618516,2.3225259999800105e-06,0.09966613475329712,1.0,0
9.249055650027552,76.13023221063037,8,215,0,1.602292361997638,317.9778531273026,0.6653352755956746,0.48798876206730646,33.54376097588172,55.15690591914913,14.499659303386068,0.0001414289964434549,0.010548709085240632,1.0,0
12.446222977646347,76.6354179314498,8,220,0,3.1429106432390537,305.3829877787532,0.5428239787400588,0.6013307387415985,32.75527536226853,59.43819420366732,12.183604858326738,0.05344620954160339,0.01397300777985518,0.9006062830413696,0
10.912264120811653,78.74051759098806,7,203,0,2.9647998829612274,300.14533454679196,0.642443866597705,0.4832562949715049,34.94529750960975,41.502926890608684,13.55005903204183,0.43326953080536895,0.1303852213844764,1.0,0
8.485062785431063,79.67125714434158,8,216,0,3.9549980689691746,301.3059125989376,0.3660593316052271,0.6571760912465803,35.451006743493906,53.281641994697054,12.046980918609103,0.0012793682235417785,0.0,1.0,0
9.50056496327372,80.36294249725864,8,235,0,3.0944610048374592,314.0534069473373,0.47724263872590644,0.42596216243770985,33.83394817705297,65.51456429034937,14.403262115004578,6.823038243470789e-05,0.032609586306755776,0.9248295271738766,0
9.814733759566828,76.80666556467027,7,212,1,1.1342981228082487,311.9315411062635,0.6192889530243963,0.4072020457681356,34.401837621467706,49.977714043123335,9.712812672694195,0.14733647633368263,0.005030320597626373,1.0,0
9.797951242337312,77.26742825166232,7,212,0,0.061089596510935706,306.49020547030636,0.44224229020988126,0.4424130678903949,35.53284732452562,50.12463792982532,11.435214054521436,1.0,0.5015768588575009,1.0,0
12.914967397025457,76.2488613204503,8,223,1,3.8726646179151114,300.15714860646784,0.5301645518685271,0.7004340021191471,31.1678934474284,61.39779175282616,14.151292541912762,0.004476929352257619,0.041226207328831255,0.786268084713226,0
11.707404161205032,80.54961696765204,8,222,1,2.864276175378988,313.6322483820816,0.722778703515604,0.6223738804220234,32.03740777540143,55.60437293492781,13.832468380367839,0.0058480540517314335,0.06562193512107273,0.9775069973937737,0
12.115536758866465,79.59220936437093,8,229,0,3.250426511743393,319.62255928391164,0.6807007114292158,0.5580194606074917,32.02751539429983,67.17148666115843,8.692481257287204,0.18199917438716498,0.0695309700628533,0.5590110630116907,0
8.07599249777589,78.21128499427412,7,202,0,3.172976617715009,301.6450770701611,0.5731986190650824,0.47013491421863596,37.09397486169177,50.887916282481754,9.915235815352608,0.025186971487889696,0.06674962306066588,1.0,0
10.394067216578417,78.64760063439124,8,237,1,2.9430443599726765,317.67538697745135,0.5806865323458025,0.7174363359774159,31.667756217033606,57.91368624221452,9.33734129811419,0.21352547343821435,0.10198557769170855,0.7549119060474352,0
9.779795517166951,78.58600229213222,7,207,1,3.0058978743367013,315.22902244713765,0.7048024069211812,0.7055105613289767,34.90431255031279,51.686156306243326,11.518631050240147,0.6350513269305064,0.29853167456410046,1.0,0
12.770782252544972,77.17005946445849,7,207,0,3.717832739095474,311.5045145328272,0.6952236408410838,0.5097601818669744,31.601713840009925,62.0192551210909,10.840678303061864,0.14043234296997872,0.018760712703306412,0.7051527920583792,0
13.34167006195117,76.85279719374972,8,220,1,3.6564451277138947,301.16019251942527,0.3853186937531873,0.6510895350683024,32.16813558030411,63.330710019100366,12.918750950017026,0.007358504547247371,0.019900364891163792,0.788150931788922,0
10.370708757687229,77.36608829646181,8,216,0,1.5169069833599318,322.1657139934151,0.5362309521991405,0.7154255663173605,36.62116070446562,47.317780959590024,10.030713198577676,0.3367056555045606,0.13341900702680998,1.0,0
13.449139441599272,77.13690632906228,7,203,1,0.1238460945313915,311.4585837342418,0.42634146142857626,0.4753413642284493,32.4956624773764,52.77343938104945,12.515682809991487,0.0074539670612309246,0.03821694714070083,1.0,0
8.080411542645102,78.56462921337605,7,206,0,0.1547263739842668,309.5905670611489,0.383287902835136,0.4814873374508789,35.04015807347109,60.68471687095249,12.7030868202313,0.006331807145660864,0.0,1.0,0
9.824028663568193,77.41773290686334,7,209,0,1.786553458093875,320.6754096501056,0.46695820347099837,0.5683225171018862,34.99968653625379,52.447860404668404,12.537221691344008,1.0,0.2976356747679837,1.0,0
12.339614596407719,79.35314604143211,7,202,0,3.339918119601629,320.2938774956097,0.594257522138123,0.5133466355500405,32.76362640863885,56.423973102994786,13.96024759556018,0.07144804540045024,0.045284441543643895,1.0,0
10.016557930660184,78.61252277114237,8,223,1,3.390444906462087,317.4542628720006,0.6677481283426121,0.654591830281047,35.56341894646615,55.116879228331975,8.648929358145757,0.41730791632102004,0.20654387412848843,1.0,0
13.15738905011633,78.44841332090462,8,237,0,1.6175583249196976,319.9046395896002,0.7149905478102954,0.5647721067345676,29.473972700930073,68.06475188798316,6.083103623678019,0.002955517392011475,0.042770969013222034,0.24482244914004053,0
9.22340339798953,80.37595132861053,7,203,1,1.206446501391869,302.9838835435906,0.5191824539152718,0.43474218344814086,36.273071340732415,59.873568117835134,14.575152110750746,4.5122633115118585e-05,0.01350411880445347,1.0,0
12.45573367303742,77.48308386274948,7,203,0,2.0264057777261835,318.2619733219282,0.518929229324438,0.492554906872287,31.805641345897094,49.91701050973078,14.743575668031342,0.13028817163174114,0.05993249547129535,1.0,0
9.129532613454137,78.92224137090366,8,219,0,3.33017282747975,307.87281799161906,0.41130101913968115,0.6184956209692694,34.30187153290524,56.11556035103436,11.35920647516332,0.4320846314414511,0.24102416961078527,1.0,0
9.103787538967891,76.00023288432617,7,212,1,2.545984478708672,320.81987504323865,0.4279365135305543,0.3713736975282146,36.45097065255946,58.19350750778929,13.02931581053508,1.643632382885534e-05,0.05195190564204433,1.0,0
10.496196406946336,79.38984877747544,7,207,1,0.5592232546381393,308.88555518368463,0.39099795628032563,0.48686687005785123,33.76502832717944,47.82244670607905,11.542451322826,0.20972215715363335,0.1506249638443354,1.0,0
13.291667294649862,78.3117020734771,8,217,1,1.448935774634231,301.3032948508818,0.7403602185287712,0.3564384446374728,30.30694643734906,59.249029873277166,8.239595391073495,0.0025749325883571636,0.012075245006253149,0.5775322285661979,0
11.27854778665315,76.95857080350851,8,218,0,2.2217036607661518,309.94512568248877,0.40103897456617404,0.6783467825284347,32.45896407432813,59.931784842729435,11.683733812964764,0.03848245343330237,0.11441117017971844,0.8493240246773944,0
11.556184211292049,76.00694855957164,8,222,1,2.153049725148688,318.16264884183266,0.6526569802335351,0.3968759726991775,30.26000494125734,59.39070674825454,15.477641571699046,4.887853285672548e-05,0.0,0.7966610053702726,0
8.05450296582425,79.25194223441726,8,217,1,3.32253608035483,312.0223694635055,0.4771057160667129,0.38088188834055003,35.41700183697899,50.19771265551329,12.348251865729717,0.00015942787398554847,0.05027286410899337,1.0,0
8.317045145937884,79.04842323633264,7,210,0,3.7286870553626277,318.32721388341525,0.5648591197881248,0.6646372066665104,33.36844811914936,51.743567754459114,11.67360666025298,0.004737004383414979,0.0,1.0,0
8.374830543701732,79.060872735806,8,219,0,0.40185237670102314,300.8465697807866,0.6990840848417054,0.385802745043557,37.21526512174854,51.94260550679636,6.652946474472798,0.007496565270298863,0.04526940603580993,1.0,0
12.5899961781029,78.01229218635412,7,209,1,0.8976303613835532,304.2519408864247,0.7244669805896801,0.6237050170963793,32.88314397075196,50.62692032010375,8.18634549388722,0.08961987712285142,0.06610166460639703,0.9821537315776666,0
9.32637188184668,78.94076769854176,8,230,1,1.5686276425576864,313.52659034502705,0.4460921275463367,0.5019454303037373,33.87699595258159,59.224067371833215,10.821368095302752,0.4915019453766747,0.1340707347390328,0.9562714740970497,0
9.841493833976957,78.62814003448787,8,220,0,1.1855923258041114,309.24753009234314,0.7145077613440335,0.6786797835675762,35.5276750691679,49.73456078929717,9.011876921242745,0.5397421597146346,0.17218805560937314,1.0,0
11.415735560322291,77.09891720521183,7,205,0,1.6331619798337713,316.3242178480848,0.450820973759672,0.4231405017945356,32.38317175440704,56.493013911140594,11.134229994881675,0.023022511738422083,0.08006115238362475,0.9022531355152922,0
11.270144178858587,78.38633299075477,8,224,0,0.1628849144609279,323.1013015948901,0.6719188810520428,0.3837668294230163,32.67294583764962,55.986164512900785,10.732429149510898,0.2692415955887943,0.06929730528396946,0.9251080193285555,0
10.298965186383267,78.36712685524691,7,204,1,0.26405308065126,315.8366870568123,0.3561001507433952,0.4413629808976466,35.27546673553677,53.739660065061756,10.711873885293848,0.3389722810354471,0.17067946967373487,1.0,0
8.024081153795095,79.78866528587352,8,218,1,3.3534459117482975,310.0167094771824,0.5640925905076177,0.7228540139241247,35.179879631781496,63.643432312100664,11.5568461105718,5.885669953422758e-06,0.030067522925064635,0.989620692223812,0
10.517774420284567,77.99404950428539,8,237,0,0.41032713644754804,313.0167364426402,0.6403250746647835,0.6816483892657268,32.625951687950966,68.97434894943467,8.856901819605934,0.1954369441727839,0.05130423153643559,0.5739552903156067,0
12.13774264803213,78.00599300452487,8,222,0,3.296300447978998,321.9078355607081,0.6855755875592968,0.46431492297342863,32.189821502916494,53.157296811414206,10.865343301425442,0.06749898747817468,0.0,0.9518649520478262,0
9.31734016582255,80.52826056786415,8,227,1,1.2260480072121402,316.1517419198931,0.6864515545578784,0.43244565647653055,32.31414336653539,60.94923365731221,13.236195331081207,6.919028005362494e-06,0.044861428414026426,0.8631600811450766,0
11.966804857533381,80.11453381515109,7,212,1,1.2368934795554232,319.27630794610866,0.46954713336803877,0.41273675515111546,32.915474414120304,53.452236216403705,15.288658066952534,0.10584679881052164,0.06584882198672115,1.0,0
8.084855790976759,77.1145155542012,8,231,0,0.40298811250722855,307.2364418184368,0.6912598437923958,0.43848136241162433,33.871739142070666,63.54806617435796,13.318836564387167,0.0036528454176330367,0.05455201753590309,0.9377904339350331,0
13.084843704161377,80.18734823547587,8,221,1,0.053053525933994816,317.86370776411854,0.4794588111014234,0.4320175773693198,30.612503284854846,62.43587657075124,13.670159183493794,0.0006519107255067274,0.027304264721690574,0.7018816022053906,0
13.320219562872428,76.63464661919176,7,205,1,1.421154433781541,303.3463528641567,0.4435069471338155,0.7052751473972437,32.431650982253444,48.289100314091414,9.905309722572493,0.004066154627918584,0.022916245649887142,1.0,0
8.013784307177533,79.925598870204,8,227,0,3.3414276251759327,317.9946147937252,0.3505893078880836,0.35799436334566637,35.31571980004516,64.02300153451353,9.651670932685219,1.8092695692272113e-06,0.031176850650172533,0.9329691103276536,0
10.563783117316468,76.84328753295807,7,204,1,3.6798218581522475,321.1574062272582,0.4442861020533619,0.7020490038441993,33.01996852048861,49.00831746150461,10.88689892445861,0.089839942495642,0.03676390012631042,1.0,0
10.317402865336547,77.95777540493248,8,239,1,0.24634222452131826,321.6055792092821,0.3973755295157594,0.3665698833348219,32.51378614001074,57.66561996779597,10.724139324310107,0.4495505143449501,0.24521425118304585,0.874264421823453,0
12.714546793149236,80.52603950383435,8,229,1,0.12363225522243493,302.79816146526355,0.6199746410395983,0.6807339322053907,28.950095714421494,59.086792709736436,11.476205240445381,0.0019614790625114027,0.009484596636222309,0.5692106630826774,0
11.028040911410304,76.44642510814026,8,216,0,0.6352024805213339,319.91716926176963,0.40791505110435433,0.5202988945766346,31.944165969311875,63.78514673809345,12.393439780738666,0.011221259239128898,0.014993406073378353,0.7429722297442184,0
11.423646631641885,79.86302397185283,7,207,1,3.0651592347427834,302.63847654643286,0.5841534070978264,0.38088222184698967,32.43871301425022,59.492745972668516,12.619351895728396,0.04281938016862459,0.0709964398597793,0.8866309207586192,0
9.134033617283965,78.27577616782723,7,205,1,0.8195310640938991,311.4815268787863,0.400587103890089,0.6696020828769853,36.53327882093068,47.73560265954426,7.889448586749047,0.5425462036762855,0.14291225687811315,1.0,0
8.431562140783653,76.5105602825655,8,241,0,0.9232414975778638,316.38051671246797,0.631767413144738,0.45257588343942373,30.949439496928775,70.896593673257,13.064244892911328,0.00022144715166481203,0.01295116324384978,0.5230088626862769,0
11.8770541442227,80.381460343883,8,228,1,3.5557707915651573,311.62197867628197,0.46421820065914665,0.7012112210483596,31.06504751991666,56.11753754424558,13.239768078297601,0.028184808417914774,0.04590804933958859,0.8665514336788422,0
11.475785555028798,78.52646429344044,8,238,1,3.4997961550341388,308.1578304530435,0.47347855504535624,0.650903061683058,32.39415634471577,70.62661377333825,10.229803318877977,0.1491852912396938,0.11229495407315766,0.5608251874781786,0
12.661040910306356,80.05094870085193,8,214,0,2.681156877680675,316.41170777990055,0.6061541260460221,0.7427081891869185,31.163038365277682,61.670533586781026,14.5387439673504,0.026097820163411417,0.02280597019214118,0.791910421935484,0
12.730227305675509,79.99789193313904,7,202,1,0.6560551219259159,315.86109060256547,0.725578129484056,0.6827491562523609,33.57571132741848,56.89195772933362,14.229467063996125,0.019426352681562828,0.054135547111210866,1.0,0
11.533797534248444,76.06731908152722,8,215,0,1.5245967586062874,313.98942372397363,0.74664041998279,0.44638456137877486,31.38941145654902,61.9378695963251,14.607058882947515,9.70084009992103e-05,0.0,0.8069688871084149,0
11.014823744521614,77.21826723640284,8,241,0,0.9447096246364208,312.68228795464154,0.4929054446266332,0.5136860801441092,30.94572129008341,61.22389036145386,11.382696310546333,0.09286331022784859,0.04694825688349877,0.6850995814014378,0
13.118446306466366,77.5498392662205,8,213,0,2.687382327372515,316.9377575789361,0.7285306292867584,0.6286521206005544,32.08527516207463,56.36155466231437,11.368477734005381,0.07549995657303699,0.08096714996993942,0.8876699779757903,0
12.487079160772977,78.46037460949093,8,225,1,3.119724216722511,309.67288936082764,0.5949285873208578,0.47642598250980445,31.01062150403165,57.555174747671906,6.775445762004608,0.053366032695649705,0.05560030632691338,0.6280583665614614,0
12.941579971818438,76.33058364526897,7,203,1,0.5685348880702223,301.6504379458161,0.7125874304256504,0.5686014474594587,32.506115990378035,52.80343715844752,13.922026615579574,0.0069713102035452055,0.0,1.0,0
13.57670903033436,77.78924773231657,7,207,1,3.5918233316280754,312.8989082445894,0.3611408592645762,0.4450588475286185,31.47249934471568,67.60913678087938,10.628739646471953,0.0033886390920640453,0.017740769384409022,0.5635422419923466,0
10.25963241149247,79.74733536866624,8,223,0,1.8513036287353466,317.3629332538521,0.36326914073917044,0.6151803444346509,33.03605174963797,61.40267134275366,10.33432653241011,0.08838128066955633,0.007263459350919058,0.8225593201020098,0
12.014834108828204,76.79667912903342,8,221,1,3.1800234179797933,307.1798377827856,0.3798295910816341,0.48685359250896776,32.55883428405057,65.49810663582139,12.258762573589975,0.01910566600900229,0.06691525209059013,0.7519201510773144,0
11.853179765296838,79.22587178305136,8,240,1,0.20655043416784924,303.3780273152624,0.6717572007735223,0.37207121533483134,30.03096972850122,62.51345301896283,9.154496602897053,0.18787153626898448,0.0921234704735449,0.5105820957942383,0
8.975199194663679,78.11751528318146,8,239,0,1.4423247480777506,321.88418865989087,0.40518259118581895,0.7371096249385657,34.44178595024983,60.30967501638626,7.725238005736893,0.49939331333094306,0.1923271921832412,0.8824586276137358,0
11.564672158281041,76.32524354692383,8,234,0,0.059123790789300745,320.7299919539087,0.4206340046559112,0.6875614275526962,30.538842887719966,69.85185393937624,12.765789232678413,0.000737219878815036,0.0,0.5026821777339477,0
10.397299944921862,76.81592070189319,7,208,0,2.873938925742598,314.84242126299165,0.5841599607944983,0.4714867090435265,34.333053386692754,54.91115008842619,12.961260953698453,0.0813766748754039,0.07072891089374497,1.0,0
10.523559304636782,76.64874136597572,8,228,1,0.31780388092474077,318.8785716888978,0.7329783448275824,0.4018499200760173,30.867930518424593,65.43939397657638,14.220186405076968,0.041574437421261774,0.037748257585359254,0.673610724436785,0
9.00877274318272,78.85070209306626,8,213,0,1.353143164105778,323.2513275545861,0.5768449948321759,0.6440904693061256,36.577529527348545,54.675764095558335,10.103853000265504,0.36246561685173695,0.26451986747590595,1.0,0
12.170540338361423,76.40169223486097,7,209,0,3.1269947225552266,313.6622155374442,0.6430383203477489,0.43826911271094987,32.40845750531486,52.38811103687503,12.047527988159876,0.009512158783949497,0.05795578695794526,1.0,0
11.908469542198233,79.78601519157647,7,205,1,2.995865913731656,305.86036043040815,0.42509370539607133,0.5921816294929708,31.954969148023256,56.07245217804966,8.40618757734088,0.1822371931666539,0.13339635179392617,0.7906640757260703,0
10.980824778412115,79.71063200230972,8,233,1,2.5611584814913706,315.3314877727829,0.7156696212594573,0.6616316513371903,31.866089636518552,71.00047320555109,10.20265186771373,0.10094325824917719,0.12481749400740685,0.5076631582303537,0
8.8776274708646,76.3682851867556,8,236,1,2.7760825553655555,321.9502482264109,0.3723506594264791,0.4589695453533002,31.986134785022205,63.42951232187436,10.202759279493643,0.0006410851808069522,0.028694653562929447,0.6859138524165964,0
11.11844279799991,80.08570710955884,8,227,1,2.604925300414291,316.5635568335635,0.4631276033243786,0.4638546540500357,32.216251295422296,61.31153736400523,12.934822317574735,0.016501455065979106,0.02127522418534077,0.8375333083981744,0
8.560747164023313,80.4121397981105,7,209,1,2.5651038360273213,300.62976938758567,0.5314896765317609,0.3746450658660889,33.3433576477586,68.68739829925012,12.584581379990341,2.2909667540008365e-06,0.013595022577446875,0.7566057876768012,0
9.900483346396637,76.19995325163373,8,227,0,1.3986185601655987,322.01118249270036,0.4404688618984487,0.47793926301311496,32.2038034067656,66.70918255467984,12.055491989561794,0.0006709921871443934,0.030133518595387238,0.6890692406891652,0
10.085203919639191,80.37151601342941,8,225,0,0.11266281630742236,318.0882061260952,0.6155043256451853,0.5889804273859311,32.3545623787075,69.60211038454334,11.883371948112234,0.001401757989715435,0.0,0.6319664519476136,0
12.947182198227608,77.28552597919256,8,215,0,1.76730339926312,309.64394432153756,0.6215169732814847,0.4123187304293773,32.57224569871226,50.14904680276567,15.800487658116296,0.11630315291115836,0.07818704868998716,1.0,0
10.327147622488557,79.05790492769468,8,233,0,0.18183860636137883,323.6998053443776,0.4347432074461525,0.7312331177188646,33.70902816434852,61.58168938705652,8.367034888431961,0.136085758362855,0.061112382291213574,0.8131846453579525,0
11.351431264304463,76.80415243269005,7,204,1,1.8754695804945674,317.3203039880531,0.3534365074927481,0.6389662933415419,32.06718428701587,53.888304891681194,15.821962861597198,0.02107159014088102,0.025562191082813962,1.0,0
12.89876233226231,79.76029690818118,8,230,1,1.8563159069190265,319.8105859640566,0.3797268991962609,0.4315603549078145,29.96757096918889,58.45572834821608,12.733577565331935,0.007090067135233353,0.0,0.7073168052775621,0
10.384252857031527,79.87280137117794,8,215,1,0.7148861490552769,322.6359974219961,0.35017115401091026,0.562246668982598,33.058154109590106,64.04317779437571,12.784077386427711,0.07824147842434029,0.05038309747593338,0.8422779764722479,0
12.9487397123961,80.50037046390388,8,231,1,3.1370465214767442,300.94988315330556,0.7121574861989424,0.5065763536330321,28.434368319549186,60.5425018064343,14.017268241404553,0.00042466359756386366,0.0,0.5732925079188955,0
8.764183350149182,80.56565392598583,8,220,1,2.8168373676417247,318.5860762568803,0.598666278088817,0.5029412628354706,35.06035486749646,60.660465536853934,11.066527370939058,1.0012250522535842e-06,0.07321314727638314,1.0,0
10.043121680095775,76.34894545576972,7,212,1,2.238158162803777,309.2723144485872,0.4053741101480779,0.573995279874487,33.787968813208224,59.60832718597659,14.427572842698037,0.0034853901725632485,0.01416040098949389,1.0,0
8.5304725947722,79.02663256587914,8,240,0,3.7036343204867492,320.8578003095706,0.3870051688793761,0.39326026359531346,30.326741533576346,72.63696315428237,8.507064080893613,0.02712426436917344,0.0,0.2900305880085683,0
11.141205923975194,77.25601241490054,7,208,0,1.1487484528408434,321.0935005423976,0.6770379457914206,0.43612545034056127,33.4845902427336,48.295565877718104,10.757578640012273,0.06438704321299055,0.027303465877745535,1.0,0
13.360779538283694,76.57765781390327,8,218,1,1.048128885859974,319.8868432920646,0.6744158383105324,0.4098721218665794,32.36372056105065,63.1230421228727,14.650894316311554,0.002386300227082893,0.04729538466135746,0.8631940025195635,0
11.678930277799084,76.68445892608945,8,220,1,0.7337432622095559,318.700814055667,0.720951856085711,0.4195916777428048,32.052472520333026,59.99447277426583,12.847692551235152,0.0034773980092269664,0.026526745733010407,0.8504303739368322,0
11.506023457152992,80.30761129907066,7,206,1,2.1777591511267995,319.0627880309984,0.4137093925017892,0.6120869792182144,34.438952826342046,53.62478368068544,11.799226558296558,0.010791856535190443,0.0,1.0,0
9.557688340561574,79.14478649638858,8,239,1,0.821428730794322,307.1172600173186,0.5589099040638088,0.74846595510317,32.515412261893616,60.87794998226521,9.738170065417203,0.23579915964889842,0.04019348425733042,0.7722032812073065,0
13.214197848289482,76.2321203744576,7,205,1,3.4755823136064725,309.7566769470334,0.3985904226809739,0.6104424461167387,31.964619935294646,62.254887159700175,12.17703582057511,0.0009374641156521638,0.011827468593684425,0.7719198715630777,0
10.64059479474389,80.52745835947202,8,225,0,1.2172390819352157,302.7613173768735,0.6682558259098387,0.7438894088225586,32.429507695726,60.61176548749428,12.03959699869247,0.0013833697943778371,0.007257233167241023,0.842879370019767,0
9.495211497056587,79.71593628725928,7,206,0,1.9637240409442418,319.9341965246787,0.514993913522858,0.5808029422359178,34.08238541281719,50.89601134730767,12.701037389125684,0.0181383600046643,0.0,1.0,0
13.531119890424842,77.42222480599334,8,229,1,2.1180430597206494,315.5041554197918,0.6283302226310676,0.4633234478360428,30.97326561602214,73.12265120627129,11.942422262960843,0.00646590466436489,0.019931743920830466,0.44046947024667604,0
10.36949402925054,78.16598679058622,8,241,0,1.2305861897419939,314.70520116279886,0.362125472892286,0.6989219321748408,31.754699163623414,59.105920294417885,10.549579614093165,0.32131693429671876,0.15473271080629575,0.7735455089219652,0
10.080394301493447,79.34224950432939,7,203,1,2.9536784842787527,305.90587293855714,0.6611723988367202,0.376876438072309,36.185140187151774,59.54196597454849,12.818097786480076,0.0857166402125418,0.08041010425015135,1.0,0
8.195783096873473,79.10974759486145,8,216,1,2.768291744935026,314.7608660172382,0.4417945139001887,0.3909711753655835,33.08624124025334,58.255282491154865,9.81990586602702,0.0012519911872728088,0.05281675923842458,0.880608106308792,0
8.998451849610221,78.13017213454548,8,213,0,3.0432441128849783,310.9092414043477,0.6871217431226657,0.72904976355074,35.36498968326875,46.13407360050002,11.250600697967764,0.5082935254852823,0.19462182098683373,1.0,0
12.53147158840477,78.35699354321571,7,212,1,2.423681879163976,323.8864513599748,0.4243433935673147,0.610074079741503,32.46073385272017,56.42933307717959,8.291358745157911,0.061467600089370585,0.016236194410012842,0.8212920467977632,0
10.70309258577204,76.19875532991558,8,219,1,1.840729169039511,320.71363854569853,0.6660388950379942,0.7215848095603743,34.35398737383899,67.94634377339693,12.340080812643146,0.002189218670106948,0.008341913663729538,0.8496521671395267,0
13.347298470781084,78.30291292463995,8,215,1,1.7956683861700649,312.6235891657574,0.40364229267196283,0.4031546080444489,31.587721404672372,57.74446906612141,8.201791816444183,0.00187507099806286,0.01970096074532228,0.716516798739436,0
8.469760498052056,77.56513570193057,8,222,1,2.866138246473862,319.4029336151682,0.6153668953268235,0.6573043814230639,33.423356942555195,58.28603525966687,11.30013781026483,0.17644259126500966,0.07596657431654293,0.9542749349022228,0
11.449283277431217,77.3112355221848,7,204,1,1.508140964222064,303.94812002060013,0.6617034900837926,0.4439241802346688,33.35635835515413,58.51724317030186,12.793998271936022,0.01664269831080662,0.039572302949824875,0.9902369051430256,0
12.031911226242565,77.24026315393365,8,232,1,1.749039124448744,302.43361197903846,0.5044931404448676,0.4873416737201419,31.820650582223312,58.27037485799409,11.475663092061012,0.025217706133272497,0.04576936599056022,0.826549245523425,0
11.47862550820178,78.98515572783965,8,242,0,0.6546844768881375,315.13561919220876,0.4477330455618439,0.7095965505738547,32.651517883213884,63.72560783859782,9.844733257245007,0.18872031409155685,0.1502045256285106,0.7235942303656675,0
10.96731433670479,77.97458505531806,8,224,1,2.7185218252855203,317.4428598705334,0.48781103785739627,0.5145021397106284,32.723719930638865,63.73776063398084,7.962369328678188,0.14504959820705834,0.05365040051759068,0.6705171327637467,0
11.23847059389678,77.95869107876845,8,235,1,0.3076989969391728,301.2733545436672,0.46863666359398026,0.618214638778702,31.393372633774497,57.53220036817189,9.75870131435723,0.11146697212250045,0.035035985081831866,0.7536915718177184,0
11.861477711707952,76.7322601602168,7,208,0,3.962048643521927,304.8231204287477,0.6032266521419849,0.7049104216967383,32.96066886651869,52.40729107218117,15.8364095939612,0.006957019442682918,0.0,1.0,0
12.834275844370163,80.42457241392063,8,227,1,0.5749503086784626,312.8944314461394,0.3678246977920207,0.6983495713487253,31.091338520176226,54.680631473063066,13.979372143624094,0.0017102023352123716,0.06938682535701386,0.9237862234348703,0
9.88353000799424,77.03006053127254,7,202,1,1.5319135844737053,301.5075983901318,0.3665745541768184,0.35356290152932646,35.70190675804226,45.32893303839589,14.743305175890868,0.4931503767520622,0.138293424283506,1.0,0
10.57406285047334,77.86810235036361,7,212,1,0.9511225315931253,310.1772680708088,0.46510903194169356,0.4132861102702752,34.18975953829524,40.814536653860145,8.481772104589488,0.15515937548543182,0.05357384529002597,1.0,0
11.561093685056157,76.8749419152268,7,210,1,1.1626325039353662,311.5699147069992,0.4607893446775312,0.7174486556542661,32.504594047709915,57.779770756113884,11.863665228119002,0.008770458718202642,0.03715950635306524,0.9065719144409032,0
9.759609333028106,79.23445712099007,7,206,1,1.2898129972162584,322.1234335713202,0.42082809526971365,0.5749663473289044,35.30146677767479,55.825633127375866,12.11850246066382,0.10640241110964407,0.05173063292445734,1.0,0
9.001184049301493,78.00619223371993,8,225,0,2.873346556217516,307.57623591350114,0.6367259786354869,0.54207999555186,34.32068635725146,55.23402284163267,9.876100722861551,0.6060845680000772,0.14726660977021566,1.0,0
13.410545037957544,77.90278971948327,7,208,0,0.7069970926177955,304.0480433624408,0.35950516950751743,0.3761031433081389,31.175295896457843,54.424609522817505,14.338138762828137,0.008482124139064842,0.011335328229590977,0.9476835049805883,0
9.09048177725893,80.0254364727897,7,208,0,1.0554261687173598,300.18019820925537,0.7196939077561737,0.36002089637498047,34.49828720667294,66.60998306590673,11.467318161406897,0.0015755660156367532,0.05243861754040145,0.8641002249687832,0
9.303305334252604,79.49360730904988,8,240,0,0.40482436108177655,302.91859454504754,0.652994730585218,0.7313658948070805,32.23520811296791,67.67457000526795,8.785899144086745,0.0763088866232146,0.03489139084318012,0.5680584686607488,0
11.464642162702518,78.39142524329023,8,227,0,1.3258399948563069,318.0207839717078,0.5111830808453742,0.5395404330019767,33.5485761803999,62.792629764721845,8.673754512049275,0.14578301322491616,0.04312231892036748,0.7824888487632681,0
8.433262535560416,78.15551585858923,7,205,1,3.764966973442088,310.67812517918753,0.6935737679739071,0.6645669262018424,34.40055273125141,60.1474992223754,11.308543535770255,0.15992034954899859,0.04016381180519417,0.9946047303776512,0
8.190666861365157,80.41554642986645,8,214,1,1.520435930733349,304.76940102567755,0.5972614069574583,0.4380005573397899,34.759595663046895,53.860676053812554,14.46885528322728,8.418373562505423e-08,0.012868273913628861,1.0,0
8.358476181309952,80.39972595757969,8,229,1,3.1093532161861304,322.3926646637296,0.5780918246397793,0.44482878099688217,35.15422696200826,52.89864779359291,13.577278118254386,5.318020494841971e-07,0.05802534439630895,1.0,0
8.690276416400302,79.24194599238548,8,221,1,1.8468157520003765,318.9009196425294,0.47520714437842665,0.5741021281576826,33.36910482740704,59.0383107970548,10.403644302731562,0.04030615881181665,0.015190964808657875,0.9050212690319528,0
10.403502427951448,79.49668046183758,8,225,0,1.7983987372481263,302.74475259239637,0.6152418694474584,0.7004103344193665,32.96007653623879,54.58054566480435,8.381819402873399,0.1791514254036357,0.00704849710598315,0.9068149973640405,0
12.64385960340115,80.13582737750755,8,225,0,3.2958837760136586,306.4549765174404,0.405877884433802,0.46543197424183824,30.218864851454732,61.34031306450441,12.421256565480144,0.022463333812425962,0.03517027182084485,0.6543960483034954,0
9.915042601334953,80.43582027700539,7,202,1,0.10727781429509786,320.3865955806311,0.5599597177513357,0.48151999350232855,35.26013213696162,60.749006529627934,13.803560132477406,0.000322716042650938,0.000523918275549778,1.0,0
10.39417592202555,76.37846392484579,8,218,0,3.4595459968379196,316.61836002713807,0.39644402429585684,0.5702513224878685,30.630995953843648,63.80288920722792,13.82509715901733,0.00745316212576289,0.0680640933797027,0.6778864111011973,0
11.361406119880854,80.58775862936467,8,215,0,1.940833806400744,322.6930851422969,0.5280587765014882,0.36600222870709165,31.561719097984415,52.68705227518677,16.601553022915486,0.0007829720290824771,0.05258682486708886,1.0,0
9.692008783493062,79.23390218885923,7,211,1,1.4045087407362367,301.8299865136714,0.5965084838808713,0.5015048592981087,34.84622498350783,51.20773332364749,10.16565630106157,0.12666892911399255,0.021380337918790054,1.0,0
10.42221212110069,78.72662632928149,8,222,0,3.6273398038356035,318.6098693500495,0.41220137501560217,0.5725131558566784,32.612700621463766,55.45670168819966,8.727432068813025,0.20133485883091468,0.04553897738137842,0.8691972664235061,0
10.16334544644042,77.90056877650373,8,227,1,1.3594374070941417,301.8338739802455,0.438847844831043,0.3519307209025373,34.50687592960918,55.65121056358391,10.77105428922363,0.878027245751043,0.3551405053272921,1.0,0
9.91454783324011,77.54739351095577,8,215,1,3.9107894203447846,308.07988645661237,0.6753030900468306,0.605201406866384,35.21651517882919,47.62826610283697,11.640135191558851,1.0,0.418029304506159,1.0,0
10.17500174909941,79.6993669592103,7,205,0,3.745425997131819,318.0160504362078,0.4522851468936711,0.37038439126189726,33.90129153402924,53.525726620893025,12.178672442111674,0.0779286962388225,0.05812680498687329,1.0,0
8.062259178307555,79.01040126011442,7,210,1,1.071692848866968,317.0642393820631,0.3882224232273891,0.637983567892688,34.48551912080314,56.10848866999873,11.06868464351449,0.0004927560918712678,0.044651368879369324,1.0,0
12.963059741480873,76.92324377657887,8,224,0,1.362410879294726,300.05082775536584,0.48227604850839745,0.6706713843681307,31.32561844970114,62.33303103459215,12.904784947515648,0.06226062897369883,0.04823494689631895,0.7396753774273555,0
13.473142065712668,78.80559077081642,7,204,1,3.2486701840682057,304.8466303884145,0.7240559761228207,0.6855179031229283,31.669353146265685,58.667856812995694,8.747944391973933,2.3460982106613444e-05,0.004525632391708638,0.7198669841491994,0
12.829978671930373,76.64936406791874,8,223,0,0.7824403290589057,318.68576823728546,0.6275130246277605,0.6193552427298181,31.374403478361003,64.92288397022548,14.527021392072756,0.044644377564937804,0.0,0.7368833979162354,0
8.032156734703753,78.28562420192819,8,226,1,2.9278062562860896,303.0275403027533,0.5801737281002319,0.5746282418311868,34.16662436628294,59.008241443008544,8.838317220920308,0.015186605450471366,0.003893690208540073,0.9232329671660369,0
12.204959061489882,78.68390513403938,8,232,1,0.516604588034093,307.8330937430304,0.6861678485991048,0.4730245976844767,29.044183310811768,67.06893230914784,9.59778488054051,0.04180825456963199,0.05048202324196657,0.34096977988125293,0
11.209360966485596,78.92414672542255,7,211,1,0.822422106983864,304.41334816551176,0.6140749000127457,0.5198454874266563,33.12471278689413,45.8657328609286,10.018006283753703,0.2713198909719658,0.04195765201881019,1.0,0
8.527379501643402,76.6682060727278,8,231,0,2.002023238354671,302.6749088498555,0.6744581795223046,0.3848224228120796,31.18259116609482,65.32342347187331,10.363587264189603,0.0017711869966649332,0.059251009984587634,0.5818908442499753,0
13.224011155325746,76.43975323179355,8,241,0,2.983526907265692,320.0790178877523,0.6128628008774213,0.6328406229589072,30.006744453509413,64.88677454632786,11.296037323581858,0.0031898319912416102,0.003867162243490137,0.5227459920137651,0
12.346815923646766,77.19005756348665,8,236,0,2.9577145742047293,301.47220187644405,0.6957031280683104,0.3598737472137915,32.49386942078351,66.92000864162408,11.49351929078909,0.09803768387606195,0.04802810671229124,0.6909947375330276,0
8.813659204109324,78.79233722791122,8,230,1,2.435689088986981,312.86519875975017,0.5996032702061301,0.5153748338149655,33.8322708803116,62.9528353960582,8.685906094749207,0.19268724012326155,0.05639931702667382,0.8029496855744748,0
13.398632006283577,80.28574094426624,8,215,1,1.0884506955836235,316.6240922810218,0.45594994774355324,0.5524842806693582,31.212730992995052,56.46844954155539,12.523506459086263,1.237276561421531e-05,0.0,0.8486771697836915,0
8.706713015739584,79.58396824214162,7,203,1,1.661511456573678,301.3821652477053,0.36644725714047965,0.6100358072013865,35.73310849880667,53.9086500492412,10.739441652528567,0.009370365348725974,0.036382380231850024,1.0,0
10.546207319651987,79.43026841579317,8,235,0,0.9848570663366414,315.20224249555474,0.3921280987680235,0.4872795565625907,33.97178052047995,57.75413419879344,12.026498542913343,0.21741590365565983,0.08260066143919108,1.0,0
8.890264102891368,77.5190687849655,8,230,1,1.1080697001631874,308.0175723657872,0.5549783142471695,0.5271151331556566,34.96354038051152,54.24579729610081,11.098681051132248,0.5121789200551927,0.2682309718182971,1.0,0
8.841068452324265,76.51385394696572,7,207,1,1.2928960827942646,320.0050853705783,0.7387073522379914,0.5849504047765604,34.942785343142916,54.6567513434394,12.785237710590387,0.0023334930970506586,0.0,1.0,0
13.419712134897816,80.10292126815315,7,206,1,2.3953908441340896,319.14383093322976,0.6537846744898894,0.7192699163339211,32.2864535807546,61.23360788358621,13.863938135516834,1.91421261600537e-05,0.05908827636032315,0.8741501343847577,0
11.203887575797104,78.3039261230765,8,233,1,0.8303795542046633,319.0537208931995,0.6601770680826046,0.6187888524683326,32.733309627803095,63.872629450066974,9.074328625741988,0.2843120412715331,0.1508559773768004,0.703067917425429,0
9.451379539080815,76.46234989253956,8,230,0,0.17027807673639028,309.5679236198894,0.6155148487787843,0.451773761028124,31.72782583850919,60.591482511237494,11.028133040882398,0.008618311988349562,0.05559104072669454,0.7532483660425076,0
12.347836476852587,78.46085615853902,8,217,1,2.769818607196651,319.7411565540099,0.7113952530555687,0.6889054482397374,31.40360573102577,57.082340041796215,8.730717631475315,0.06267372097195405,0.05574870958811323,0.732416735973613,0
12.901368636094041,79.10688711626017,8,234,0,0.08722560242328115,315.11956809626463,0.6441837278168266,0.3720257887209537,28.810944859047773,56.67434477973677,10.737635115619241,0.001118230420575232,0.053761847361513085,0.5881443960673763,0
13.13858204601156,77.47154013617076,8,241,1,3.883139271436274,309.0884055672366,0.45334536434847256,0.4589196247938678,29.905152710737475,64.59414499128854,10.934566603455197,0.07024905461412534,0.016406283253618342,0.5094869324463525,0
13.224715837414482,76.04254508574472,7,203,1,1.4011420409866826,301.93607893093,0.549792914068303,0.3932607136075052,33.29406915495428,55.94037991556531,14.741265257715423,0.00019161664423481215,0.0,1.0,0
13.071258246629654,78.8593920258797,7,211,0,0.026325489276730618,301.60365390428973,0.5117371985267475,0.5288154561721036,32.73452802711501,51.60827887246463,11.471605932915363,0.0006386856074445925,0.04308157756994857,1.0,0
11.578021417188795,76.18443938477563,8,230,1,3.5383412456580823,306.0336392265212,0.41615632724349816,0.6047708763014121,31.89775396937976,54.34390569869255,14.51207222701066,0.00023512036380178667,0.024016317554372307,1.0,0
9.91781323891952,77.99084913800746,8,216,1,2.3992181333473117,307.190031468112,0.438950825896279,0.5623981285091482,35.64962692561498,38.41235346073346,8.295121307801761,1.0,0.3380056485500927,1.0,0
13.18317899365774,79.7939660493835,7,207,0,3.269569179364027,322.26067899473145,0.46406271529308074,0.6745048808551977,32.854956663353576,61.200845673681094,14.071389456700304,0.0005013449644981253,0.04241086272591102,0.9287362941639916,0
8.685980556802162,80.5946991087754,8,218,0,1.7400988625438618,323.9985132928562,0.41945746599691447,0.5769952657348294,35.456002616885094,57.23572750308434,14.005955205201767,4.339870659171949e-07,0.029244055910837407,1.0,0
8.945278964284578,77.70339340432717,7,206,0,1.4167275320557335,303.44817233880434,0.4369233596942925,0.4430667785027985,37.61415812348051,50.46272457251738,13.61453506767388,0.6686287894398281,0.25860154306659566,1.0,0
10.429434226775886,76.0925838619009,8,223,0,2.620757772191721,322.6264377591053,0.716557344409512,0.5645687444673708,32.75176173551074,57.31047544383894,15.154074370520663,0.0006726922825669041,0.0,1.0,0
9.588523676393816,78.26735426891835,7,209,0,1.6240034995645138,316.956960280446,0.48729568328373796,0.6441958086130787,36.81751183034001,42.92789367016165,10.225634111257072,1.0,0.5468285262799416,1.0,0
11.44810375965368,77.27086682818717,8,220,0,2.2248343920836855,311.9665960407966,0.6810066758333605,0.5511813457035358,33.11037412329988,53.826856969823496,11.337985700780964,0.017539891877600033,0.024745947076513987,1.0,0
13.06969076860189,80.10676506251028,8,216,1,1.1112915124589757,322.9124793443737,0.3757559777310415,0.526787819353356,31.024360861856007,49.9792764244508,14.744969492990538,0.0009938380339018621,0.05297685029546376,1.0,0
10.749775427685707,79.2729144915074,7,210,1,1.3305816269231001,317.1286363757112,0.7427237558371322,0.5616389413599702,31.59691991405373,55.3543737614404,14.316620747171331,0.24849548054758713,0.15603866021891127,0.9614849742660171,0
11.10167532314378,77.85988703650737,7,203,0,0.32876305288688545,314.24770853085784,0.6559166965158557,0.569223268943814,35.2577861402204,61.21977696638325,12.014491612586054,0.09144165550384609,0.08235756976447045,1.0,0
10.369548882294119,79.50532986222358,8,234,0,3.1254879468734615,305.02864233647404,0.7126864268294437,0.47422285234385286,30.43204928019884,56.76292840388311,8.895757975439635,0.16829527409162334,0.08063596341913892,0.6637092455516561,0
11.962387295865256,77.56954699704549,8,232,1,1.3954033078955885,305.86665484489896,0.5603645486318256,0.6916905404233298,31.097445302301278,65.14186172497858,10.792150036646174,0.0175227609956786,0.04401851415213678,0.5922226477263308,0
8.563857167138798,78.40011249152343,7,213,0,3.899996581724498,321.87604166558987,0.6038151672801351,0.4330732059107637,36.39559655750954,54.22888264689827,11.326715797190792,0.1254432007604643,0.10504968587079822,1.0,0
8.272103361188744,80.24481228707617,7,205,1,1.0390352964751672,305.16093074867007,0.49432761173570683,0.3631328486833146,37.68957612931137,54.558676907672755,12.917674916003262,1.4650946354391727e-06,0.03820256455525799,1.0,0
11.591495456825712,76.92072342469034,8,222,0,1.900210721078103,300.77534434307177,0.5228124883895338,0.6465968863429863,32.83364471245215,66.88674249090035,10.092198218776375,0.008136416456532729,0.02928861362801844,0.6762573094655442,0
10.99531985286325,77.44006680877085,8,226,0,1.2221288021535646,306.3894503492291,0.6502971257314231,0.6869255083995752,32.31753809630755,56.92079215937439,9.632159456436307,0.07763241339887526,0.06173548237602018,0.8403377763864996,0
10.281204962508514,80.073729697624,8,215,0,2.775701499662695,311.53333727069355,0.36998745599956206,0.6070945091879834,32.848974719297715,56.01296618958465,13.78739441443655,0.02405189158832177,0.008778380797012918,1.0,0
9.870358794523362,78.12464045742789,8,214,1,3.2334636784816824,309.1671542575718,0.3646205341598349,0.5375780571650268,36.64110309502019,50.376911454593,8.996149168187879,1.0,0.2911607223713649,1.0,0
8.290121686641504,77.46228861189846,7,205,0,1.9480429220715103,322.4592719666413,0.6999684190914006,0.740082178497494,35.32479226268673,53.19335258957396,11.06034985172713,0.06341467526893069,0.0,1.0,0
11.811114509518388,76.17157388284613,8,237,1,1.4677102296248479,310.04577706657204,0.3940030560197862,0.49830409481747995,28.962487372164283,61.1090381817577,11.209903754506822,0.0003093924384578501,0.02109997587766865,0.5169825915251907,0
10.360218200596016,77.92718397289974,8,235,0,2.979005276255385,321.33726450395557,0.6384119797359492,0.5123591413178128,31.98994026095058,56.90649051491867,10.183637223403322,0.37944005824330196,0.1018521117163298,0.8305894513123759,0
10.493501021309854,78.30276511229651,7,203,0,0.765820176256101,314.27191041574247,0.4298171189190061,0.586445098904532,36.325452425483945,53.69395476338619,11.780347324795533,0.24672675510221953,0.04456149252524111,1.0,0
13.003291167906593,77.869131189677,8,233,1,2.397865352848528,312.5789921378845,0.49648355456741056,0.5221707533611386,31.32369152623447,58.80917392161818,9.693516165436213,0.06580211152619808,0.046115079832358574,0.7174705868756834,0
12.13026814213148,77.27631247534457,8,213,0,2.9344978410916784,303.8446951837054,0.46741992777633445,0.5721193506753484,32.67915604645308,64.78842995679133,12.324079661181457,0.041928359221259856,0.009260861811496192,0.7797587164654254,0
9.228881632682432,77.69799879834778,8,223,1,1.0770784455162907,306.50476593072534,0.5461341959481565,0.7366254850133491,38.396054382597654,47.87269476289211,9.64869857636444,1.0,0.4391104553335574,1.0,0
11.680132380521982,78.95524607334711,8,231,0,2.6227973604560777,320.8120026436567,0.6806645946347231,0.4449994769004135,30.549762969224872,62.093336780274846,12.983307620774287,0.1626466903514162,0.026241535739577767,0.6828011265784948,0
8.740629783620482,80.09988671182981,8,219,0,2.9409045803477043,318.7189730755866,0.7002136363390901,0.4094251703177758,35.071275931343436,59.65675886750363,13.579901074281164,0.0002255448715708364,0.0,1.0,0
9.086757659972001,78.9885087838565,8,224,1,0.46966651793629,310.73816074677796,0.43881781007755494,0.5194204933578607,34.202620064584835,53.774024184539115,11.125717315873256,0.35879379807501516,0.10982436058282646,1.0,0
11.999235748101633,78.97234720547932,7,205,0,1.2956299373566793,321.81653170243897,0.48505939966379574,0.551599425281472,34.350654697020396,59.89484325929241,10.554469430949675,0.1004029892793662,0.04220006534051372,0.9724963220401568,0
8.704986342199426,79.75762436511204,8,223,1,1.6252241917367534,319.6602888740845,0.6847667436753168,0.6352786337499557,35.41920794914978,58.82539752770271,12.11130185978466,0.0031442187533391214,0.051596401193019066,1.0,0
9.569086127677476,76.75965677757303,8,235,0,3.1038295882395914,302.6900239950961,0.3858540007742051,0.7320692722523499,32.871799154505915,55.13111678171245,10.435240548724343,0.11860981725111813,0.06799779205376766,0.9513930459850741,0
13.029137500707819,77.38504909550744,8,237,1,2.27002053165016,314.54233185125526,0.3967587354141153,0.6254681348278268,29.07978340170079,64.95784760745124,9.887305843966248,0.10069435229543094,0.1022804787283276,0.3998969776000946,0
12.134566678376656,76.2327185216844,8,228,0,1.798245892547642,319.1722369617794,0.541832567875261,0.7448700622457278,30.884757458726824,56.154268012507565,11.308959550872249,0.0028664265444188672,0.0,0.7903732628029361,0
13.20497329878971,77.6083338656169,8,227,1,1.2750897946835842,319.4002590704202,0.66605774244479,0.4485354773374504,32.50617396433219,55.14767836059387,10.764203850813143,0.05019203577059056,0.056978513117731944,0.930836348241285,0
12.938266714982738,80.59458939842592,8,226,1,0.01624546889953482,302.19218826984303,0.4843904724339537,0.433556035472266,30.550064334980977,59.58368289787533,11.391753550196823,0.00023292077341302876,0.01094688017199866,0.6888602619615026,0
9.75044476306175,77.51483701868165,8,222,1,0.08088036385434805,305.3906680687287,0.3777727637961007,0.4726139003595098,35.823768385309926,48.008270507686284,10.408988067458473,1.0,0.2963683876437531,1.0,0
11.541313633093804,79.95495578171916,8,240,0,0.9617849029450345,309.912943603414,0.7371470188825908,0.6648495690429902,31.038869792185377,72.81552509231805,11.11398674905305,0.0500754573054977,0.07453578690328827,0.4268728998718435,0
10.12069579748193,76.39457748407999,7,205,0,0.46676242334037044,306.03914626658866,0.7255645289028422,0.4246058889935879,34.09433279910513,52.251935231772684,12.318447910731399,0.005691210589576965,0.0,1.0,0
11.903784257106214,78.1146768713456,8,227,0,0.47834638811110164,302.61451552075187,0.6107605665234404,0.42847601986737344,31.00075250743948,62.71889730646489,8.759729392900885,0.0459272946412852,0.09428254755968274,0.5744954234488895,0
9.951359321245112,77.61672918075553,7,203,0,2.4109584962657853,315.09121031186305,0.6227505652447258,0.5146943042457842,37.534946034031606,40.607198080820666,11.165546949791569,1.0,0.1948981130235387,1.0,0
8.007377282528331,76.9272811708645,7,206,0,2.4218212928807783,312.1793628369055,0.7234781405408526,0.4770177149585302,34.77540786905037,60.33557551269048,11.441362922525771,0.0005455248281015333,0.0,1.0,0
8.526054004961999,77.71352878246157,7,212,1,0.179088437749372,303.7197541031653,0.6075453658936261,0.6085912356575243,36.27299140610478,48.14365430233836,12.412044364698426,0.26829061755827166,0.09729552740602158,1.0,0
12.317669026847533,78.99587931250416,8,218,1,2.375741007201653,314.07316791064983,0.6653649717251994,0.7060668131378032,31.385391317730605,51.967281799446525,10.348794162476077,0.03232608869733598,0.038440734945111445,0.8951317207338938,0
8.470429370724661,78.25541714448983,7,207,1,0.5832743761348063,301.4883588817551,0.5354063474621673,0.40546422873675986,35.7302894604941,57.97065716974124,9.531278958684574,0.1418286552034069,0.05083762948696162,1.0,0
11.356767026145357,79.88393654355892,7,207,1,1.5089029392289577,309.19298542255945,0.44120103925953114,0.5687019707797744,33.680606835083694,48.59942081845596,14.205211451614591,0.03392016769009046,0.0,1.0,0
12.803559669211477,80.16275439150235,8,226,1,3.9587354386703293,319.02043112496926,0.6830128607158296,0.3853602870852455,29.021039171552527,51.02473953282038,12.30030967849351,0.007558001520467195,0.024766662122884177,0.7800326187974023,0
12.15016692631583,78.21670702337944,7,212,1,2.0880214528817955,321.36119127756484,0.6237527717912184,0.43859736402511795,32.076539140713344,53.64738403573223,9.632633983807354,0.07732888448578423,0.03290135234403881,0.8930117618149311,0
10.315257250989427,80.51594104509515,8,221,1,0.13675205344938046,305.8856311871894,0.4658248685171415,0.4736406185581452,33.084282908038055,52.995477733737076,16.002943549046925,0.000900986116732938,0.039825154608526175,1.0,0
9.168183605641657,76.33129551226828,8,220,1,1.390632806716833,320.6282111757411,0.5993102204643322,0.5816411782986923,33.04780246767787,57.017908597720044,11.479916630677327,0.0012678453189996172,0.0,0.9567774092880434,0
13.166209931354235,77.27116041814674,8,241,0,2.6835926353470643,321.4021867230623,0.676593592857809,0.5719515969012297,30.620408053397735,63.377774574368594,10.589789130188866,0.052655959165590696,0.1111520317303579,0.5853477020044668,0
11.171838217996335,77.91687184387945,7,206,0,0.89839153854036,314.56517531049457,0.45813809053508336,0.6072265006719142,33.524587707377144,55.90645836615524,10.05903739115859,0.1052961252035836,0.09144987253987674,0.9768059303961292,0
10.270352331895513,78.6804269476483,7,208,0,3.8577969478343053,323.5722695429947,0.6572608434887629,0.6775625668910953,34.07043573645267,39.278766715302254,8.522702883121891,0.209408951626628,0.12060499922693592,1.0,0
13.275523114530358,78.51127681004077,8,224,1,1.7011747915636621,305.9082197374274,0.3789373555967287,0.4248919512509723,29.871647901946847,48.99543483228118,6.847851366018037,0.000918533488719563,0.03895277403918073,0.7256230174107192,0
9.204099365682701,78.61269311339754,8,233,1,0.08434922697084213,301.65538157045506,0.5999795296563707,0.6473529909843219,34.5177797635197,55.990551989636394,6.639563212307776,0.5785052675496667,0.1701204223632955,0.9508446197971174,0
10.47677848574028,80.1227533239997,8,233,1,2.1622646584518352,320.2426356452054,0.7495734500817184,0.6168083819777574,31.223935019472243,62.64884104573987,11.676403097455605,0.02736417580551783,0.011572625811306353,0.6857968251795108,0
8.608415971315635,77.2767998829852,8,220,1,2.704758497410148,311.7823358207893,0.69654989495958,0.3818844139701195,33.16988436064645,55.17845327516643,7.433053983200165,0.11676802997548442,0.11997545322982783,0.8813632275807329,0
8.699329461037413,79.75752722970769,8,231,0,1.8239647082069426,308.31489309844375,0.7002632209159874,0.4878781280210686,30.963709454874376,57.335407715887925,12.888248156495184,0.0030478027919841463,0.011343992135046598,0.8200578157769408,0
10.232139033582277,78.56680254898723,8,221,1,3.7126833590954647,301.3255879557816,0.6221428611353093,0.3610797395526697,34.77213288308801,47.20413611822865,7.573028442364082,0.2862502630255247,0.08717402738204763,1.0,0
11.918097993516554,78.25625622144437,8,215,1,3.6077286698624254,301.55098749170514,0.5344748510383381,0.38607375269644684,32.92537438774619,50.869698714899144,7.790507053440516,0.051041225636049355,0.014091838369798439,0.9679079062899953,0
9.897806087263426,77.37730175787716,7,203,0,0.5558402926110313,302.17719481636544,0.62088621278374,0.4635147200226643,36.729005693003295,41.48323164652748,10.93987506522181,1.0,0.5840649654575165,1.0,0
11.861748646576812,77.39871649269601,8,215,1,0.31979266937782747,304.4074204933357,0.47847693484485204,0.4472464657737409,31.701518901348447,57.08515475003613,9.613063543142065,0.008712412151239914,0.014242520657367674,0.7847535941680904,0
12.509066627813398,77.78700740864647,7,211,1,1.2492359897231609,323.28962218136536,0.5711074149675809,0.7100695077755169,32.15049587798407,57.5514924085641,11.384898070708415,0.11587585083437135,0.015089921934559495,0.8671751121291082,0
12.914436322058684,79.51214824525857,8,219,0,2.432530649070746,306.7536994094916,0.5658719641797231,0.7075154251499215,32.63200173548892,57.34500137753948,13.473131446477295,0.004305414977565205,0.0983382587587379,0.9771465828256147,0
8.250429222700927,78.19297128292445,7,206,0,2.406381257261358,319.60913521085433,0.5674921403693988,0.5811470070306741,35.42979406883437,65.83973254690709,7.713708781905775,0.06974025111609598,0.0029945585952947766,0.841542181906151,0
12.332897267849312,76.70763495217875,8,231,0,1.0865723989000928,300.4659307295866,0.5147950361807458,0.6440142236344419,32.26804349860783,55.60514215019148,13.110011321654614,0.05410714196644905,0.029413827781468935,0.974132764236993,0
8.8239958844545,79.49537061577688,8,226,0,3.804402187108002,307.72356146635684,0.4911207321445228,0.7498405252531009,33.39243534578681,53.03688320080366,9.174630641205821,0.027012231051402557,0.006752686606933435,1.0,0
11.91026884247627,79.05154794441299,7,203,0,1.2293268668621362,321.74861839166505,0.4821418057415843,0.5140770791190115,33.334585366283584,57.05493831084996,12.408954284883215,0.14321499210117453,0.033313224011708234,1.0,0
10.08130980736001,80.36649833464536,7,207,1,3.216797744404625,304.4409787891557,0.43989234331178917,0.5589701704251623,33.14867328892531,62.57245011071381,12.915076695287036,0.0014372782791690856,0.0,0.886597807233411,0
11.963642467091226,78.4353048674499,8,221,1,3.3279207223388068,306.81656448992345,0.5254188979751394,0.6104599756180626,30.961308009417717,48.197515524576446,10.611146871692785,0.05134721357911051,0.015956897849365576,0.9517625510901772,0
9.197415769244783,79.0103418553059,8,236,1,0.3937400757093701,319.83635716111314,0.3970982614541918,0.7182232849674728,35.19405411395166,51.31848648102953,13.402290016115527,0.40555713186308306,0.1586261367809928,1.0,0
11.611948025845573,78.20491925470157,8,237,0,0.9302116487234078,302.91340047484977,0.7106294169283752,0.6688066202896525,31.180999822045628,70.84270208702287,7.825229514860052,0.06912633952807438,0.0,0.37978391668711514,0
8.702878887546866,79.13158895807864,8,226,1,0.8607660318009747,301.27639657853723,0.3778735198854474,0.3757687110106958,33.32378081902025,57.94755082015922,11.7898284943072,0.061286238893490184,0.07215609734440703,0.9688016349174715,0
8.95057506687812,78.00613849072084,8,220,0,3.6786052670991984,323.18344211969384,0.6849674858994267,0.6351801136481195,35.86843205404893,53.558831354196556,8.929653517427356,0.5608770137944583,0.29312241760346525,1.0,0
11.440986780921534,76.63413980218479,8,213,0,1.4044196957557409,309.71500220849225,0.44649936334575224,0.45077421210233615,31.84739737438506,52.614376871701054,11.58114559054307,0.007738123390745891,0.03776398195193177,0.9577633170876471,0
9.88592035324202,80.538742886976,7,205,0,3.345885333566029,315.78891047467476,0.6912876717911677,0.45196067861661965,35.32691130272,52.990484737339806,15.778466191496143,9.799153795345136e-05,0.023807535127223646,1.0,0
11.941157209437327,79.31367303286093,7,203,0,1.9120720087090999,303.05078187363245,0.6381064778988914,0.5688952980209983,33.537465365090796,51.679268018893914,13.622380991201778,0.17696640981814493,0.07183606363039731,1.0,0
11.83689283825505,78.79967879605731,8,244,1,1.8288761767760815,305.2842575488047,0.718390048504824,0.628520340492231,29.50001084527175,65.90663256033794,8.273840580209594,0.09370288172856461,0.09652288445202908,0.36341103167446354,0
11.48115034542844,78.21453545085339,8,233,1,3.6136854303729766,311.0395381958382,0.6980931896574238,0.4136911290033589,31.298968850739453,56.30471906777726,7.64465139674669,0.11324271560919712,0.0017636505135636901,0.7070378922037936,0
12.09102703091218,79.27257341006785,7,209,1,1.7636056287777082,316.20367721829064,0.6304350094273636,0.47580459238557504,32.64660570391036,59.62722925073648,13.89157508759265,0.12823968492394078,0.08740653117138952,0.9407237690189898,0
12.446037347716517,76.58316464182184,8,241,1,2.979407668923705,307.0379498670382,0.41067152923675043,0.6364484017000225,28.149647058392162,61.481047467139625,13.89845522056249,0.044340835337384345,0.018678149806742022,0.5249962590165996,0
13.103970381842213,77.50012163145179,7,203,1,1.6975100071614686,321.231210024961,0.5696181279218522,0.41080079728397556,31.07816155677652,60.33938598107308,12.683188453395873,0.0806996067643571,0.05835679632318096,0.7564323026539295,0
8.450888645097857,76.57361701350928,7,212,1,0.4074789463052504,318.7474560869581,0.48593122145018053,0.6898833905398701,34.678284483323814,57.42131917427056,12.382758317013078,0.0004690698469254805,0.0017362024771732521,1.0,0
11.200674482759318,76.57971544205174,8,224,0,0.21237917798979256,313.23738938060495,0.7043102542561697,0.5324171176649705,32.75642527860491,58.98485051342286,12.469457476197894,0.015724862757703528,0.04617794059903255,0.919709307938863,0
12.193150268274245,76.09819870643513,8,219,0,0.8329607079147916,311.0210684025515,0.698891397621914,0.5843961000834055,32.363130905874634,46.90218351249055,14.54671532684801,0.0012814509494920615,0.0,1.0,0
9.214872157351312,79.47710970965113,8,219,1,2.8890721449084156,314.8690210258202,0.4756149809594843,0.3821593593501977,34.657638133117146,52.57584848051619,12.829938711300205,0.08065881692984678,0.0,1.0,0
9.476278400670896,77.04561967327582,7,209,1,1.4945988804019787,317.55991599472907,0.6186798317111979,0.7318004977205255,36.56932543573,52.84176276699897,10.10441363144321,0.6080239490511425,0.24562230270023708,1.0,0
9.495000328278357,79.82723550772056,7,210,1,1.8164303255501015,303.23880708697726,0.4853139308228853,0.713012901988529,34.06965137424589,55.8010067842836,12.439110953643915,0.008560242932936342,0.06635289097359183,1.0,0
11.205064640257302,80.16039876515316,7,203,0,0.40750559407019304,320.46339270146126,0.6212761981565278,0.42603148644802546,33.984118314517524,54.54174863592739,11.145117980521437,0.0092218894847763,0.03994266760174559,1.0,0
10.050555183407695,76.7754038743987,8,214,1,2.492150399152238,311.7456668077859,0.5955484177574739,0.6152409106115588,33.805660911353336,58.2703979316777,11.844026093009397,0.08372476387029748,0.051003130651010205,1.0,0
11.730130544680954,79.26077459474533,8,225,0,3.2137928416078076,322.4482557554292,0.5543791809808317,0.6672468874929292,32.643662015050865,57.44620982952757,10.769092100623627,0.20384478810666118,0.11389058931800272,0.8913679665203367,0
11.417342219020444,78.11740635105427,7,205,0,2.4987329760174477,322.9330175067388,0.7013624056270509,0.3987869607344116,33.161430157820476,53.80968001824387,9.40551405998653,0.11628582073169642,0.06077342019562837,0.9727152715653106,0
11.679826265377072,80.22722132406783,7,206,1,3.9384563273012247,300.737203704434,0.44842010627289886,0.5809814237637057,31.181913874343635,57.65469444463681,14.124485830382307,0.03448894224263338,0.04977341988368214,0.8697786840694877,0
9.412978654131667,78.2283190914876,7,210,0,0.06536556604988464,309.22754341845354,0.6689866657195674,0.6901815720553595,35.54130729698606,49.60212525600073,12.744834862365032,0.9394791890225961,0.39023367634497336,1.0,0
12.297279704608783,77.74281987763678,8,216,0,0.06267930900208496,312.6293619179104,0.6258030891889171,0.552685638976286,31.702595690752936,43.87667517373743,10.366659492504304,0.07846100265079772,0.040879586756751685,1.0,0
11.718599084304685,77.35499954753874,7,211,1,2.000022412460161,312.9502917150569,0.4625071479082782,0.7195141359699242,33.12890870320979,69.79640888379714,11.374044790199447,0.005352469211764743,0.016102342669991023,0.6762610942101674,0
8.731637830736124,80.15665862504952,8,242,1,1.065632235508227,319.73744080432823,0.5186743018443596,0.369120758768245,32.71965491665667,59.180854060104096,13.486529906536749,0.00012196694645006332,0.0036563144244067362,0.9440729901872384,0
9.120967973490771,77.04042479567923,7,208,0,2.7460416214040153,303.38649569829045,0.3776056682092322,0.7176842731894695,33.97193701737404,52.996871725706356,15.545936381261708,0.26889582835226405,0.12646148143680563,1.0,0
9.685404819316204,79.80748804140363,8,230,1,3.1728406142125296,314.9395845526781,0.5890306630813142,0.7408872190910486,31.965846696706063,60.41206500001962,12.425562028732488,0.009346806955136407,0.015763674013657414,0.8207401492340705,0
13.241832443896893,76.89326225885851,8,213,0,0.40974363513199874,322.6223277082863,0.7051563783902044,0.4123768403892465,31.717387531578805,58.61103256403825,13.991562442466597,0.01577722901715617,0.0011725096428127748,0.8889956747577983,0
9.827559236183706,78.95962552956605,8,242,0,3.6693528109849427,323.92058865130286,0.3971273693592084,0.522380078643636,31.12964135036921,58.686665191519744,7.055258142889615,0.22050269076863388,0.06710233542407991,0.6215765919067402,0
8.111322862925787,78.0749019427313,8,222,0,0.11969175122440445,300.2420529835139,0.4027993840023929,0.5983059690645335,33.85058658368954,46.24209864136285,11.484653236611003,0.04169119164744017,0.03193558997991884,1.0,0
8.79310413088956,76.48119990507672,8,240,0,2.753615711177987,323.34161478956264,0.5398267409830658,0.7072953153155005,32.53884356747891,62.52658275457389,9.573201056422496,0.0013543720013083648,0.0,0.7323643246459144,0
8.180162212444552,76.57929181985844,8,237,0,1.5380030650291565,302.9330406667271,0.46249204162313495,0.41381046915589526,33.83570854668761,74.09786986834338,14.641711004027098,7.828768445561308e-05,0.03253590982426969,0.7416876284699616,0
10.255899767202013,77.29494208961208,7,206,1,2.669756851239529,312.8868129052647,0.46077156456551965,0.4836111832283234,37.75015860459562,49.61720981333172,12.971870924143392,0.45028315254126833,0.22446325395923689,1.0,0
12.464059045430343,79.52659775078872,8,231,0,0.3905452864435861,305.91287542280253,0.6054680536467234,0.6691719246804079,30.28481019372075,60.85736050143191,10.952757880692285,0.06849523928025963,0.062178834475268195,0.6247331887720985,0
10.52244037129842,79.353124010422,8,219,1,3.748321277755155,314.5533848974568,0.5141025509857157,0.5140018250847662,34.66841631181197,54.29621129797181,9.474125584806771,0.2160520748447326,0.11675924047513474,1.0,0
12.69836715484162,76.94355315647388,7,209,1,3.7496333593600735,300.88863820080957,0.6878590235557321,0.5919773899097762,31.472169425129575,53.672593508659006,14.02631887371099,0.11287993138524603,0.0786775871524087,0.9793900611496218,0
8.26616419962013,78.19053009500773,8,219,1,2.077603256704447,305.71998433614704,0.5215624482974335,0.5740022092866646,34.43659491479992,54.65873893971664,10.549284809024966,0.07560690996365464,0.07499893584013806,1.0,0
10.630448039210677,76.44614002831418,8,241,1,2.0383381362605784,307.21381519677533,0.5961101926564285,0.7392686782706384,32.01038746378204,65.94502329353183,10.462604158911724,0.013950082031331823,0.0,0.6401548176471206,0
12.407622083924757,79.29335291644273,7,212,0,2.539232751254817,321.97457236991244,0.5091565515473341,0.40661248956672696,31.428049514097236,53.284322961041475,10.979019697337577,0.04617944058608307,0.05537318993775041,0.8891135370267584,0
11.778444418862122,79.64918936108003,7,212,1,2.320275802190151,314.00710912436307,0.4524093988678901,0.7293762248350463,30.71222966655806,49.50694528182147,11.300741864878894,0.1677312914359956,0.10859146511301718,0.9234574270057154,0
12.775823007986615,80.11015520017033,7,211,1,2.1741862673100454,316.99703333663336,0.5385328425827014,0.5756602862751522,31.192869917970736,57.90925340707177,12.198321251982652,0.010885825209174199,0.0,0.804842178798202,0
9.533474453893621,80.0744314453948,8,219,1,2.3567645955437326,316.22436439960967,0.6381921704363877,0.7116609032221304,35.38795734905792,49.356023083827836,14.679535320304261,0.0012012766840820658,0.0,1.0,0
10.804764459213072,77.55430461287162,7,209,1,3.4345206887146777,309.41492007838036,0.7311236562701877,0.39717685473961556,33.73875142053859,50.66738457906514,12.011147883225501,0.10002720173500544,0.08626318778156965,1.0,0
11.790520038716476,77.1708556338241,8,239,0,2.444267118323137,300.33650564549004,0.36686673036223916,0.606601205551955,31.01601160466933,67.71759584222275,9.4312729319864,0.006794126587757961,0.0,0.4856705607976248,0
8.94354375448921,80.1243111238333,7,206,0,0.7833374191869789,302.56849831838883,0.5627307790723914,0.6860440145378175,36.26830234989884,53.67409529447105,12.849797756796187,0.00042138113091704687,0.0,1.0,0
12.568517602191406,76.67163208416974,8,226,0,3.655648161516833,311.0114036256888,0.6043864036743731,0.66475260056544,31.44703157850465,52.720775523099796,14.436950773589613,0.0651988597093584,0.012505393234777607,1.0,0
9.744232284429447,76.27298272978608,8,215,0,0.8638424743313831,322.5910746928296,0.38428821069554114,0.35397532901369827,35.13276759216079,53.73303490510601,16.794033478160678,0.0012970673737797817,0.042700343745346016,1.0,0
8.52252090192789,77.44551769891396,8,241,0,0.6606467791640993,305.970187378405,0.6816684095689428,0.5308821864848803,30.63168898280287,64.41664427455659,8.519596724810093,0.155150250736088,0.06094955109247051,0.4985082734492971,0
12.28792722781898,79.49738020200745,7,205,1,3.9882313162554452,316.7596492708429,0.4603807994632198,0.3961386897474208,34.265709286797204,52.42753749359514,16.39219608742468,0.1161134593080276,0.058782939550988005,1.0,0
11.948100686499089,79.19331904391512,8,229,0,0.853666777812113,319.83830023443255,0.699964778383127,0.4111300431110949,31.66454839840896,57.823098553295544,9.111159223681069,0.15959658737670587,0.058014709861118556,0.7495894577564347,0
12.948606618392859,80.54045428352353,8,235,0,0.40037343463762953,321.76284682038624,0.5710427847000864,0.6325150839923404,28.79258287338632,63.82320249290347,11.314425056423795,0.00032056654029391106,0.05455760789825099,0.4457754115086931,0
12.995618574447894,77.6538544270965,8,227,0,2.2480288434772024,307.0436738881848,0.4108315710727807,0.732631811812516,30.322663260201377,60.930802721590865,8.516151061604946,0.10392966875747178,0.033984386800992375,0.5501115985454723,0
9.559744393656834,77.26889764834165,8,221,0,3.3087749746999724,322.3507961894581,0.6456883560876361,0.6036389764732806,35.39215147767886,53.96292764081362,10.4507994739886,1.0,0.34138811964066135,1.0,0
11.59163154121979,77.73975500252666,8,222,0,0.24300287945320864,314.5915742529163,0.4128914010480216,0.39095082432182376,33.10887888208109,52.58738419493187,11.840472644999377,0.018324637390350017,0.0,1.0,0
13.595088778563156,79.59837880258009,7,206,1,1.9604167008730933,312.2017628188266,0.6381513755393191,0.4475986367420632,30.7323916156205,54.583867823508655,9.331496075338817,2.2005414366886402e-06,0.04081085638854431,0.7507781575780763,0
9.365316671382004,76.98577977515724,8,238,1,0.27400936182795643,318.6814231646612,0.673279287755758,0.5015497589695659,32.2948186142685,62.67342892610712,12.639002522738956,0.3837240384980889,0.16096175133497598,0.8045719594444758,0
10.648109343928262,80.35964072753367,8,234,0,1.7147644715571317,305.72910272067514,0.5802116580512267,0.4001430204704978,30.751483248806924,70.71370141447618,12.46825319961364,0.006043966289536608,0.05974335091956892,0.49195204067792153,0
13.096931641986847,78.3577269296366,8,231,1,1.3758405150813,319.5019255569831,0.4584369783972571,0.6891872409500247,31.336748695330233,64.39045427658307,9.23746454993939,0.006559441063986073,0.0,0.5802786189835014,0
8.577245992548939,79.60246698056255,8,242,1,0.5485176725322258,315.59910466660165,0.5249351054581644,0.4278020732883091,32.55051105806201,65.05758372865351,10.522351680451344,0.003779821438142837,0.014402778308252134,0.7067531064380825,0
13.198199426314691,79.80540439262602,7,205,0,3.7240840937208635,319.1847870922884,0.5612081819884025,0.401820430893498,31.28456449197683,60.99956226618495,11.818712392292511,0.0004261575496464613,0.09289280389021942,0.7319470862308779,0
10.733671329545947,78.20254953975365,7,210,1,2.5395479178094553,320.537332681187,0.6163124398891291,0.6402738688613259,34.301355227722134,59.997218714267596,8.438387199065067,0.24460922775843447,0.1173447614793234,0.8999854530750147,0
13.001028416003209,79.4103083498519,8,237,1,3.3722252023128285,314.81633863257076,0.603570215306761,0.4007329405062285,29.180672189592105,64.4779795399537,13.94223307138979,0.001491579783375429,0.0037577773621806244,0.5456845872813021,0
11.47967990063053,77.67759389010311,8,217,1,3.6237781167260397,300.88164259220326,0.5101697317450252,0.5141277788594054,33.02537656876962,58.437960643048164,12.23096818464125,0.02015839210164535,0.02629762215227289,0.9468222333219929,0
11.760039063329238,79.73026886565674,8,216,1,3.72074132395395,307.14594384315996,0.6532665469841917,0.5562033219004681,33.2361196176576,53.70501424599699,13.0501726181413,0.15076391601806216,0.11288297900413713,1.0,0
12.328720207996762,79.78995383964018,8,226,0,2.992458465477515,321.0724738790781,0.6585665459742017,0.3820917174779589,30.61520857118649,52.82801549907623,13.115903307805464,0.13938790162544062,0.11116392039605744,0.8982945704327675,0
8.37596211511134,78.60454676941673,8,220,0,1.2277932609367892,315.04695626305676,0.6285324796331984,0.5723152816274115,34.86784363603398,64.21317038567537,12.463062725921729,0.02937664250145533,0.01552581917893165,0.9792761157284331,0
11.515502698621981,77.00347995301597,8,219,0,3.315730475421414,321.36135270289384,0.4588618816827537,0.5420656010199913,31.955532585415757,68.93011615646111,12.905652738544493,0.013202429070636384,0.009329324190850141,0.6455934489428037,0
13.174048570722409,80.46302660582967,7,203,1,2.0807316459282794,309.2286840491829,0.537758514685865,0.617366511490782,33.699953912163316,46.99514637304898,13.20697916096911,6.353485320085366e-05,0.011128117847388052,1.0,0
13.354292854175759,80.35610740280613,8,231,1,1.086615687307082,312.1134589393758,0.5231028008573196,0.4376583719894669,30.677352892187027,63.88780777554356,13.446443028069748,1.5103012304049656e-05,0.0,0.668029468408464,0
13.422600086418775,78.85117450506495,7,206,0,1.543095239975679,320.70221861210194,0.6767168943779461,0.4926516576253255,32.168424566722564,55.78259102622912,11.535646007268683,2.8771314984284477e-05,0.0,0.9126889621489351,0
11.616664123900447,80.5258526035927,8,224,1,1.2048941230924344,318.2887525862007,0.6732719923737926,0.6138621356239913,31.52499828100024,53.45181134802348,14.028974141202413,0.004810087141875359,0.07615982347140805,0.9887817131509624,0
11.546406349499243,78.31286296339967,8,223,0,1.8648161600121096,309.0600271508944,0.696432361850312,0.36423864889642554,29.861948832222055,62.908970340901426,8.364754436492307,0.10011594968371842,0.02884548946711364,0.4630283045833019,0
11.093804373952844,77.72722812465975,8,241,0,3.1253405524836486,300.5431268649949,0.4424703125493966,0.3963179771174718,30.872874223108372,57.43822183118959,9.864705046900406,0.06079317813215421,0.022315388573839683,0.7157177328371223,0
11.402298811249459,78.11831387254044,8,238,0,1.9394693673701338,321.1281495157849,0.6493818267949532,0.4634207325260335,29.494141917816908,63.360916306509054,9.63794765391276,0.1220526758315332,0.051793779946235796,0.46212177274709265,0
11.4278604101457,76.21117228365334,8,235,0,1.0714343123639258,318.8725643155877,0.6981596834702815,0.39254254956287515,30.606971426878523,58.10120209075177,12.26287792189482,0.0005764159629111156,0.01784076252279407,0.753769174171273,0
8.237486303721456,78.52596050168026,8,217,0,0.349612298716123,310.77985993719517,0.41659629642534485,0.36580498760212327,37.46848224700581,53.34549331328409,14.339202444467865,0.01971807152032153,0.039955114559727445,1.0,0
8.497679201227157,79.06466922659071,8,221,1,3.4230243485183953,313.1097716913645,0.36597482424996036,0.7449529690590737,34.1122437420866,60.081822527404505,11.746835843630834,0.01949673235956741,0.015206538910209916,0.985735098011691,0
11.468732801879796,76.50379187916099,7,210,0,1.6694744271053787,304.9034884112173,0.392203419382369,0.5323039928728858,32.95404310086906,58.55681039785276,10.730922892567216,0.003579176691187006,0.05581956590918628,0.8913602566239747,0
9.759612008215518,77.17574882980237,8,229,0,1.767690181498471,309.89042615606087,0.5924809506807467,0.5634736020398489,35.87978751496627,51.64026669086128,11.442069494817813,1.0,0.2693777252611226,1.0,0
9.687982716055444,79.31744690531374,8,222,0,3.0548862809302872,303.9166902482749,0.518659148182234,0.45196195855282056,33.74299233933759,64.85337143171468,12.829932669926661,0.09347316753344281,0.033257983164492265,0.8827765035085701,0
9.083267580163831,79.65051482045078,8,222,1,3.3989059834592386,305.05366976618006,0.428020545571156,0.35307489676819176,35.56439162820045,59.68511951233559,12.506272560812661,0.02612485397527596,0.011307619009775007,1.0,0
12.485991828830898,80.53498842698444,7,212,1,2.044579631898682,320.31286783976225,0.5613214287027314,0.6502896741632733,33.94942772036583,62.84477128836626,15.11288458227493,0.005826566802244182,0.05416846833934237,1.0,0
13.400239620835528,77.16482895509745,7,202,1,2.5294713352343483,308.69933706667604,0.6642090057098565,0.6395011928913122,32.17591637911779,58.24490354094527,13.572500822374117,0.011296050613063165,0.02104158454259618,0.9222469369380006,0
11.51544481790116,79.87062156965706,8,241,0,0.9566268021559341,319.5533597502327,0.6923270722787918,0.7390162971557586,30.480960311476476,65.4084835250286,11.880719442254955,0.056919461159160335,0.011029378838287036,0.5689417635262048,0
13.294351415395962,76.79167363952517,7,203,0,3.7402717822641054,311.37359673714667,0.6506883931181984,0.35844083296192436,32.53676990632526,61.23850026704278,13.417798075586171,0.008423801678360078,0.05341596189376502,0.8809592316771112,0
12.94975127645817,76.60204061883375,8,241,0,2.2716850722469677,301.69866662173854,0.7042045579208738,0.40480829375625954,28.77655605647391,58.270302315756524,10.024468326802028,0.026174196040353672,0.008213985254419605,0.5275264773463555,0
9.220391079224974,79.35433647340786,8,214,1,2.8784195619807718,308.6766525265488,0.5916741594873574,0.6348564195057115,34.38198528281539,57.40625651967251,10.60476210012338,0.1415535334850486,0.11525227588846768,1.0,0
8.85974504659048,78.0510129086293,7,206,0,0.45685221741028315,303.7985629106644,0.6848294723132657,0.4820294549370222,36.43150512082863,61.0754475760214,10.208196537019923,0.46617294211724536,0.1769814079587681,1.0,0
9.184885998960235,79.6520480923962,8,234,1,2.547683809430866,316.6458339510322,0.5168748369450168,0.37550925260417656,33.71762283476769,62.47930323647614,10.329151391847468,0.030024900402342583,0.020133099266095633,0.8552700341930709,0
8.53877254964722,77.29979805853822,7,212,0,1.4757991296141326,321.8734571236193,0.6909914470630749,0.47038325447347057,34.96994541225185,56.855394300443336,10.37826475361241,0.09920451255327978,0.10824700314977659,1.0,0
11.264123335126968,76.98069183465861,8,221,1,1.8002519007139601,318.31381353872024,0.7083252755268071,0.385086770197721,32.505305330808184,56.40813857907372,12.500947284000942,0.041735670549603185,0.03511146300008808,0.9570269673240732,0
9.582840239890352,78.52447422158603,8,226,0,2.728648129369611,318.6825026075051,0.6245632242873638,0.6850423022444558,33.698821675680115,50.032201084211174,10.661277973052014,0.7656531890509964,0.16538172173342308,1.0,0
13.112333490608005,76.53042818348628,8,215,1,3.185310172833779,320.6847971206504,0.5224185218597486,0.7007732621618399,31.1412130726261,62.31740219411644,13.5234218674339,0.009472741215253112,0.0,0.7439879739846746,0
11.43508353007252,77.28224638436089,8,230,0,1.397460953340127,318.63995161876596,0.4626695651844298,0.6047559687948298,32.05975349705407,63.928494659756296,10.012168141968967,0.018526736837867045,0.03896832827324135,0.6750042756408959,0
10.013819112304896,76.76469025270812,8,214,0,3.492947408938523,313.6457580577606,0.4800717891790264,0.5042389024149487,33.80914093822801,57.39466380362239,13.20335733789665,0.08249392042645948,0.06498712092843156,1.0,0
13.513987539000537,77.47221755135322,7,203,1,0.8759612167667803,317.14263094704006,0.4029420408293771,0.657515698294505,30.66671449135972,50.701542759540594,11.801519610106068,0.007605142717197419,0.028761330588300722,0.9087671896615559,0
13.337889176994473,79.52129404691712,8,238,1,2.2515929330504725,309.98291409350384,0.3688647221043166,0.6026361053356557,29.04802082758249,65.07972474164677,12.225961135959045,5.909793255964542e-05,0.08119767574960068,0.4676246935384439,0
12.360245317731522,76.55541475115609,8,215,1,0.6050619213389568,301.69891142157104,0.5157672184392449,0.6667927916776744,32.069324246937654,46.56058695007023,13.312177825890789,0.03452515530569371,0.07241813364164704,1.0,0
12.433428582461953,78.8145970281883,8,217,0,1.156999089577548,316.9339150882749,0.3670674742232184,0.5543629418679424,33.4876587064298,63.2208791197577,12.005143023571877,0.020011373580784975,0.053817225312364034,0.8720016312500444,0
13.472712736537144,78.68992392422284,8,232,1,3.5816458775890374,317.31986313816344,0.7022352106792908,0.7333379617962734,31.73157910502966,72.22059813473658,9.60404136248086,5.333950399192892e-05,0.04416184923942366,0.4506334816691857,0
11.362554846783777,78.47540089416951,7,208,0,0.04622710429981858,305.36934217029614,0.6099832360890596,0.46601347779539815,33.06382697305555,51.69511818383814,10.404465942096067,0.21697572159348094,0.0453416126495718,1.0,0
12.928111156258385,78.22753897597838,8,236,1,3.6624447545817875,322.89459753180734,0.6874668984909076,0.5916739709800907,31.523812965703954,56.2993374906195,9.356089084185141,0.02467875493107521,0.01804840267409894,0.7793769201201262,0
8.363035244879947,79.05375877926602,8,237,1,1.3136081356554405,301.26027438334785,0.5277666642996849,0.6732210401243023,33.519816172516116,72.78910027349994,8.939117887927697,0.006928181628502254,0.0,0.5662409978518627,0
11.102750108944205,79.91832901509648,8,225,1,2.7831816795083357,317.6630171586692,0.4395811774701399,0.707549127553208,32.27345779613902,50.125050056921026,14.053587676580888,0.03738271296322868,0.000905203700919819,1.0,0
10.814091501022618,76.74536853640467,8,223,0,0.36687317773667116,323.2434813270558,0.466111531573984,0.728699315956143,33.22525640272395,59.27207998392373,10.22192405153131,0.06039438177144121,0.02261974026978317,0.8821602716390442,0
8.211253628436754,79.74500408290932,8,226,1,2.5650858493465667,307.41959466479955,0.6918932482496569,0.508004389058253,31.710416452603695,64.13249312120948,10.453636357709179,6.621792445500378e-05,0.01913961900799272,0.6551554378685092,0
8.486931117815145,76.28278796398264,8,219,1,3.637845119060754,321.8991700346011,0.39875729219640593,0.6297370916683069,34.68118095516152,50.24512119474302,12.412329414174897,2.596365252012856e-05,0.0,1.0,0
8.12229797449449,78.21777246927644,7,209,0,2.220807701599932,319.83447007753125,0.6293063336751534,0.4660788487921614,35.87035906960309,47.46730083901512,10.925307485362772,0.032881810948087856,0.02973240170901219,1.0,0
9.6464840251241,78.35274139609795,8,216,0,1.4484859931339034,317.8586271665096,0.44027609702807236,0.6097517230457887,35.414802618730235,45.43250823590494,8.332930240123734,0.9830281951858819,0.5491840688974491,1.0,0
8.299662885291148,76.90889482542515,8,225,1,3.1743104803847753,322.8909976273887,0.49126795206585194,0.42369052205561236,34.481176010337265,58.38372519910521,13.769527165618577,0.003349984607522836,0.0,1.0,0
10.36969423466049,76.41249628464007,8,219,0,2.8509016974863712,315.69736979540164,0.35121870118834353,0.5185804739129111,33.28434202913776,61.442736199466296,11.811145369161643,0.009240181471990514,0.07008579424004054,0.8885104352263082,0
12.551379903688337,76.34459048712507,8,234,0,0.4707702436877459,311.87713565677757,0.5416355077320267,0.7180948302727665,30.77651112653212,61.088918757255605,9.368596744664396,0.014878321906857003,0.0,0.6110574919872034,0
11.437446927244302,76.17127633119912,8,222,1,2.662806147506546,316.2163445232496,0.4013411268561149,0.6743625268599442,32.95888004803951,65.56680604653144,11.846657286614553,0.00039228150109116413,0.05358561715479145,0.7708523542870764,0
11.773223508861154,78.63852791094732,8,223,1,2.6586233843395184,309.8837710218585,0.6938589632735688,0.5486024595455881,31.470011033472037,56.76086515048068,8.322713437462372,0.07012513292992209,0.0,0.7323442665882426,0
8.17643744781396,76.71518320855118,8,217,0,3.0076846694387918,307.79729216190924,0.3890911676026153,0.408738130419521,35.30363752672028,53.55707629321823,10.607853646665177,0.0002935584855465661,0.01581267951322075,1.0,0
12.701347617432855,79.72004184737773,8,239,1,1.265227460561026,301.97389500075667,0.4501474149422602,0.5094286401456525,31.601692917545698,58.773299113282775,13.256364186429698,0.027706741695867194,0.0,0.8527735881040079,0
8.818666124544748,80.1351825167536,7,201,0,1.605111926563184,309.07220588184947,0.3559193623538981,0.40547159143556033,36.64047180120468,62.627768266589314,13.783202466609161,0.00023264544174732445,0.00048133158761977184,1.0,0
9.694844905781927,77.34507753692053,8,213,0,3.8401522261432475,319.2766814036565,0.7471509512892314,0.37741105526092417,35.261031474883715,46.467320364166945,12.89595071500125,1.0,0.397112753018344,1.0,0
10.894045811626963,76.75654557790206,7,208,0,2.293827683111171,322.69045891815716,0.6065750911818322,0.71260455337808,33.014004303363336,49.4317570376568,13.85497747310097,0.05871435451613227,0.031936537692408326,1.0,0
13.207963213673686,77.88421462785237,8,235,0,2.0340199083925783,323.403641221753,0.6074307284015368,0.5465725888156052,30.77740455201731,60.079446311723444,6.881194389977361,0.02870360336452542,0.0024765016902985933,0.555833341538825,0
13.589635342891391,80.05522292590896,8,229,1,3.9473987688083905,304.95662090304035,0.5575443394198035,0.38575548514081354,31.436524553993152,58.94489752052866,12.027507699583948,2.0746900736277057e-06,0.03462978615334556,0.7967944946552352,0
12.382899828279895,77.83916824336967,7,212,0,0.9182305275842229,313.7143622874229,0.6972221996826823,0.6366674365579275,32.94961954271465,58.04335607265047,10.824724389682869,0.09342907342834712,0.02584953428999098,0.9053330196782445,0
12.084159652873828,76.49834696166266,8,234,1,1.5917476402352788,313.81795580082024,0.4076752339377524,0.3796726004475892,30.215902495566024,69.89102148503474,12.100656183001442,0.010605818394659941,0.02904450560930211,0.45411468068185834,0
10.955021051987377,80.52947322670752,7,206,0,3.039534246383156,304.22514106932806,0.6671407425864196,0.5084661668574647,33.16185204531936,56.30421874221458,14.68242250860569,0.0009788220123778848,0.0,1.0,0
11.727513092795306,78.29850716760865,8,233,1,2.852402325144178,313.95907686646655,0.6728493903807905,0.4421162171250146,33.040790567940164,57.316644907014826,10.160266858388837,0.053859395284710634,0.006306391596799335,0.9083154442748909,0
8.808775382398782,77.57490876747819,7,210,0,3.8668025723035284,308.7063081676269,0.36445134319195865,0.4158521132792865,37.217501963568616,46.857363353628884,11.750453913975822,0.45244517396554323,0.1629439481942206,1.0,0
9.507498275219156,80.11065563328334,8,239,1,2.6172013632123368,322.6177544631877,0.4030707796848347,0.5634196832020024,30.954910561886386,64.49037836478753,14.36657990121866,0.0008584325614184861,0.04420853966775889,0.7065230939638925,0
13.514000035583674,80.26605607181438,8,234,1,1.2523798929947438,306.1248528054172,0.5688595603490472,0.6378758453040305,29.136437690231908,57.15164247326058,10.740458063384333,2.8965183147623905e-06,0.013195599746288781,0.6047504003720732,0
13.485844129615014,78.28530054593982,8,237,1,1.5906078682186995,320.0390686922004,0.3860766081772852,0.5448758939111153,29.396555699896215,61.717463167385056,8.697884726336513,0.0007637213442141818,0.0,0.4611338023030327,0
9.808645410111753,77.41089541144967,8,214,1,0.3588516960671595,321.5245350795053,0.46294649048794684,0.6783209819569667,36.34051011043628,47.92555693746992,13.306435428196764,1.0,0.5386676268211351,1.0,0
9.349872006400732,78.22011556998592,8,213,0,3.694881033288319,317.6609341327888,0.5114692439960066,0.7169547702154484,36.32860772017477,47.19606688574657,11.698996445475728,0.8567091826511779,0.2537806261438106,1.0,0
9.285301218977544,77.00869697538286,8,240,0,0.5146720909847695,305.15225466934714,0.4128870235081347,0.6728724418133534,32.927023103387256,68.39870310994367,10.070040809925388,0.36396961121130395,0.12427880670316015,0.6497472981492471,0
10.715240547623518,78.19989525051908,8,213,0,2.1828148963057905,306.2488576407952,0.6316586752392765,0.7325966620574056,32.230175443829935,49.2142447831695,11.816752209706546,0.23818839137844058,0.1309200288298823,1.0,0
9.25309284683019,77.05538308611008,8,240,0,1.6055804984698718,323.3068287712738,0.5480245323838552,0.7216143885943511,32.701518999506696,65.17380181842084,13.398485191427985,0.41877656169512906,0.14453314352734495,0.8066336495594417,0
11.631581142283888,78.86213270096114,8,223,1,0.5368944521309498,301.8198975869075,0.6059265763330013,0.6830067355204891,32.6121791902834,59.77071034665765,11.404788987731484,0.14427158600743326,0.10856947559946512,0.8569543584644999,0
8.418990943582036,79.49549023292052,8,223,0,1.1719690144991923,302.810061772899,0.5397198115964529,0.46705304024126904,34.162282269669454,67.60301277895353,11.823538980291787,0.002029986350511594,0.0,0.8251643871853833,0
8.58059244554767,80.45936782606755,7,203,0,2.5342760636165003,323.48567362507254,0.514993758732465,0.4197328258934754,35.60264992134235,56.09360597719192,15.30593445536785,1.4319508520390548e-06,0.04658717012727049,1.0,0
9.550831939640483,79.87582415880016,7,206,1,0.12500596444346312,318.6454745805773,0.5469556213952539,0.6408045478159385,33.57758909391681,56.671534576860154,7.859202948639781,0.005786777235732651,0.022252400384336107,0.8954761927078347,0
12.353682106919198,76.39622028611015,8,221,1,3.863958133405171,317.91321242544507,0.7098059072131953,0.6882116137090315,33.03153427501678,59.6087995820692,14.340185586725642,0.015978709933111932,0.0,0.9872297762350369,0
9.810421418635267,76.97300524773163,8,214,1,3.6363824718802022,303.84498626749684,0.5084155313171761,0.6792494074541989,34.33344214604935,49.08154158270117,13.105095477496937,0.4103629587005341,0.07959055042574116,1.0,0
10.636573980789569,78.44578254624204,7,212,0,0.33840578530601206,311.73453195663404,0.6069050387254911,0.607448976283228,34.37840219193656,51.91097663046195,8.183098984587822,0.310374591838522,0.09243201488592319,1.0,0
11.677083457651417,77.1849185732694,7,212,0,3.47341419341556,320.1783024596295,0.6835850064858603,0.6819472659007106,33.70373890338911,59.07201275449678,9.871936597420362,0.006268099466314091,0.005612730604252061,0.9155426438518836,0
12.415823563048654,76.06607995258318,7,211,1,1.3142848741929876,307.89289682902137,0.5984350600915271,0.632866477766116,31.014502674419962,55.87461718549847,15.623353810318617,0.0017278754728104811,0.04315456625233991,0.9422246475408209,0
9.719810518858054,79.47203836959069,8,216,1,0.2700177941030968,304.62636317794585,0.4404257522692965,0.6161463445211668,32.59445255067661,56.50068755457956,12.983593192562628,0.0470001105313636,0.0334947198996739,0.9774819430555315,0
12.093428702519644,77.64575123490282,8,230,0,1.2244513371675825,300.2626876264352,0.398783873002972,0.36863059906302476,32.37310882023398,59.49721498606075,11.88902886926044,0.03609660475762689,0.0387894855797415,0.8582419986047594,0
9.601977464367462,76.30406014913136,8,234,1,3.23554997686914,314.94101963665827,0.5863508518592898,0.5341898111767855,32.4520917244704,65.23407011348922,12.175621229047396,0.0017809610362659106,0.0,0.7462942490360595,0
11.609010766852991,78.34064751600413,7,207,1,2.6633258086716896,307.05144744676306,0.6409581166302772,0.3635384454358112,33.31236143195028,54.725638378952596,12.348088423088365,0.08068192730377671,0.0353725183826106,1.0,0
10.524928788450271,80.49516008048259,8,225,1,0.9542384026815549,320.72813824508495,0.6574948600782753,0.38694801917990396,33.27454896076639,52.33368320794786,14.598919407422988,0.0017166276055301274,0.059909805986616216,1.0,0
13.189115788363374,79.1212776815447,8,231,1,2.8767059062809675,306.80443408222897,0.6275208789879074,0.5664018612532417,30.79511241779451,59.373239869231746,11.86162467081166,8.585515647213875e-05,0.015595920037622028,0.7286409197961459,0
13.499722962838312,76.73032412091632,8,228,0,2.8312844580421563,303.6378194924281,0.351381689942851,0.3689916135576906,29.356259172415623,66.81445212891846,13.412483482681587,0.0014165470501921113,0.004024213543040669,0.49184054811469125,0
12.335089403065636,78.36575969527661,8,227,0,2.9714454540277755,323.0507402881036,0.6595361179387745,0.71528815308627,30.012326419162402,55.99487725738619,8.861377211773073,0.0755639861763689,0.017577799112221112,0.6447257448561934,0
13.126600279603217,80.14792329251003,8,234,0,2.1626266706549586,323.15464829410826,0.5918490757720718,0.5301363828665913,28.70426058072658,65.4334589412032,10.870750515848384,0.0004958475838353201,0.01962579671809733,0.3887669144318503,0
8.76442375533547,76.24952086797961,8,227,0,3.275782608482812,316.44057188046577,0.7452725529726022,0.6299866598858196,33.49725835616032,66.91106924232032,13.455263465302021,9.594893847032902e-05,0.06231142603560764,0.8361136409191523,0
11.664998162268322,78.93430872351871,8,231,0,2.5654488718276536,322.2812568623105,0.6558349121330993,0.4091180729852171,31.196250925439017,59.27229120752876,11.439182464624672,0.1588482654971596,0.05980109949797856,0.7511111134165778,0
9.110860472805486,79.31785575299213,7,201,1,0.5015968389775698,303.8840059499708,0.5220828643082783,0.6890381000419847,36.661717308027335,53.70875074765725,12.371417692807507,0.1440144942918583,0.06284111914184003,1.0,0
9.55102362784571,79.23845381684674,8,220,1,3.24102395102134,311.04818063928707,0.6204599836671678,0.5412267665330905,33.174408972093595,59.8340165971938,10.542068575228805,0.17365050194826973,0.044789634932666314,0.8754400218238374,0
10.927810150807517,76.6907839253166,7,208,0,1.295072420177866,304.89981338314266,0.5963742939666522,0.5735103678451452,35.219093298079756,56.00627337362364,13.46256267182978,0.04438259267473097,0.01822427857415914,1.0,0
12.155128706646394,80.1734812458902,7,203,0,2.8201388727891743,311.4907981966807,0.48495739127637716,0.6093936719456814,33.95281866482412,51.523463386902854,14.488707370951502,0.08926739943946065,0.0567734791603594,1.0,0
12.040366815494675,77.48244813048014,8,213,0,2.700526824367223,318.98827196992335,0.5634116577741538,0.5659593011507527,31.058250776345094,51.56596890750967,13.65243643995024,0.02510817618100553,0.0,0.9800268943880991,0
12.868972314959443,76.23801330759862,8,231,1,1.34365008414684,320.2782683280015,0.43175239179284053,0.5752748489019381,31.02283192951307,69.75264724466761,15.196960313779863,0.004797354283851954,0.007576127829690493,0.6211932873835408,0
11.131939171908888,76.38281629861973,8,224,1,0.6467346339547286,300.0999454624248,0.3851320687931252,0.6478093315823845,32.95846286565421,64.06943032092579,12.282403676394848,0.006044198865925996,0.031042403261918684,0.8177096798935058,0
13.187518858981614,78.10485595627861,7,209,0,2.7798323517614305,309.3480815207967,0.643209777369633,0.6725885483188765,34.097654863612554,49.58773692137376,11.062955047435503,0.013464916631125184,0.029049006703768088,1.0,0
12.97217613584716,76.18391720956362,8,221,0,3.39609341231764,323.85764849069943,0.5036514777023052,0.472466425367415,30.61634545512311,60.04960541384133,10.084176839523334,0.0022683292962334864,0.03065303894539312,0.6431680827433338,0
12.754721941090747,79.585941581734,7,209,0,3.3529252677381405,314.14355908356083,0.6522853289329867,0.7188197180196433,31.665179628398835,53.88321821034477,11.290524305529681,0.01658774899114244,0.0,0.9053001155733773,0
9.285312603704355,79.98278812746346,8,234,0,2.506019367465464,307.10870231275084,0.5453348068802563,0.4915586716383013,30.46731578735308,64.78062214565715,10.057706995457481,0.002787407137260008,0.02922446876443021,0.5247880559839775,0
10.976108761848302,76.061516605098,8,235,0,0.909629078939139,309.3358622410023,0.673915749898693,0.4589302424791364,30.796612258494914,63.46648766760706,15.629185090441908,0.0005495385203825128,0.002278985483590724,0.7555411074485066,0
12.12292494344403,79.72606211530531,8,226,0,1.2648398692118046,307.741529919211,0.645843528664988,0.4745721688505431,31.180175649878958,58.45204635021776,10.990373824212304,0.19384231693903015,0.10860784070471277,0.7539739006028197,0
13.466174043929703,80.51354975785722,8,241,1,3.0185107237575064,310.7423623207304,0.6556523878886814,0.49340606295513156,28.746267102219395,61.92229848463686,15.236500895730737,1.3342420528826182e-06,0.0,0.6067229451846049,0
8.065224732927817,76.13969354108644,8,218,0,1.6434157188277112,310.66767920619924,0.5217325951751047,0.4767722423238394,32.53633381750289,59.77594020187964,11.972335027405633,1.3348538892008338e-07,0.011311744693837535,0.868253505467675,0
9.831841390092553,79.33484932525023,7,211,1,2.929989673872722,312.1647193247391,0.7344717038986734,0.6875000707539182,33.751732820519486,59.459845199092435,12.920627605319698,0.06658726545371668,0.051583391754511494,1.0,0
9.917161414480752,80.59583276246913,8,233,1,1.2377999703725027,311.14814417261573,0.5121018325912173,0.5744610722071929,32.18535038262345,64.70596075767067,13.257752541280718,6.47556869596973e-05,0.06051221685190853,0.7696181708520726,0
9.615793590778399,79.66674549695219,8,219,0,0.025272986146927856,312.38672843895563,0.6672575033014885,0.7370581527749417,34.97309589570116,56.375198842923595,13.688166084359992,0.02086641495273077,0.0313547904965682,1.0,0
12.577576078672493,78.32464221396162,8,236,0,2.413960258625297,300.6717348078044,0.5458355221604514,0.38358223015029064,28.898495599255167,60.606172683176005,6.735422251614011,0.05920273538671041,0.044471984515714366,0.38299718567473495,0
8.252400045203062,80.07018567153636,8,229,1,2.4036654204216026,301.30624551545384,0.44403426544018504,0.5955920696198865,32.61605311689831,62.66489289791588,11.441115931963898,7.231487088853075e-06,0.0312662907633399,0.7940972348839335,0
10.012834600047395,79.25648915455166,7,213,0,2.5102187311199864,308.9074553569915,0.6015655746815798,0.3884097189332034,31.8842582893769,58.713207165753914,11.510997206420495,0.07892917829988343,0.0943590239272704,0.8231133609097394,0
11.985433806345796,77.34527759211782,8,231,0,1.0727425430739275,321.2385975418072,0.5376437682025577,0.5335400338722113,32.39030246419306,60.51532759031541,8.565342962081894,0.018401429604194344,0.017716136548266287,0.7331848931296943,0
10.277742426999108,77.03187099755544,8,218,1,3.2442838012463557,318.979975281638,0.45562794492178665,0.5030940090133551,34.09970452181102,55.112442296744966,11.166040552129514,0.19665730573987486,0.03823127665100817,1.0,0
8.806756068676597,78.35770420644126,8,239,0,1.9498673553214614,302.64368740587753,0.5030126718802801,0.6223099660447868,32.743826715725774,58.7287899116498,9.645887900979103,0.2613384876630766,0.0993013646715183,0.8361131140683049,0
11.42077384745089,77.71575641049941,8,227,1,3.0495516359393884,311.87594300984034,0.41397493506506144,0.6481779253124784,31.00157393532518,60.32664398590046,12.574217603304685,0.028241982167405772,0.05134239933430043,0.7469278172492484,0
10.926617323804265,77.5155527577168,8,224,0,2.4443738575050586,314.5100945034757,0.7448181658974941,0.44523746082627913,31.792552238807296,63.10316636199204,12.370601143470877,0.0820633831159506,0.0563039667253904,0.7447791642564721,0
13.498297482248866,76.81845415694367,8,218,0,1.6642832592092827,311.5485418280422,0.6072734883119458,0.42748592658876144,29.657954191676374,63.25091262972329,13.535534478003623,0.0019619298952006487,0.013083201324709857,0.6000169099723491,0
12.19174682707877,79.8883156145898,8,232,0,2.718507386562448,316.7415992874975,0.4194179388316916,0.5178041730108991,31.38665571848861,60.38913559346184,13.20259705523003,0.1692273015639782,0.03509502039284779,0.797266121328615,0
13.522585531935832,79.24306670296643,8,222,1,2.2999094240482223,323.9343157941485,0.6558353344695116,0.44679492020114964,31.212738539536623,59.63891118213166,14.407385950712833,2.0388102291647056e-06,0.025425389238583878,0.8370943296515689,0
9.04357479024961,77.52407876043021,8,215,1,2.0428445335915493,302.3153791184921,0.5907513989921774,0.6206496028484856,33.80894866586795,41.26334717960088,12.69730152110248,0.7747357348684747,0.3677034386302055,1.0,0
12.264932051956253,77.09326857529186,8,239,1,2.5942421036772276,312.372816754968,0.6390204822371914,0.5570790599051513,31.64690488391915,54.85631833219156,10.348028191301244,0.0744160150856569,0.07442913540227421,0.8526997694782805,0
11.089174030319533,76.58943439983972,7,205,0,0.3437559054677175,312.29691511110127,0.5837945493652867,0.6807908071725592,32.77826155836982,49.90113044319884,14.052711037783801,0.021919914385317308,0.0,1.0,0
11.990053195526817,76.51755959149283,8,231,0,3.6410443574217153,313.4970911455364,0.3741868877545618,0.7425088169114697,31.869119729770436,59.89350626629044,11.764399492046737,0.007126714526984973,0.0,0.803541766800876,0
10.61828819004418,78.87719965199861,8,221,1,1.3403281843294415,304.007218943591,0.43129589274690266,0.5012431458081902,32.21375188875436,61.58827205343252,11.536088650968114,0.2768602771952493,0.041661958470927754,0.787464937662672,0
9.189388590392335,76.50055901910785,8,217,0,0.8987718543481176,315.32058698374124,0.6574977326585935,0.7147986869903251,32.8498249656929,59.65951588109673,14.308256101761264,0.007578721463161261,0.0,0.9699625085189651,0
8.256125315404697,80.41697807029405,8,213,0,3.087185430704712,301.0641821421306,0.6517401328416359,0.6608688948617344,33.480085114786704,54.31112026350693,12.447485733796164,1.6221206287201964e-07,0.0,1.0,0
12.694414241029492,77.2840214674155,7,205,1,0.9248875483700729,317.7869636863637,0.6515501325260424,0.4096493646021568,33.79952628812296,51.78696595229951,10.79483216784949,0.16259674261009707,0.10155457781034524,1.0,0
12.562926752085293,76.11870235867643,8,222,1,3.98307849280424,315.91582861536267,0.35608588697078203,0.684371322876802,31.49878054873749,68.34631607241441,15.438312561876655,0.003011589238021248,0.0,0.6996497338997827,0
8.910222509203484,79.93451672967865,7,211,0,1.6819701662537718,307.9301680419039,0.672060316543444,0.5426029249210944,32.78171611910238,58.211881151247624,12.214201167444847,0.0021190985654339156,0.03502733300349737,0.9310172152690135,0
11.613013037445507,77.69090202091138,8,226,0,1.1864976346525733,323.73574466640116,0.5256512779129779,0.633664348480077,30.692721659546102,56.91918387113426,9.753663334962242,0.013990934855100223,0.05012639326664261,0.7087691425989839,0
12.131308722980103,77.57764306168481,8,224,0,0.2482602905042941,319.8906811841083,0.6274645805373468,0.6310446417278797,30.108156010776995,56.94325777994821,10.113718791124489,0.040995438589185786,0.06295860706124941,0.6707720957885406,0
11.122699974134667,76.54565481435536,8,229,1,0.16721670945528055,312.94885524105655,0.45883187130962616,0.7043862415950887,31.05461449728865,56.88070133236472,13.424628210932257,0.016331216463778653,0.03556237758041216,0.8544996989798045,0
9.77648185733819,79.03794146780697,8,240,1,0.3805622445614718,323.77224983845457,0.6578114547279532,0.6544658813799562,31.68247051302261,78.79340061018776,10.427378635099014,0.19588329267195057,0.09879706226702571,0.3262081115390005,0
12.933297052240444,77.65044950931139,8,224,0,0.020131315248447468,319.92217544947874,0.7429127075242136,0.6798494952471568,32.254498797205855,54.812019713816845,10.524802631298925,0.12130911159828936,0.11318235590196127,0.9098412105770939,0
11.597667570232012,79.78577483600692,8,224,0,1.3083599176237612,303.31145472327876,0.4514155002797277,0.47836477565488256,32.54195163496428,56.42345650773033,10.022745331974972,0.09125294447494967,0.028689253626802663,0.8822966165883448,0
12.033218067277563,78.90084419669859,8,241,0,1.2418176004032238,314.18545450054626,0.6636790561667518,0.7392550103847987,30.719231834331218,63.466383785055434,12.672549504321003,0.07801919316896905,0.0559719502267471,0.6567001852030676,0
11.651841365213059,80.04759682193225,8,221,0,1.7203669817543568,313.9405832803908,0.5919801812115668,0.6146368648107134,32.62531266141735,61.70449494137915,12.561666258876606,0.05959017917988247,0.08896117477389373,0.8512282381218028,0
12.039216560876493,78.86378132674514,8,223,0,0.9316916929643924,315.670684121268,0.45923832677026993,0.6594766577914665,32.42739865316672,57.3291039487861,9.874679909961678,0.07056699392947999,0.02409361399317006,0.8479979916438379,0
8.812376011632887,79.58467985671084,7,203,0,0.2509646317764793,322.5781581978583,0.46774281753225855,0.6935525142050832,35.3615099859173,53.41509392769011,14.445123215167813,0.01593400344422921,0.015190049800209857,1.0,0
13.166528630543354,79.20408071056173,8,227,1,0.284650111811795,311.8087659193402,0.6426550687290629,0.3995132877643596,30.736882442494533,62.545385695466436,11.1827411308181,0.00013069607827083358,0.001251987464990571,0.6320811817578004,0
9.600540468567608,78.12792515334706,8,239,1,0.7285855012207318,301.8571551284116,0.46373839143846096,0.4845643497957603,35.417880793756815,47.69031071290478,8.747928109329896,1.0,0.3013575666357489,1.0,0
12.684686848967765,79.16790036301853,8,231,1,1.2663581074764587,311.5039526526084,0.36911742687498095,0.6843743885946316,28.72511468300605,63.83037881845057,12.135798673664397,0.006514927819015945,0.0,0.46566151394805955,0
13.002951542942718,79.05263828076838,8,223,1,0.5919682008620493,318.9070652859634,0.6995841199400799,0.7187927964529042,31.33437415513352,62.423977029709995,9.385611892312788,0.0004771539287097112,0.06331297254596992,0.6284098394579014,0
11.64685219729623,76.03083665166017,8,237,1,1.4604712944577174,308.6066105950452,0.5855797014832034,0.652437368821149,30.99839118566821,61.66422208571732,16.343932523372857,5.1487391390231765e-05,0.036034337279829194,0.8347422215895901,0
11.350484267696974,79.21373451814812,7,205,0,3.688880613448793,300.6505177421026,0.6533894531623647,0.5429235726202633,35.440896647025546,55.32847075263754,10.56488114756676,0.17910411238840362,0.07549599437272264,1.0,0
8.610669982560854,77.20593370838509,8,233,1,1.0464120381184672,307.27783732575944,0.5912894954454415,0.4504489054424681,34.147323045362945,61.21788035311467,11.954748707619204,0.08767415697043,0.0,0.9699099208241306,0
10.442838866045918,78.49238498120013,8,235,0,0.6735972680505875,316.3715986728711,0.5565829742722174,0.560010995970724,31.051206502102893,60.801679872456404,9.258732041959584,0.24900657392001385,0.10663860133264642,0.6368985876541136,0
11.425208554029593,76.51212898668993,8,216,0,2.659105012008927,302.0642262740612,0.6579929524747359,0.508920089900635,33.21318145591073,57.90988202790936,13.811380896942968,0.0046269459262472164,0.06585124088170123,1.0,0
8.458467925903527,76.10590350723277,8,235,1,1.9635241518427944,309.023155408542,0.36286253176121547,0.704252318516929,32.82805710598493,69.88740230320116,14.87472828984802,2.240913040551051e-06,0.01467852244808306,0.7585644111520249,0
8.624187264274246,76.06955066036763,7,204,1,0.18901606323702858,303.1951400400201,0.4747545949980256,0.5769060036565083,35.49793770256001,56.317934824972006,12.43267210835681,4.283602323596285e-06,0.0,1.0,0
13.56349502860037,76.72769475691551,8,214,1,3.151229324665555,311.42228620154856,0.6009874902174672,0.5068265407423365,32.34361837360444,63.41775055683916,11.767606545468253,0.0007919307364659574,0.026953560088836773,0.7648670010831606,0
9.86051124539053,76.09150553040669,8,228,1,2.861371887415104,303.3963238025301,0.7275898779268758,0.5493919682022245,34.1502642109011,57.61455270668919,12.821076926321611,0.00018883245475945877,0.04043137853133358,1.0,0
9.958501928830518,76.60902813591468,8,215,1,3.909193446961365,302.61688740023305,0.5074602892475486,0.7234270174893128,34.278631495134945,62.95472380054951,14.162986057504058,0.028864872852288732,0.042699457865718486,1.0,0
9.408563243359396,78.57219858465128,8,231,1,3.7532264782491827,316.7471710062841,0.7401163621052205,0.5953033914125521,35.69665906137091,60.44718557366071,7.267731665677223,0.7002366191130196,0.3073435309015161,0.9696785235853065,0
11.617710709167952,77.84125502523578,7,207,0,2.336993174500976,303.79203812728827,0.6521127448145537,0.4415917600462531,34.19135119049497,55.02473335268045,11.321584512375196,0.025996770076684036,0.06501212035895788,1.0,0
10.649224966118062,80.511441363917,7,202,0,2.7440851743224504,303.7150990700119,0.5439585796989501,0.5500310316158689,33.28784150422321,51.2226569321553,18.295088130142894,0.001613975955439204,0.0,1.0,0
12.426413361291623,79.71999405699913,8,234,0,1.6380272959473086,314.22046021118666,0.5216633623635205,0.5362632947976993,30.592978766274232,61.84123764071444,11.076775100218814,0.1025216613489191,0.07153788843812552,0.6324255048332587,0
10.869971058392405,76.6751684706477,8,224,1,3.553868746116186,301.04625147758037,0.40177700757445545,0.4741617100426313,32.728289254712095,60.78344541046879,11.940419761696655,0.0441356410674345,0.03156541976028038,0.8608634352130553,0
8.086329489588808,77.91723120992086,8,214,0,2.2112353007973917,300.7918230912046,0.5960776562462947,0.6445198047082372,36.165085673127884,57.57638006810052,9.806183378024999,0.04129096001623666,0.029734157210203907,1.0,0
10.703049385830056,77.98246566419127,8,214,0,1.3022053053401819,310.35471045473054,0.37094146700956965,0.4573147797803171,32.86623752152175,58.37707328411735,11.112050265915405,0.1391237777685123,0.07404043581175762,0.8999475135118387,0
8.309048827330738,77.6657371831759,8,217,1,0.037965967638330156,308.76229159738944,0.5216297301673957,0.5470195979848823,35.1881708350881,55.941797827214025,13.344443460154062,0.11363692676843676,0.05362346805210424,1.0,0
12.630003730695993,78.27971299110746,8,223,0,2.345799059907999,313.07086565197187,0.4450835050903177,0.526418681174027,31.52177155509377,54.07182269126669,8.659694918886087,0.056669839363760514,0.05033842482102309,0.8069448137781892,0
8.636485275914323,79.08142290904914,8,230,1,2.101735562059578,323.843630814966,0.732514438682436,0.5367450668983129,33.37367716632075,66.85809719855952,8.324895347460622,0.047605288835891754,0.032003099652074096,0.6666683612779957,0
9.214942483808569,78.9480926920344,8,218,0,3.247508711452413,310.432955904619,0.495305582237883,0.5767102229895094,34.699789758341446,55.88222877874626,12.013431279652297,0.4623671195632351,0.2551686862112454,1.0,0
10.575805359651042,77.64265615501435,8,234,0,0.7480185052265456,313.8254010589726,0.5457014911117833,0.6233189064230391,30.523284874916627,57.739432063144335,11.092950760251428,0.1663949885641748,0.059390917117625355,0.7182744049865908,0
9.09303071024232,79.2432098664832,7,207,0,3.261605071389365,322.06184702829665,0.5001972406100801,0.40719993707430274,34.08759653065543,56.84229826814763,8.294894753956502,0.18391300800331647,0.10739552111547118,0.9477974326569237,0
11.019631777103378,77.33163283385178,7,212,1,0.06113444102225429,311.5962984725132,0.40488392083560626,0.46533004068153205,33.436426883232855,54.16879634801556,11.952135641451552,0.08392655892606778,0.045791550446100185,1.0,0
10.57991117690155,79.84315208344134,8,225,1,2.3492535107989294,318.7468926137313,0.49103281838542234,0.6591347068918255,32.101821992285124,55.82208317795708,11.431415744469543,0.10815774947052938,0.09234496916241172,0.9030039485282761,0
13.334126621136818,80.43611139901451,7,208,1,1.5874096049795243,313.16766086262555,0.6615995356736522,0.7130981409546477,31.855737351470715,61.95560746380021,13.098848286677601,1.2127843785343772e-05,0.04890273714586453,0.7983036223856743,0
8.494891954617836,77.35578861046491,8,221,0,1.326082085369567,315.2929739477677,0.5984782703421206,0.367862794415009,33.6477573814175,66.27896807719793,11.874996481158853,0.10429114436723748,0.06638038601982145,0.8133185756610517,0
11.229699470303881,79.60956734274399,7,203,1,1.7331838686668823,322.3800585666521,0.524966001169952,0.3793462300404213,34.09940807323343,52.93067497394725,13.057339078962082,0.07963719923188352,0.04872581497526565,1.0,0
12.034237814006309,79.74175869774554,7,211,0,0.8943659447962906,300.0168904396245,0.6782282678841254,0.7235318723453132,32.86205239019144,50.71917646588946,13.064033015942531,0.20013887774467995,0.038938436613588076,1.0,0
8.714711250712796,78.25751152286044,8,218,0,0.7337026123999006,321.6225573420474,0.3516594994152134,0.4091763578345743,36.24007885491907,52.52575892426813,10.591122731497801,0.26014053058516357,0.08489258988767069,1.0,0
11.564187915441448,76.403637633604,8,225,0,3.2204275360057983,311.9446084717689,0.6806403201253057,0.7417156522148433,31.05049076549868,64.70809991088365,13.991732615957556,0.001250963330790232,0.027080159385144208,0.6979358766872603,0
12.839738703351026,79.6164366944567,8,234,0,0.9110332009225894,314.56234486179727,0.3738142330475785,0.6812888527175731,30.183787694492782,58.53478669280012,12.65686739909576,0.009652518973807362,0.02368749779125812,0.721180820922805,0
12.410311603197673,77.87439989586959,8,224,0,2.947887977985464,310.80139132710025,0.6981087635644133,0.3982817705790623,28.98788901592255,56.6917458343926,10.298568419198494,0.09602510745383583,0.10175003139785824,0.5887822181069967,0
13.236955866402724,76.95712786730806,8,227,1,2.845442177770529,306.26204710445575,0.7290288187445334,0.39101002128922574,30.502099932716703,47.796443912635105,13.55936349111472,0.019194522594063807,0.01318128831575068,1.0,0
12.035279901749291,78.88259106977958,8,223,0,0.1336016628280099,301.58417256280615,0.6776677996557079,0.7409187719459497,31.11807120082459,64.92979824921854,11.63562287257741,0.07442866931694056,0.032679713410522414,0.6250125204096815,0
10.206326246164977,78.00991528613152,8,233,0,3.5242896807501807,322.68301702759845,0.35783750822516075,0.45192911987290735,33.259356609479326,53.76124347673352,8.976579626679769,0.6730219077408429,0.07996885284083878,0.9685479757518306,0
13.15452775370854,76.40283326392884,8,233,0,3.1574205203735213,314.9730289505937,0.5604831857996065,0.5654668806622474,29.232212333544503,59.50172424204772,11.674065227741098,0.003960246276908023,0.04045618989074968,0.5896828052278907,0
9.261997898642884,80.52490329370684,8,226,0,3.184268997693537,320.96329769908345,0.6815185131005791,0.44449428126799884,33.06206932614195,51.397889470278145,12.846649354634799,6.872540842688507e-06,0.03660029319802444,1.0,0
11.268732759740079,77.12544460312307,8,222,1,3.2367642088761075,306.9793987933171,0.5680065448379273,0.5902698052522856,33.57751875302638,53.76900696929863,10.756346728677878,0.044090588036877945,0.06899494261861067,1.0,0
12.287684492530147,78.35043925520637,7,210,0,2.330212916300255,306.6719747807709,0.49397468241828524,0.6860114175644081,32.37946669032423,60.24848705686854,10.099029721006449,0.0776143000092679,0.07893644530490074,0.786139412822503,0
12.884774535174682,79.06952600396271,8,237,0,3.9735234675510487,308.05882667297493,0.5382781706934537,0.6127636745591108,30.7703813004644,61.23103192425497,7.736849867951422,0.00120807431008487,0.04426629611634828,0.5563965128731827,0
13.132635934125897,76.52941107623398,8,218,1,0.7166085619098204,305.54491749454576,0.3822775643536953,0.3686466635778564,30.795387867907976,53.11008819569847,13.636865349358892,0.008465743796443154,0.046281413977263756,0.9233212934776086,0
8.475863637101234,79.40128643175949,8,237,1,0.28934372376669915,311.95129712123116,0.5485254579383473,0.5880757374535,33.167388939293076,61.97844529091568,9.681002695739158,0.005038651221665923,0.04098791434950913,0.8002927393848122,0
12.065931348943494,78.98212861725997,8,230,0,2.816669889517688,322.46979713186886,0.36113873116126943,0.6144066538399866,31.85424358150068,62.77754359571299,11.113505075640475,0.08441209750005679,0.07920881613644637,0.7178719188340883,0
9.142984043269687,78.27126332761128,7,212,0,1.175748949582745,321.02550411911955,0.6076461791321995,0.43035920051245874,36.49647128776753,37.246204599853385,9.481131590418693,0.5539024319613212,0.05077640885060013,1.0,0
12.363068872326362,78.43031796167593,8,226,1,2.432932895720211,311.88241089508773,0.5061809012322462,0.6548471602963176,31.76593109165012,51.41400453248912,10.366089309171498,0.06632608509761703,0.015673256525075677,0.9396788922715833,0
11.923862498828209,80.3920571262255,8,222,1,1.5668064517553706,308.3702991798246,0.4265371922090029,0.6007573478516912,34.049252801372575,63.763815601256404,14.040860376161723,0.0287924486022775,0.0,0.9703520512859594,0
9.015573208161738,80.19013005143722,8,225,1,1.334096634004014,314.6805072663254,0.35695316043892356,0.3538188708136217,33.608944076337465,56.96848531944662,12.364456790193156,0.000265094314231092,0.0582127759155202,1.0,0
12.66384896554936,76.51512328980792,8,229,1,3.5729944983794897,314.69419520349703,0.7188476056917696,0.7302220292080013,29.789119752436108,67.7348682650234,10.287087867313266,0.03479287205765334,0.005917614312874015,0.4097899582226953,0
10.586017302503944,77.69625944410774,7,209,1,0.5681738344477276,316.41033813609636,0.5725276108335549,0.5282318361437512,33.68725964724515,60.2212402806666,10.888535267069667,0.15507175770283496,0.03773070478453859,0.920399691462654,0
11.045594450645844,78.37714858614024,8,240,0,0.7559426175745965,312.8544006199549,0.6087813542594547,0.44295158320645545,31.007466684074455,61.51522602392167,8.279158771890991,0.3867275544427252,0.17536741660628957,0.5867853569850943,0
13.439861019843413,80.23188889114819,8,239,1,2.6713634114803226,300.6421262449609,0.6617430858079364,0.384479096766738,29.68192874437663,67.91002519941127,10.03788263820242,9.218896885993008e-06,0.0,0.3891773344882945,0
11.677103290108073,79.7561913154886,8,215,1,3.1304040510605193,301.82511641633505,0.6006361688719248,0.49977157584052867,33.38037822124901,58.411364922519105,14.765967774323476,0.12048489074443286,0.05259869651751622,1.0,0
11.295953612138753,77.77782043377431,7,211,1,3.328857967939686,323.3705996497161,0.5152416134052346,0.4731076444206288,32.60982256872134,56.21586180475471,12.466984258756453,0.049984755922349064,0.0,0.9689482098183686,0
8.093871525237098,80.07656786534896,7,202,1,0.9245988653690076,317.9096470831965,0.6010352812131886,0.4691812565979123,35.48306242898152,46.42610416758536,12.447168611017936,1.231734612880219e-06,0.0,1.0,0
9.115603076526062,77.73952585990777,7,208,1,3.5284536731578156,322.7579255664533,0.4510066318860097,0.6672804565300341,38.05235330229527,43.96598923552287,11.853558304759424,0.9743527629309569,0.4130593512734537,1.0,0
8.148766357879651,77.24748750469982,7,203,0,2.438202625698221,308.1486144244393,0.5745406535414836,0.6083684622005487,34.53588701572005,61.48335743126701,13.803726480314932,0.011857356695550571,0.0,1.0,0
9.866549584010437,78.80550608216495,8,241,1,3.292873675656173,312.83878603951905,0.4322349205207505,0.4032212043724015,32.607230813609945,66.09500843844285,8.812883188502813,0.3235144370277983,0.11476813665980945,0.6350049799205895,0
9.929246776953013,77.6371480721481,8,232,1,0.27408776081287867,307.72684605807956,0.7169691220554861,0.6332296414780625,35.74205441876007,58.544856949361034,7.142452685428513,1.0,0.5703150032535741,1.0,0
10.969848394194326,78.8630747756439,7,202,1,1.4275773439416861,321.8144411227749,0.5538270715369007,0.6393928021653017,34.67186605650766,58.410872444336306,10.860645468538614,0.3847871268129648,0.1805817786326976,1.0,0
11.862703303158096,77.88454674520803,8,226,0,2.0994559379626754,306.90560119598626,0.44353611233053497,0.5557074521043425,30.188137135242382,52.17939240645987,6.327373470402234,0.027010125878094652,0.0370077018752872,0.6649775731878268,0
9.004332962619353,79.66053804228365,7,212,1,2.3078281303291437,316.6514712929157,0.6058530103471644,0.7483068061415794,34.64245694828289,58.076101136442134,11.83466022839299,0.020455624056589142,0.026284029119007145,1.0,0
11.369264756534557,80.38983047752,8,216,1,0.39628621629482463,304.2013337973872,0.3861278413964235,0.4633917092512417,31.98615782321645,59.142088950077415,13.945947628001754,0.003344341897997736,0.0,0.8981664830858163,0
13.13506713736188,77.24342222280858,7,212,0,2.154632978408702,302.52603482584016,0.5236076074442702,0.3733822553121536,30.800336166657726,53.17769656808147,13.0666194881725,0.05805707379902678,0.056653540825100886,0.9044110602695017,0
9.036043994491564,78.34604638752369,8,242,0,2.6619457323720983,303.7352295433522,0.6963858475772031,0.36152248405970244,30.42805099815531,56.70064042267552,11.20830390575603,0.4280909608304691,0.14884506920648338,0.737027293063918,0
11.690892969486038,79.33238920239191,8,226,1,1.4463803430586908,312.7069263987877,0.6571434011797357,0.47821922316475235,32.89370236329031,54.218225431548525,11.105366684439721,0.19870519055820599,0.15497385754785242,0.9944462295729666,0
8.255299191010682,76.72918783795289,8,225,0,2.002956977122523,320.2689849722207,0.6313758103488814,0.5491671888334609,33.99164320541406,61.20411312460553,12.624408445806425,0.0005710126449265094,0.04509628498925653,0.978169406058055,0
10.974426752030295,79.6611682811559,7,206,1,1.1702656865762395,323.98271340414976,0.538241337057582,0.38129242363675275,34.94442380661669,53.739904956513136,16.710297053628313,0.1150857489748608,0.03976359350718612,1.0,0
12.152619839792365,78.68167102356897,8,237,1,3.4820010874879417,314.9443930518667,0.5287516471583951,0.5763194436703497,31.081210477912702,49.43731282577871,7.426634792852221,0.0446426975676589,0.04259169841622568,0.8346873698631634,0
8.1906339746648,76.68880640999558,8,223,1,2.3968264267601054,312.80648476433197,0.3545238510288022,0.7103482260985192,32.202338790269174,55.52473292386039,13.672496010317813,0.0002525384648881794,0.03272436756562451,0.9880218900924096,0
9.868526190398192,79.9938560992988,8,234,0,2.205095584543583,318.88518217116416,0.5900151787332598,0.668745125895598,34.81180881320556,63.53686081112818,11.959300859473277,0.006656224831383577,0.05666739952946581,0.973893090489488,0
12.916559118195138,77.96282579381872,8,234,0,3.7774297035108404,301.52986086130943,0.5808033325165497,0.6189874255701965,29.05146331590161,56.71521203166332,9.22184917424924,0.06260588226862769,0.08626002841925856,0.5599111289834603,0
9.262686856480217,76.81244899125339,8,244,0,2.659726094640437,319.4255336483026,0.35211160838227595,0.6146926778176172,31.50046609199916,73.33190243422125,12.510943204366182,0.11156273662819328,0.04692549388827717,0.4975190953759011,0
12.0480975046159,76.8988232759578,8,231,0,1.1192937661577123,318.20110898380386,0.4048174156528162,0.6421202263331285,31.13758589519235,59.43163289039765,11.754944948390584,0.026337053390058436,0.0,0.7525490122277314,0
11.42853433399397,79.61332943892509,8,225,1,2.567012324775797,312.7089966265189,0.35497446235129176,0.5476825537127753,33.34288831305113,61.397353350677236,14.042123045357506,0.08881132061688247,0.0,0.9641158523510773,0
8.916650929373171,80.3042943386909,7,204,1,3.846493826612886,300.5516874179136,0.4512715783835272,0.5107199272351342,34.95494168475159,45.63997066152582,12.992143619611458,5.525394343392497e-05,0.0,1.0,0
12.153562078298254,77.73994964236908,8,234,0,0.09423302370919417,304.8527275325919,0.3515412487920989,0.472662201245707,30.148495295868084,60.285562287528876,10.734800430944688,0.05014891720435716,0.021018786184800485,0.6192690706220535,0
10.979653560980307,76.36260914641328,8,216,1,2.506364028043977,308.8731023857035,0.5169477032916756,0.38984734591907544,33.150934753411704,57.79636275470466,13.241758861109332,0.006933575687941207,0.06729861007594819,1.0,0
8.627344484067185,76.46378616548775,8,227,1,0.6273398435457973,322.5893334222947,0.5405572485331736,0.574865018007163,35.35407143472722,56.51127604882649,12.677767850621475,0.00046539276150546905,0.06577268375045592,1.0,0
13.316479858285511,79.0106011422917,8,233,0,3.265838044265557,315.32373178056116,0.5248326642639185,0.5390072336716998,30.40190976066414,67.36335446408953,11.614938224787878,3.067039996219515e-05,0.048817288087804604,0.5106069781557545,0
10.75498736320379,77.7054578687125,8,239,0,2.562738118565028,312.24222271797186,0.42975568225370764,0.39756115813540177,33.05726515349102,71.57554107903997,10.644790305069186,0.09615138236775081,0.07183887463934426,0.6079653247345531,0
12.172452674896817,77.96020488779065,7,204,1,3.747957971878266,311.7222340897396,0.5594236919459563,0.4573078994234787,33.76034050499632,52.918229270665485,13.114573211464272,0.06855636210053236,0.01835954694529293,1.0,0
9.219121486944118,77.55041793948281,8,230,1,2.6783114483897195,318.7194175588596,0.6756378486602016,0.6648811640721861,35.8122624943665,50.67520005608074,12.803671559980533,1.0,0.22225607823760932,1.0,0
8.768225972664371,78.14147740355206,8,220,1,0.06887557263057875,307.7671257351506,0.4664861002250095,0.45224161957589315,36.49207877682581,53.79914813496379,10.340706375504084,0.3564420898839273,0.16148398935014308,1.0,0
12.151317946327545,78.96032748324829,8,216,0,2.0414153776033372,302.26859529084345,0.4750301737293169,0.5202876572183937,32.09199759849611,58.82566350796378,11.36710962768699,0.060291261240317466,0.0,0.8334294533406988,0
11.77341539992694,78.48924015396202,8,215,0,3.614672254464621,316.2490393869545,0.5671303370124426,0.41452306234303266,32.21936143572607,49.52333524357567,9.827486125830056,0.05566132846591904,0.0019949905143541845,1.0,0
9.535003051141798,76.75551055109679,8,228,0,0.9292120166853164,307.8963841896939,0.44350175698909,0.4179386447981594,32.561494284668974,62.97995789992535,14.6981365913077,0.11329226972946173,0.04618629541029245,0.8843311166468835,0
12.179187238888007,78.25992779894149,8,240,1,0.33158561671953946,307.8142280875622,0.48511453099898655,0.6525382874570657,30.250904449145164,61.9724211699992,9.50493813891436,0.07901629424157067,0.05415494024775449,0.5518842171587441,0
10.827956661703615,78.11882007188917,7,213,0,2.879551476887367,310.9131656662591,0.5309748896756208,0.3766696804580837,33.192260917574146,52.24476748877096,11.680835614906663,0.2159634536457441,0.1265144914630796,1.0,0
9.952144637225475,78.51039134104674,7,202,0,2.0100342677564798,305.8256165216484,0.5045209609105499,0.4640104575716756,35.76450234772682,45.033829000212855,8.890389716823838,0.6013567350641408,0.1828277250853783,1.0,0
12.406594177886099,76.50908214278577,7,208,1,0.19038104557880642,322.12086071537107,0.6772929215126672,0.7423377959966817,33.22409048754882,54.28894385087754,11.278664101528822,0.030888915039595264,0.0451757187633444,1.0,0
11.453983386236365,76.70622476599658,7,209,0,1.1196609297576963,320.3272901321399,0.6895974242340701,0.5403571655555061,32.753374871454305,54.41164205585993,13.50227286238976,0.009614876936551917,0.0036683148841339967,1.0,0
10.840702849443181,78.43912321929655,8,237,1,1.3069945905723812,323.78611994335347,0.5111513899654895,0.592485337093922,33.09067387696513,61.399310694934826,8.96486579751166,0.40972507157236604,0.20111810242216616,0.7843901971430038,0
12.329399741805393,77.26700119572831,8,217,0,2.671445911950008,323.1491711023359,0.529114619946882,0.6063158403066027,32.103286224562986,49.6836826292196,12.287813214250516,0.09377964505581554,0.038001656272067114,1.0,0
11.051038814913651,78.89354576807219,8,222,0,1.8864008828430645,307.5469282851252,0.7327576504806981,0.42845547172233656,34.99171979586285,52.60393995416663,10.26654305827843,0.35031888434699576,0.1918485530923484,1.0,0
13.255792824428095,77.71465636032414,8,234,0,1.9487613062443407,309.13435100833885,0.5512350047685107,0.4977368375872695,30.34288011091157,59.18132424250563,10.367795891400386,0.03409589947206357,0.032432224734502885,0.6485375365709898,0
12.581111879609873,77.015379839261,8,240,1,3.22641479837831,316.75819176720177,0.7472128205478579,0.5102826551049374,29.283218307938206,59.067769763362065,11.130578107981156,0.12786310070313267,0.06635001098847501,0.5865927634612158,0
10.005850407345104,79.0194160263057,8,234,1,1.1136683940058525,300.38030166127754,0.655121109075055,0.4422732803594278,32.746067102105435,69.0837032377964,10.808583943572103,0.12340576884112897,0.050741864540033446,0.6425248792388278,0
10.603547803059048,77.81197528035557,8,224,1,2.690290966301236,323.85333324933083,0.4556928883459689,0.4435935247758127,31.77347041460273,48.35016887699033,8.148277235413538,0.13970462250056437,0.08446702769196979,0.9390857786682265,0
13.361065184694175,76.72501736434474,8,219,0,1.4702292193148998,300.2602339695868,0.4416370661251617,0.5931477226007702,29.564640753865362,61.92494056942025,10.750862404136418,0.004227855692317092,0.038083258057266554,0.5346858336309266,0
13.013144610845934,79.72052130464333,8,241,1,1.6734801901864174,312.7556622024555,0.4136257952049052,0.3933902364046455,30.268885939465438,71.48755003309682,11.349377346994254,0.002622591781168692,0.0,0.3995740918690942,0
9.070639010752144,77.98609007492682,8,233,1,2.2236096526830433,316.0488074911289,0.6724582904812756,0.4016581785996989,32.76877431150373,48.875635438993996,10.166391089937859,0.7005331212904489,0.31712701584848396,1.0,0
9.536101463810754,80.20932356272415,8,240,0,2.7825872192091685,321.93951139092326,0.47274481687029235,0.5793208195420637,33.35118091072188,62.1127004911009,15.057555897868916,0.000353634502797476,0.0,0.9806425756774291,0
10.040754908427044,76.88964427117085,8,223,1,3.780781043597498,315.4592716986746,0.6203170040869908,0.5297352268508918,32.65955183481593,57.52299870802477,11.175250652246646,0.16849280577285725,0.10096806805802969,0.9036781533834846,0
12.92715460240586,80.03121107918977,8,223,0,1.0760446502330918,314.32725119288165,0.5660544598168843,0.5947733863304794,30.994761401608645,60.33013177056589,12.241376168520167,0.00432821034452694,0.07540623818950458,0.7358813049432893,0
13.193536946613479,79.75318586521571,8,230,0,0.41498087856830157,307.2086231796074,0.6803989211626758,0.36078380575124047,30.169055658129093,56.375791690617675,9.978860449648764,0.00044451515148817306,0.048755329339056214,0.6842431007707777,0
12.493105348494556,76.47801279080586,8,242,1,1.7151676906904147,314.18211347908886,0.6503269734563749,0.631966290910587,28.304334193246717,74.18752371768534,13.32398033223062,0.029657772473104617,0.0,0.2375683744264258,0
9.543967297937467,78.44573405199145,8,234,1,2.1868639952706914,317.9928363118146,0.37549956974390414,0.6899558567348083,37.820244146475225,58.000194859526225,10.026759075177626,0.8317814656697406,0.4550601238965908,1.0,0
12.967562917157297,79.00694115667365,8,242,1,0.9120144161568926,312.3742002949242,0.48537104376206214,0.5596561194925653,29.798998531788378,67.40464171032892,9.599706922801495,0.0006854367965048188,0.05717850739697348,0.39647090320149114,0
8.18413430526791,78.27921809574536,8,220,0,3.561983095859008,318.711247158891,0.558039484856179,0.6863361278370452,35.30403046998876,66.70251024521377,10.933486335161428,0.03902913361254714,0.008248537812649021,0.9125070928014407,0
10.367699492986901,77.79521018725531,8,238,0,3.195388063518228,301.6707131249804,0.6714555649017308,0.5098650610918642,34.44281401400707,59.657689385781644,7.983394604019759,0.3939265604117373,0.2092848862483466,0.9051002628588367,0
10.11472034105773,80.34167378587303,8,233,1,1.9746556537687754,308.04905882399026,0.6356110151554489,0.38156970352642733,31.93626021971945,59.28882408575451,12.96391439412813,0.0020569089299293532,0.009006350167533738,0.8600590301096913,0
10.997341793065612,79.2237759548142,8,213,1,1.8002557321423547,323.03553441753695,0.5697615802673416,0.501017668207655,32.483915833761365,55.506461843892936,9.562004451727509,0.23134365699607506,0.16015938438363397,0.8834398065100888,0
11.139587120515042,80.44300143679665,7,202,1,0.16296502681844993,307.76266591357506,0.6733501362086944,0.5285473553286448,33.10194637051888,56.419153683830515,14.832077094012737,0.0014336775654857786,0.0,1.0,0
9.26226512632337,79.89265942992468,8,237,1,2.1475589311051055,314.92452724357406,0.523971390443885,0.6962150808039406,31.23677555408824,64.69797109278755,12.246884768146447,0.0058576644817430945,0.041358388049597794,0.6591581986722064,0
9.145511935600235,79.75880443179432,8,233,1,2.382988381695549,312.4772341840036,0.3722638295703469,0.48388660526607374,31.577574580403155,57.1345368245148,10.928504889673652,0.014350964939803819,0.006910065593946299,0.8144350634022357,0
12.499972914036068,79.33790853538004,8,222,1,3.5665271258097992,322.47897631974513,0.6982142914460762,0.47604033013156655,32.51566994342682,68.5491421073615,11.975813746276506,0.03491929721504861,0.02973319831685213,0.6716801835820092,0
8.426702067903124,78.97196451386823,7,212,0,2.0043922629859288,303.90652503374525,0.5606373407585923,0.7052069737937525,34.148712458433806,64.5186966837309,11.15495800786737,0.014376080336278785,0.019537890803200356,0.8716807718657638,0
10.762401845627455,80.07956561911686,8,216,0,0.6295096907125171,307.18531438823425,0.6733612349455953,0.4503864013065886,34.459836805582434,60.902739338955364,13.380675123660271,0.037052001418825205,0.04390962457022374,1.0,0
9.073219876947002,78.82168495425009,8,233,1,0.7202276048933958,320.6970553303407,0.5068326871814691,0.606978614240387,33.75655848440532,51.28584759677006,13.734786695385868,0.4341726738492819,0.12458964837381056,1.0,0
9.789576460677475,76.34632664425588,7,206,1,0.6394696740937236,315.9888610745568,0.5854209007517938,0.48065348516849576,34.933779117934485,57.714133858951854,12.01759707172474,0.002858631385223592,0.06394060701597166,1.0,0
9.552848747363246,78.67979218736919,8,222,1,3.7541394962222445,313.0331846560572,0.4824372021851521,0.7305823558738384,32.76209525372819,48.937124837780566,7.832076567224572,0.6352059720437662,0.17481092921996785,0.9985464452524379,0
11.967724465304341,76.47304169729917,8,237,1,3.173557029441629,309.4776094077885,0.5138299897781549,0.42584997044536005,31.57975804393101,70.09350507424679,14.40124235479423,0.00513926885415444,0.0,0.6351629922649753,0
10.553715378449477,80.36678492256316,8,226,0,3.2990645052802146,309.87157039249223,0.4089592886732028,0.6395753135498723,32.957747020169336,49.95275646241217,14.012622211727347,0.005425470529873978,0.062538716083429,1.0,0
9.67687427289818,78.97467729006591,8,216,1,3.361734075241816,322.43814438634803,0.6466414267641591,0.5700256437063653,33.77769111082283,56.94276473500027,9.09811838453118,0.29985531098583074,0.100740810722198,0.9448401313073848,0
12.655571188689148,78.55597290370144,7,212,1,0.38253857035970107,316.1058145088115,0.46211372239934617,0.7414831278964283,35.27579484291858,59.67389596869802,6.732315868926703,0.026070823095377945,0.030392704148939582,0.9350589751761074,0
8.48045279122849,76.90997721057221,8,226,1,2.8087074247264483,322.2983612739633,0.47069245778026547,0.7476225751197358,33.88009817487765,55.17499889516766,8.479471887713707,0.009102343670292282,0.047384381696186785,0.9733250356160208,0
12.291619614652385,78.372528429424,7,208,0,2.8173468500881005,323.33246661091187,0.49167558502312547,0.6674792401695717,30.952372433469435,64.67661410310124,11.964972931756371,0.07518918004251456,0.024894437873852416,0.6271227935042563,0
9.390551444241668,77.57564261761497,8,233,0,0.8992868317229799,313.1281921464767,0.5228504465588806,0.39138242624533276,35.35529465960945,43.98370845448392,11.26140091330793,1.0,0.16657800044760485,1.0,0
13.140907646709982,79.10677637283975,8,242,0,1.9626630809569496,314.6373346855515,0.5804655648085457,0.537602777730684,30.942141660101846,73.62705680080111,13.632783555214552,0.0001372171809744925,0.02080861161884481,0.47949058442447273,0
8.031130878069474,78.78028506831303,8,221,0,2.649723536473939,315.7527582977056,0.6231226526781866,0.6918051892426115,34.71501106803818,57.24830849879642,9.985970151395202,0.0013088748426904914,0.0020355239483120114,1.0,0
11.1173146892123,78.29681261403246,8,237,0,3.589345747650522,320.14005606911644,0.6202758034496811,0.6053933164365075,32.303441592435476,58.80317732984745,9.926162449927716,0.32222599852919487,0.1357825331194097,0.8065198797110319,0
11.484683910554525,77.16260860664401,7,208,0,0.44170204371993416,315.8177211025512,0.5194723663713176,0.7015877573936484,32.86980759791651,60.04060426763802,14.638127823472415,0.015819729269438258,0.0022417409897267197,0.9734675883623776,0
11.232881862822643,78.41841839984515,8,242,0,3.56877261602654,302.7515381323783,0.5427562670324634,0.6697464839981917,30.179447729459167,61.4878180708434,10.258432286558051,0.3018894336870616,0.11260179162994724,0.5802451403911273,0
12.56408563631447,78.12380567442803,8,240,1,3.689659866375357,322.6183226293,0.40612820718234194,0.4751841922541111,28.384792161369077,62.123266276608874,11.131104253851,0.08004186588850688,0.05523830596749679,0.4438404374556252,0
8.628118445269342,79.9158230363267,8,224,1,3.6944393392961894,315.8624246028872,0.5586024330793103,0.428026151748647,33.20263909666727,56.825365061457084,13.043807436069654,0.0006072449917530798,0.05719998213276085,1.0,0
10.327113624038471,80.11395177026881,8,240,0,0.01933956842071316,320.878014522949,0.7008226808675955,0.47902555973840166,32.59923804396796,66.48077401362667,13.644658276175793,0.021534331008486517,0.0,0.7767593189361195,0
12.836925928911853,79.49254610889868,8,226,0,0.8839950910192753,310.19370589876723,0.5341799525045625,0.6283779964214314,31.264741049409775,66.26582650206456,10.984302011986065,0.0074702805125711445,0.0,0.587191714168389,0
12.97691761576235,77.47034380041663,7,212,1,2.764980944101485,311.3931925893748,0.7252054372397396,0.5424259904568952,33.58390535442219,55.775260372838865,9.849834230457633,0.12078153165914575,0.11966888502545321,0.9781269798405645,0
10.790728658137088,76.17521174792351,7,208,0,1.2869591239531104,316.5325524653408,0.41231341597190596,0.3675392817368759,33.6941976613439,53.25907703201037,14.738775888674034,0.001784896080233064,0.02280132321747781,1.0,0
11.124614605672447,80.25654541252183,7,202,0,0.24433316606345112,318.6336956719692,0.6447637836549304,0.646990792754473,34.504118487635125,60.652273597546305,15.329387778394633,0.005871328589578173,0.04704816632128054,1.0,0
12.277887266743443,80.56325635762987,8,222,0,3.0517683221970833,301.8830090395692,0.6331955641518059,0.3678787465827453,32.07448739122581,58.78081549697879,12.326414679711737,0.008692269298278325,0.049046213009287735,0.8629451747436139,0
12.365818208072392,76.58429550668353,8,217,1,0.11436876986034727,309.77622800462507,0.622611581430249,0.5137217046591578,32.38024372226022,48.801161979327276,13.79140427712937,0.03907694495396111,0.06128487697934114,1.0,0
12.97325527723282,79.15383370940273,8,216,0,1.7840853117285755,318.4765531270521,0.6151428797441153,0.5349137496486074,32.35714989348631,61.935213955310644,11.763493648243017,0.0006954964265150801,0.008855846836034948,0.798811357513439,0
12.725601435425041,77.95567406325272,8,225,1,3.7903043630219564,323.81366232351144,0.35892330943074674,0.5512107406179234,30.909371599545402,60.37510567496137,11.720533993021547,0.08871687174619824,0.026991910623350466,0.7114897500226764,0
10.320770552040049,76.68319386225977,8,232,1,1.7609313054563391,300.2794188287101,0.646848900820842,0.4056363552961646,32.36571021024161,65.82097856602638,14.264356135351221,0.04443080332746885,0.0,0.7913263452826067,0
11.638618628241277,80.5912660304416,7,207,0,3.647549141611226,306.35539745860166,0.5498737099171598,0.6491160725233773,33.48125164320358,57.42746345985406,15.134787048666809,0.0032555806561216784,0.0,1.0,0
10.706117444025711,80.29285273052416,7,208,1,1.6360169837168819,311.15636596569135,0.5596744758799961,0.6897488921285828,33.76882895424293,50.83729121114637,16.061703871929435,0.010000419119521084,0.024637741054824067,1.0,0
8.660584211952738,80.52000083090047,8,216,1,1.386744436407838,305.3506008424387,0.37034905608447893,0.629160220715723,33.27810166705949,62.313533725048465,14.006356845436754,1.0641445508472959e-06,0.0,0.9372397075626677,0
12.60141315202835,76.66192277010266,8,241,0,0.42953121039609377,300.6461327653837,0.42535245132504906,0.7304282616564417,29.508015207987587,62.386650680535105,12.58872597339103,0.06309344131508948,0.0004143586864438862,0.5771400499888774,0
11.369875766322838,78.26285281648578,7,211,1,1.4323636361087968,312.9490325785282,0.7144027630252638,0.45300025575181035,34.39650624460308,50.799690217772856,12.096512832251022,0.1768630414381272,0.05603334947723,1.0,0
8.32482914131311,80.12056115127827,8,229,0,1.347945960087226,315.58556661695195,0.47621133470995036,0.4142920375547113,35.716738889446795,68.70683530811604,12.31813535148418,8.92928710564393e-06,0.06029150125261041,0.9456291858963126,0
11.790462362450246,79.10572885058359,8,219,0,3.38620474390794,309.9854894639547,0.5075520882461713,0.3769181044309101,32.74193946923715,57.03044471841238,9.353778453468443,0.18296885305480573,0.11723108676066507,0.8645684275870431,0
9.58536580102377,77.99916829514129,8,218,0,3.6796606968639445,308.87707391252013,0.42568140767783236,0.638607894365622,36.78859265810941,55.52489068190481,12.802253597736772,1.0,0.3299609302070666,1.0,0
8.387885168813412,78.37679350804605,8,233,1,0.08772034301331955,323.65465344430766,0.602876312856913,0.4148429082121375,36.20641097019167,69.65229576006836,9.588906383547558,0.07260866684050729,0.09229634788584426,0.8801365551114257,0
11.39689792222841,76.17756738162485,8,233,1,0.39302564218800295,311.4606845572841,0.6462803503227309,0.7252725698965947,32.77714099196357,56.08487742181747,12.191082672931126,0.0004988289638677875,0.0,0.9771802512634515,0
12.100368463123765,78.81297901334574,8,239,0,2.572913868360733,319.1536668778005,0.7185047365774915,0.589340190610776,30.940288460580547,63.2872669808935,8.329241489149,0.05387579923935261,0.09078033238585154,0.5433735686755408,0
10.896792048200355,79.9546913768212,8,225,0,1.9389715523619775,306.89218013269925,0.5748254455166955,0.6716542665188974,31.408212717764194,69.35560569633007,14.205382600015383,0.054705772259302295,0.038096502285674114,0.6311446950346064,0
8.031630331992517,76.01285068208989,7,204,1,1.187514540188384,319.92451807372396,0.4602522723262577,0.5238793652214035,36.50910817289108,54.50269226235855,15.884425517844281,1.4921870056667802e-08,0.023093909561407625,1.0,0
11.230543326878578,76.73583751717953,8,214,1,1.039628238865312,319.7687925407975,0.3783853259406392,0.6439383455487808,33.394580176608834,64.82889768032938,13.931697633897139,0.027169786875825695,0.07759049019250559,0.88871617288048,0
8.037010821780576,78.38275456122447,7,212,0,0.8986983580744794,306.42485091463254,0.4564437752116816,0.527460452555804,37.63187838826836,56.04550421493851,11.179635501403686,0.011022952563124534,0.0,1.0,0
13.18788648726386,78.58043589969598,8,216,1,2.1018034770325484,315.7405188514009,0.597345816919801,0.5655055231256099,30.58596351361531,49.232998876578264,10.757039999415953,0.0012234896247341875,0.0,0.9020322621923964,0
9.496908883260291,77.57942078776556,8,221,1,0.06991974594864026,316.3683594404964,0.7396414274470958,0.6594326932076247,37.01441284416887,40.52038314242757,11.276354197906592,1.0,0.3831554977500481,1.0,0
12.877636979583336,76.12849860797489,8,234,0,2.955537505875832,310.6227726946492,0.3816791271076063,0.44526142221699266,29.997438413781293,63.0630758233444,15.778532062363041,0.002043405232520885,0.016383037556296522,0.7025750875785217,0
8.067812016254475,79.42056043952925,8,230,0,1.2015520315629242,318.5707215090585,0.5053465752347034,0.703803805244676,32.45919747834872,61.304973093773455,11.102016062460057,8.722447254954138e-05,0.09930595745242042,0.8006495008415266,0
8.544412458756154,77.11745554392766,7,204,0,1.7073258049422821,307.36524626872773,0.6168942837657263,0.6365195315878451,34.82592935757465,67.65579691913507,14.571353033509968,0.04378103472210184,0.011484119383981306,0.9651645194476282,0
10.527886505774879,78.96505558874368,8,238,1,2.1082087913682344,311.62252413882277,0.5798283776819899,0.6486160538383843,31.599609796653322,66.7840736732686,9.990410872593774,0.2153607986649116,0.06126012864699855,0.5725217411948079,0
12.248201322694946,78.57207500895717,8,221,0,0.8454384109105959,323.763640939915,0.6106770412788851,0.4452652026809997,32.24191374124621,61.72899304417546,8.855449972264186,0.04998393583761601,0.013061571509733878,0.7029146668665407,0
13.278345522803566,77.98185517931566,8,238,1,3.5348105896948083,304.288216119672,0.5352833886760718,0.38605095333819306,30.725110293095767,59.787342249742835,7.479176604325413,0.014210433545530768,0.03107860601853293,0.5766536322044201,0
10.918130964943206,78.71533171508048,8,217,0,2.728373020713069,303.546785328414,0.45681468217519344,0.3791425805022813,33.43939772771326,57.41800544036255,11.203857562433154,0.440202820671015,0.1748957651932794,0.9718924607940848,0
9.990579996532938,79.19717822226504,8,239,1,3.4811853682786653,303.4127684975255,0.5431009056850954,0.6088066239326688,30.702373096075956,62.746250720673245,11.040623816667429,0.08429129886418678,0.018025856635467574,0.6203005695955591,0
8.249505423536213,78.63232386255142,8,242,0,1.9018024210569386,323.95462252402973,0.5026144519747512,0.41000095297307815,32.24873366736972,61.64469261427988,11.686706942661758,0.0129364657954178,0.02699593316268681,0.7938331172549925,0
11.268773041736786,78.56461698767234,8,234,1,1.7298418319576387,303.83791863824626,0.6337190125714203,0.7496765801578216,30.57803151916427,58.6955739152995,10.368062879208972,0.2894874592969462,0.19885141240382043,0.6789362823434251,0
10.128245081191789,78.0059576355426,8,232,1,0.9485702740365665,304.56574168396656,0.4186499289475153,0.7344190644162327,34.70134338580529,46.42079016058444,7.213573971340034,0.885197802049207,0.44568859535311633,1.0,0
13.091147514180228,77.97815880337173,8,216,1,2.179361444829837,316.67487804977816,0.5484591731886982,0.36167070278027674,32.937030065273326,63.24627025746545,11.414519507474814,0.03447466002499052,0.039177672485697625,0.8070946787710218,0
10.688331647904004,78.2584435311353,8,239,0,2.3726542932716264,318.2279189953174,0.7336250236190086,0.6400230353757084,30.929079161807252,63.278883357912775,8.385625757630946,0.2608770717660793,0.21967591538363707,0.5443877715673986,0
12.286503105526744,78.07955839591779,8,221,1,1.679693508167349,312.6494713311879,0.5627175830825957,0.4543088214862932,32.89291025681754,65.7719119537093,11.11516878168474,0.08760876026525782,0.024718438798297358,0.7379379468577916,0
12.749978958003416,78.01951308781226,7,205,0,0.5815302412505559,323.5840588600228,0.44488378991403793,0.4863599139642123,32.97994653575725,60.059598627454754,9.180500697163167,0.07397915710828312,0.018661568665922355,0.8116728886004585,0
8.550354625395425,76.9677023275679,8,241,0,1.0924178491824126,300.93381312770987,0.7243401183202778,0.4461241748160858,32.4384895924259,59.431295526046654,9.738117644706596,0.018888072016444067,0.016000568487957507,0.797939297409314,0
10.46873932343497,79.33425443685562,7,204,1,0.057006038069467024,314.8997008571708,0.44766295474172624,0.6822182492435513,36.388967412792006,61.894571409048865,13.406978247096424,0.20235344520743892,0.08753755555116521,1.0,0
13.004817613668948,76.61158135698372,8,226,1,1.2765550712716567,314.5552636656388,0.6504720551974741,0.7075009303018281,32.11148921826111,60.70113052886551,15.919342031689538,0.021937772968244652,0.0,0.935633972703935,0
10.376949670590273,80.18006794427428,7,212,1,2.323035906496827,307.7098748948738,0.3938125040291782,0.3661606227020961,32.61696347965806,55.015314259063,13.845666390176733,0.016039587220038506,0.030543737827193565,1.0,0
11.164863951017358,78.87429256955193,7,202,1,3.8228443913480206,321.5865712818684,0.6908358439221334,0.45801524527082066,35.88262914207687,51.41516231250892,10.346184306434289,0.30689788885537755,0.10279996140148856,1.0,0
12.889382104873548,76.22494312396707,8,222,0,0.7115871855577143,313.2691609465221,0.422229835042098,0.529479384927234,32.340464148869785,59.95783523118504,11.649139163653173,0.004110224762680814,0.015683183167172952,0.8377890505769763,0
9.302524085462839,79.03139401884197,8,229,1,0.22185812210991873,305.91216643579713,0.5076717872539704,0.5587288126336035,32.95954049902997,51.48666729783746,9.221435378877004,0.41059345429801847,0.23007866289573983,1.0,0
13.009657311811395,77.66296560292676,8,231,1,1.1852451514858484,302.1206043888178,0.7362481338420339,0.38505875125738664,32.03703043289669,48.94536306094863,10.98428684772121,0.09882095008926957,0.06191404486689037,1.0,0
10.223359158661847,80.27691828415097,8,225,1,0.6271907926744125,302.5708534449162,0.5817578910824333,0.6820112771903115,32.98920637126157,58.49692482214688,12.247799893482856,0.005250194466234352,0.0,0.943023726006539,0
11.320986640490764,80.30594723785265,8,240,0,2.7820759875762247,321.53590191048045,0.45559837437004663,0.7235919598220285,31.493967644083472,65.68539718971348,13.56555721282102,0.004546682717797719,0.029644062206095136,0.6998565845806466,0
9.837021099568778,79.89127055652308,7,204,1,0.022996658106662515,306.007410296122,0.35025086758478763,0.51114603318664,33.91859791737965,48.79026031042948,13.112723064894055,0.009730956746029314,0.039771058287393045,1.0,0
10.951866701053703,78.61210494908018,7,207,1,3.923468369091518,321.7681272386818,0.352715689352038,0.6928936319064053,35.2951350590228,53.30514072329174,8.428409505017518,0.45537002940331234,0.1932979174964038,1.0,0
8.276000496926015,80.22821738000397,8,218,1,3.4226667010494034,302.8828298111758,0.4598350720083655,0.620541956025426,33.941565722574026,49.270374683817806,10.409378192505915,1.8264473912094326e-06,0.06389444212052306,1.0,0
8.365455861337075,78.98911766973515,8,213,1,1.9626823683015147,323.6144461682389,0.5607419172045535,0.5866974444322226,35.70000491946214,50.124459528287844,9.900161113741895,0.008455418338067533,0.0,1.0,0
10.322447466850479,80.0255936551671,8,221,0,3.6837688792276277,320.0003777006954,0.5439565074584234,0.6776200599759041,33.25266703292818,63.99850725216183,14.029509641343795,0.034771629217051826,0.0,0.8983998234324124,0
9.875730771228039,76.73624471664725,7,206,0,2.5122373306291084,302.78948979832836,0.7187526525144055,0.539211846837011,33.16802103963734,60.456709532527164,13.73670757097616,0.08289310877280032,0.03926919612456499,0.9609025419510684,0
11.448434137540605,80.15922944178354,7,204,1,3.975059506756678,302.0653560675922,0.6556376459364692,0.5690864263923755,34.313864259857645,58.71989613997191,15.042797757600113,0.01636186391690582,0.03932894216297426,1.0,0
8.212296935445314,79.04331719500115,8,224,0,1.1132248056378695,319.2824923781164,0.7198942543736422,0.45986634384376457,34.607750838682634,55.93811256891716,10.58879006570302,0.0018528828693045812,0.044227429459057464,1.0,0
8.93894455052659,77.39506004643812,7,212,1,3.987624570470054,301.8735901269523,0.5547112753279654,0.6348739038884408,36.39678474646534,44.07085809531485,11.592984331028545,0.47398501987459607,0.1943224697933951,1.0,0
9.173714607104436,80.58994222503213,8,231,0,0.720989168488289,306.29234365619425,0.5286665648580404,0.4136248806992309,32.556824107963436,62.75051812999303,12.807920040600157,2.5222484833947343e-06,0.004409582123293954,0.8299713295991961,0
10.466753903766882,79.15966624983058,7,204,0,1.4136734705561613,319.2299954224025,0.5764353188481502,0.4472646258921839,34.1776243992216,54.13212490574111,11.376483937348102,0.1899130291327857,0.11066697392658387,1.0,0
9.382274669322136,80.17871386689535,8,218,1,3.741296321360378,321.7819202963598,0.4988584350840295,0.5419683816853857,35.66936383870564,68.04505589405407,15.535466947918039,0.00043683761686676256,0.010704057252221653,1.0,0
8.770911040523291,76.02569339649428,8,233,0,1.4821691410148738,318.4236493982085,0.4343245965348662,0.5041249943352137,32.68979749729256,64.45459631400344,11.631380026552234,5.574113596408706e-06,0.02522941471420389,0.7664171658485053,0
11.346412573181652,78.54075668392625,8,229,0,0.8393455082794663,321.3574276980689,0.6846642233871124,0.4458313348642536,32.92037458816121,54.95716108347361,8.999855636171391,0.23170438275908095,0.14034969064408087,0.9144509024554877,0
12.165683075698041,79.27765006843443,7,210,1,0.23794842189291643,313.4373195128982,0.6222126334244731,0.42675541861065525,32.750402999956655,52.03876899527667,11.701960727866119,0.10592149266744215,0.04036238545256824,1.0,0
11.837501174064442,76.06318968994607,7,208,1,0.5958328388884278,318.7106678891882,0.48026323689009043,0.694358870723446,33.802448908793465,59.3686385399387,15.496378692082704,0.0001484180026434661,0.009621233779548261,1.0,0
9.546608533274119,79.5077724355651,7,207,0,1.4208937612847432,308.26047188374616,0.5285124955601723,0.5863435589557332,34.60793145435429,57.44275907010166,12.778805264083617,0.05460371430095608,0.0,1.0,0
12.784891083654998,78.99666168857117,7,206,0,1.6849282098748355,318.84513765590435,0.44017913390845403,0.50095706360482,31.17426674692113,61.963088694049134,12.26052081959289,0.0024939508918057356,0.04543057461342197,0.7151504224323912,0
11.426204204793452,77.2638944065264,8,234,0,2.1698045376809585,316.3137817781877,0.575135622664044,0.6883121803798392,33.80796352913113,61.6399601622028,11.462652743302936,0.019788688846026636,0.03977839510101306,0.9168724109401931,0
11.442133525641573,79.16914675319964,8,217,1,3.2543519781087227,313.7959215278174,0.4933432572731119,0.6800641946846131,31.534227925818644,59.589490672467235,12.690525451400585,0.1897288090999009,0.025799562725395145,0.811331454786328,0
9.191951329612161,76.60214477938594,7,213,1,0.05365939927353658,323.815231696374,0.7002301269872887,0.39435482276153083,35.788974975751955,54.260215963665075,13.620501632626404,0.01898358338130251,0.0535929755345642,1.0,0
9.35639216908246,79.7905711143365,8,227,0,3.3644645249223073,311.27470859699616,0.5613451761825854,0.576914250565292,32.39168006910342,52.92468631437827,12.184602233357548,0.012485139345467825,0.021175052635337397,1.0,0
10.658601217653386,79.98463553938912,8,230,0,2.3089973720924366,314.86193370169326,0.5146922550812517,0.472245166692965,31.68600420215626,50.6448446602815,12.001784716106075,0.0626556980830832,0.011045706386392837,1.0,0
9.331797773827272,78.23319387928109,7,207,1,3.025912233138008,312.23773648473235,0.6498479055493013,0.5663339498763805,36.02132352616979,52.71368602839512,9.141316362727036,0.816556695619179,0.3969443073613519,1.0,0
11.853235324318108,78.33423397256227,8,235,0,3.0279168828300973,306.252272149823,0.712040516187906,0.6371995268574895,30.599173340709527,58.05953273814441,12.663380066137698,0.04834989143156196,0.022795313393845933,0.7665610112782767,0
9.727905268632245,77.84945005998522,8,225,0,3.6128107172291424,307.92877154320144,0.6769676390503142,0.35340303598594675,35.13299983207075,49.17492971831734,12.446917098628328,1.0,0.4907946999169428,1.0,0
8.850730462183556,77.58853633193748,8,214,1,0.37352083533739266,323.4908584309426,0.5479668380784635,0.5554270042302779,35.71782399859812,40.70213224155558,11.775799881384167,0.5068942898474122,0.1289837601227991,1.0,0
8.849037581131446,80.01533208272585,8,229,0,2.2860611534256194,309.41065099235294,0.49257733481209254,0.46669293602389816,32.26261653974411,64.82808528832153,12.175109143575012,0.0008304672606083679,0.07134876119948595,0.739510532641583,0
8.712475560782499,77.40241660862269,8,220,1,3.6361181135792826,316.30575041848186,0.6148517372563438,0.5636043600632585,33.63641577395934,63.52906666899651,10.32748345058229,0.2484690505735698,0.10712540792629684,0.8251225796829416,0
10.462600442211697,77.8531100545302,8,228,0,2.876825256152877,313.61033432804913,0.6767472173964575,0.3939368576313356,32.88786013183616,56.854464719319466,9.620998393018887,0.2454301257070713,0.14938590925831108,0.8889897725610879,0
8.017024203546686,77.37961496364476,7,211,0,0.38633964598615167,321.35532652342835,0.7414558309346013,0.6770265672940987,35.31958895385043,55.98329154675775,12.709754159273356,0.009182286269026571,0.03005988562882605,1.0,0
11.037284814494171,79.02087869964654,8,240,1,2.4558572435190276,318.1845618735121,0.5329004943834945,0.5674673808004121,31.617061178676,64.31698242603666,9.351833913388331,0.301470259592198,0.16882538961868132,0.6088447429933485,0
9.670496368349482,79.74540432311328,7,211,1,3.1995236368037783,301.93563374399656,0.6172960574748971,0.43442538017466586,34.81888385675961,63.67538588468869,14.683082130531956,0.013093466810142541,0.0,1.0,0
11.093881453377202,76.75594480394305,8,216,0,1.0994471452227952,308.5306049145299,0.46724130128387625,0.6578738915800095,31.890989821940778,64.75910584467468,14.948115241946285,0.04241343432182662,0.025231646827668444,0.7967309565908933,0
13.238382315272865,77.17181557311807,8,226,0,2.5299729400668554,317.0859250261874,0.38498531858132523,0.36511297132779647,29.478065389130045,59.21919332961249,10.979555509970623,0.0310399116990765,0.032231381638870106,0.5947455959004748,0
12.866666617027509,76.47889545923222,8,226,0,3.3616488855765767,303.8725633922808,0.45122309112612574,0.5871293558461809,30.19662397741375,58.0694966297822,14.357071670733648,0.02010065403325253,0.049479548251163546,0.785721673833079,0
11.22800710365535,76.7368462023237,7,210,0,2.0954678236326183,312.0825403574345,0.35579605367791683,0.5507046506462662,33.17831863787019,53.83810370385674,13.614399748339071,0.02749060632631485,0.026629384868237592,1.0,0
10.34119375077686,77.87165547249629,8,216,0,0.7767488033817025,307.6264571598928,0.5537710395546898,0.36585800610402835,33.504700888554574,56.298823760401405,10.158816154579018,0.4281830240966334,0.24022153446415362,0.9695475508678887,0
11.910830958062036,79.56903093266203,8,235,1,2.1987284884669767,301.55410151504407,0.49926244504476924,0.4498821892914544,31.970859946341037,69.25442861468301,11.849073137344876,0.1940558706572475,0.1256292738323916,0.6066456729663803,0
13.169580262697318,78.491442500857,8,226,0,2.352015732619794,323.931506108127,0.6213099239449793,0.38085617635235597,31.115964648447374,70.40314720878193,10.0448809568959,0.002199236276784343,0.01147333437116591,0.4534963126340129,0
10.741463580461478,76.24507087828096,7,210,0,1.6114110889362392,322.30475038821953,0.5961256137269635,0.6429547730017063,32.602223740575894,55.26693644089682,15.876591428613533,0.0032536815922934036,0.009235258233549324,1.0,0
8.556123254877784,78.8753990485463,8,221,1,2.7184664981103888,317.9406277033998,0.4171465737777667,0.6323083879815836,35.704281558575154,61.72162852615607,8.482847800039334,0.04386817443202071,0.02297709192182697,0.9799651563845794,0
12.290093922374343,79.65839917688626,8,235,1,1.7333315787535772,304.8246200460803,0.6195286377927149,0.385719187219316,31.272233316866448,58.77669894338304,8.340575408781556,0.14503171303313955,0.11714489745362575,0.6716246702992268,0
8.058683261808552,77.80995188725218,8,237,0,3.509620350617896,323.72462864614727,0.42496008986163675,0.39368287386346157,33.10958802407983,72.7152604800269,5.885267915459399,0.03399113076587551,0.016433910752086212,0.4382633914752718,0
12.281975485987772,77.12705796631197,8,224,0,3.1665018700487275,315.13901479118454,0.35238125769966655,0.7021128854229011,30.837591716993174,67.66844076940018,10.161565773440016,0.07941934414374756,0.06098403512336382,0.4947162230716499,0
8.475532981764792,79.5141135497066,7,210,1,3.2190874633966002,323.18581050881505,0.738077065183786,0.43033897720118663,34.118831391603024,51.62430498422552,10.420607484702083,0.0029119302534265515,0.01664685399132318,1.0,0
8.597052816451207,76.10996869922026,8,235,0,2.1043068210931417,301.02189377500486,0.36079401881876744,0.47146442848706904,33.29408401064717,53.735814245842455,13.102459631225512,6.189172155018952e-06,0.05188098046363197,1.0,0
12.377558472064546,79.75171871231237,8,234,1,0.7853912823626823,304.1632972160441,0.4866996306825941,0.6237120657574935,32.37482845720098,65.3074545005811,9.826266485529123,0.12157100331723165,0.0,0.664807543537731,0
11.86132154741427,79.69959407510332,8,240,1,2.8976872764333264,316.2539252450779,0.6050044963802441,0.37428928903565484,30.77549742955587,63.01362093477669,11.193213317171965,0.18163729630893372,0.0650655647807913,0.6252211256295754,0
11.146657524285171,80.08473528119335,8,236,1,0.2756854063177263,321.77231306749616,0.49814981486341214,0.729062604703313,29.47670133445912,63.848657947725926,14.186783239817089,0.015450656832995067,0.0,0.5919807997219677,0
12.595277079177084,76.41160772686867,7,207,1,2.070299744611949,304.21877310702746,0.5024836618965656,0.35920360283805197,31.442019122050624,63.582554320517204,13.076501211252875,0.021751456609691026,0.039230112077087056,0.7269743825665999,0
12.767663660165073,76.49568901676128,8,215,0,0.21191632592606968,307.610357751003,0.639091016182118,0.689657004506307,31.355190354572592,67.90690425666372,14.351223168436714,0.027554253537288492,0.0302952765734339,0.663477047857725,0
10.562068631675206,80.01466299006485,8,216,1,2.113674749428047,314.11625595620615,0.590861573785012,0.49436242262318175,34.39816379232478,52.653004685012746,13.054843414527356,0.05324241992221295,0.0,1.0,0
13.579272647505409,78.18620872894611,8,228,1,2.743688676515621,323.99186448374957,0.557350978510606,0.4100159689309335,30.4991299629911,60.41251749789302,9.424231206595422,0.0006544624671382949,0.030442473861869136,0.6047121110577425,0
10.002447661979001,77.80475713408998,8,224,0,1.676792985677194,319.1919620827939,0.7045266935535096,0.5009964316281663,34.08635636545288,46.20568239190628,13.578963224695002,1.0,0.19092247092203013,1.0,0
8.96044349307647,78.63715039959968,7,206,1,1.6676126662172823,322.1655066955894,0.39324545841488334,0.7391366197942145,35.95260079203634,54.814716285798646,9.240919268234794,0.344975763399051,0.18086160922505343,1.0,0
12.737468081471393,76.26948212271962,8,240,0,0.4911754010966414,316.20030083034584,0.5379070168456028,0.5615911141112555,30.92742544929232,61.93636482633627,12.585077038701058,0.008046471117057074,0.02083495655570558,0.7053165598707396,0
10.32719356553225,78.96109438152197,8,239,0,1.2073984211934383,321.05691049599966,0.44562669700873525,0.37371207462218664,29.438246978143475,51.11539353262808,10.545681102972589,0.13790823686226522,0.0655048636911648,0.7579532596992256,0
12.89719804688024,80.34738250651122,8,219,1,1.7770948823400263,312.16908077560936,0.3647231392669642,0.7266167462282517,31.232178321123886,54.809817145786454,13.360508384050274,0.0016473880168342728,0.0557976293321999,0.9133125882999737,0
8.342531529146262,79.10831151316843,8,240,0,3.4542485545209036,302.97980723861264,0.7416134808729176,0.4074246218530045,34.20671491015037,62.09193168194513,10.328865232990239,0.004940750926277588,0.013109559637097395,0.904627021444695,0
8.621891824437194,78.13686151662225,7,212,0,3.5919196093563057,317.0293780615559,0.6436107309036518,0.3718750441600822,34.92352298707907,54.112650310574644,13.46527658834175,0.27629212606655734,0.17778425429723058,1.0,0
8.22552690285419,80.42005254761284,8,239,0,3.8143204080303414,314.4353981375975,0.43647420639654305,0.36817036325903024,33.32601678668883,68.12593965089704,10.95761826261125,1.1443603420766774e-07,0.018876536418602104,0.7167949773551812,0
11.371261377693497,79.1671755039557,8,227,1,0.4010547885067215,311.6484015387566,0.5109737020619534,0.6805339590908084,32.76366099010139,57.20843353069665,11.058986439264759,0.18770088024365686,0.11978810185649177,0.9157109969422141,0
12.658439414252397,76.26201800426631,8,223,0,1.1848432450755504,306.59978197242657,0.4404096975015917,0.41120768375650885,31.882071489245796,57.662015339506354,13.832848213171625,0.00845112732888993,0.017296683104196964,0.9188487898875106,0
10.254900388208561,79.0822140463404,8,224,1,1.8516516750133918,318.82087229261657,0.6239421143935204,0.4215931578874714,31.59621950284641,58.5724040029781,10.747677749083794,0.11879277447138151,0.05333502413779571,0.7783853548298894,0
8.507894518157732,76.27460096866353,8,231,0,2.566975297560209,319.6898419539957,0.49017882857559336,0.7276461402133513,32.01074210827353,63.759763848862406,11.79690868972752,2.717234828802585e-05,0.0,0.7304427089353926,0
10.091425433613338,77.41325746083385,7,206,0,2.8111939583979737,308.74045505844236,0.7179450327464256,0.5946444581577115,37.616239276500586,48.78464671326486,10.320411774298208,1.0,0.36767358858742466,1.0,0
9.949058341102488,78.8321440098525,8,232,0,3.144065154475666,322.2663974302694,0.4330220876603863,0.4641676644940576,33.63453350577597,56.35287112088197,7.671337497558534,0.2507091449051815,0.043682265974300735,0.9014321751493246,0
11.603442778679042,76.99183367445957,8,241,0,1.9834952402406154,308.87380066484667,0.4899304737301361,0.5845818979070505,30.447222940009713,63.448246266354616,9.966002008577785,0.008308517033884157,0.06607536324055446,0.5498562240720959,0
11.65204912125947,76.17567024913377,8,221,1,2.2263370665075795,302.5814998755068,0.7227257944174232,0.44723700740374683,34.05186506899768,67.6351686572374,14.36616938243349,0.000187374604982665,0.0,0.894705578790022,0
8.576932816607577,78.84258696838748,8,218,0,3.842282756206179,303.9966808202539,0.7038723016408319,0.547706071161207,34.21476682396583,62.90632256670832,10.051075904141932,0.052827345877477755,0.014738455066142927,0.8785195225191809,0
10.352989954142952,77.31494350126185,8,222,0,0.9601131191587835,311.86837128981404,0.467268058393222,0.483848981633325,34.006470401092464,43.669398297998974,11.270414029577848,0.33199244015529733,0.12835243878473043,1.0,0
11.598081350185087,78.45163543196031,7,203,1,3.2150389715366985,301.9167118404273,0.5432274710748677,0.5990506148360333,33.68583139521241,51.27021581641297,9.789276887087903,0.09085544348666877,0.07836881346314681,1.0,0
9.449622771464195,77.20126966296125,8,231,0,2.8472721374298176,317.24190105632016,0.7034819933812311,0.653523468267453,34.90830232574613,42.67444369364621,11.25514989981874,1.0,0.26131484861588966,1.0,0
10.279649604559474,79.15757269587253,8,226,0,0.5603593469124246,319.0823005271482,0.618253824269839,0.4894030074601874,32.025601441515455,64.55119415862004,10.479151192296326,0.12854744790131192,0.11977680067307386,0.6729137246939918,0
11.436691617212105,80.12022639933463,7,201,1,3.705966770872418,313.1872399846875,0.6049118725333145,0.40756521105528193,34.87999503966228,53.83563541454259,14.729836155093407,0.018246313831199373,0.025870289361764727,1.0,0
10.25607592697145,76.39819809285996,7,210,0,3.4214246245057938,321.440362871525,0.614223428037356,0.4922962420669681,33.32421573155844,54.651974556181386,13.296902846145544,0.00717136680233805,0.020335194794988416,1.0,0
8.17282144076718,79.61706595309188,8,213,0,3.118018611586905,322.90287520191004,0.7183924536891801,0.6532619535194324,32.80452967300122,55.846311323801196,8.00483723435477,9.939212222274936e-05,0.08037202486837451,0.8539439402392172,0
9.246649574405232,76.7180372535536,8,222,1,0.5070943350142372,310.7419461050558,0.5568695362840375,0.6648326882628777,33.97130177033086,63.96613664153977,11.308650296533248,0.055189359264279036,0.08206464273157688,0.8739785439266853,0
12.346053121006932,77.51528502102482,8,242,0,0.5586821243714017,302.1390520373544,0.42271194422471475,0.6642203829144493,29.819641268461098,64.14512885725658,7.0876683165138346,0.09592177481038237,0.08304800294506531,0.3921235437682248,0
9.39162284100017,77.6438803607948,7,210,0,2.7327938327942976,305.5503386314098,0.5390895015513344,0.7398289651070644,38.16814804877309,41.78809443725149,13.985069407841298,1.0,0.2844306119380735,1.0,0
12.57918409796184,76.949025949484,7,207,0,0.42908006071639493,315.7827850491238,0.6415553207233746,0.6799131261543572,33.5204354428866,57.50645869516919,11.988096822562522,0.11797557477806064,0.07986856827687777,1.0,0
10.614683823930214,76.34607796796998,8,227,1,0.4532624236113163,309.7388251931952,0.5468537256151198,0.7374292122360924,31.120340437063604,54.87198165349453,12.966075483348904,0.006957153045269143,0.0,0.8902853029767418,0
10.648358368304757,79.53503780920893,8,242,0,1.6011178678164364,316.4402254595915,0.475305089743836,0.6007169536597317,31.664011102404046,61.29221058951684,10.058277873274298,0.20865838380150623,0.09861792037385564,0.7020507623064514,0
12.314890805855715,79.65068668065706,8,221,1,0.021511555102487367,316.00164446766695,0.6165319647815286,0.4417393474237925,33.476885565494136,56.83646827975165,12.458487584101738,0.1355909834478788,0.1290837170268118,1.0,0
10.146443672889012,80.58543313573891,7,204,1,2.885933611263979,314.52883527868113,0.5300919011358183,0.5932785176978823,33.219606187541444,56.428351044372626,14.62529102201444,0.00023999156667928352,0.04165614634294038,1.0,0
9.335491316053277,80.2991795453785,7,209,0,2.1608279726993063,303.7879816055756,0.7351281045289491,0.4291336222655859,34.80421175841985,46.309880440127536,13.970567205761446,0.00011862299360652178,0.018125780191684156,1.0,0
8.588181309617626,77.99935514757018,8,223,0,0.3126965968586033,306.8619671053709,0.49085622036717835,0.3841305013671408,36.72089651502548,59.47963350717838,8.160818349751137,0.31377581617794603,0.2247370400047002,1.0,0
11.762695306545101,76.61358486689215,7,208,0,2.1743309938493702,309.0686790370995,0.6369947694515246,0.47052980286277674,33.8239033504397,54.833391579366825,13.34601087569187,0.003021591398695845,0.032511851261409215,1.0,0
10.631678222840147,76.04922003688982,8,218,1,0.21635149150771182,319.78603175835815,0.5720287959679554,0.49511022235446867,32.81128555884456,54.47644695974882,13.478099410661402,0.0005203938351762684,0.042896039788693205,1.0,0
12.532678531920709,78.44498067708689,8,242,1,0.2827844239929296,316.3733480823232,0.38102590935976954,0.6335551746545998,28.34617885661553,69.23982741609689,9.850460626279805,0.050742308346317266,0.05076980121085449,0.24245674559816285,0
10.562978368016115,79.9586054898311,7,207,1,1.941864760605816,315.478422384066,0.5379031669941117,0.4952306845043386,34.29205375818728,50.11153553311168,11.227038128401318,0.06892951800619229,0.053989459236498547,1.0,0
10.322939780643107,77.23235720207039,8,233,1,1.9992930020625805,316.13129627306336,0.3616654968661774,0.35125936047839945,33.14586382569872,52.54273459532753,11.47449083320404,0.3114164716059381,0.15802386085532638,1.0,0
9.673571670818529,76.91513029274512,8,234,0,1.3559790915728134,312.0768499548335,0.6659326812425705,0.7167765202675558,34.279987184898474,58.21324412117348,12.589171689709046,0.33014871505655274,0.11521586360259825,1.0,0
9.116796088466003,78.01918551014577,8,226,0,2.4870858332473267,300.95116117123354,0.6438120340909022,0.5857616763593856,36.88283179566697,52.28004631634403,9.825836297716554,0.7295546263616514,0.23136575560199713,1.0,0
12.650446890031402,80.11025088438028,8,226,1,1.5494336106191642,304.8268964999751,0.370204735175963,0.43430323016068795,30.865094718690095,60.304696571720406,12.8857106002741,0.023498388925939265,0.014863384232475138,0.7457764256667312,0
8.533183677301892,78.07769962614404,8,221,0,2.3478423160519495,303.3672517392096,0.5498778854383415,0.4509150502112147,33.86410416053819,57.211316635252004,9.308813965953078,0.24811391573117372,0.06807866127444617,0.9526576356975051,0
13.051915250769216,79.32447936758948,7,207,1,1.399139749598537,301.53591994544905,0.7346157850229014,0.3996560946389848,30.616569430613204,52.278961516948605,14.56804609025122,0.0006685206541920585,0.058292645028877856,0.9559886369392598,0
8.150691246929163,78.12762056680359,8,240,1,2.8598678586359023,307.66743955159916,0.46385551209076875,0.7126186992883711,34.467871028392906,58.84027608116929,8.813306546192834,0.0478145056642945,0.026137259481049127,0.9512878356863951,0
10.924613077300368,77.71561085463755,8,238,1,2.3171444698382704,318.90552460071234,0.7117213189309599,0.44208343521814825,31.86453360126937,64.11073511915313,8.494419431118974,0.07444050898415103,0.0021872502684471655,0.6072565157915124,0
8.326639948046072,78.02819545068225,8,237,0,0.6401741873689102,302.7631632874513,0.4104370639068865,0.7262588542129567,31.455731383401364,68.451470898077,5.6989922913992554,0.13254423002473487,0.05813009489696658,0.3893717710990736,0
12.365799879333945,79.53464245029754,7,208,0,2.7450754207108794,302.6741404099661,0.3526409815117916,0.4557245432970076,33.62552592568828,54.98025253924272,12.820330476599036,0.09921847799442204,0.04729599301618552,1.0,0
9.184380534731034,79.47026785703883,8,226,1,3.135743690133834,302.9823364605964,0.5622085540904033,0.6697004785804741,33.94292636626262,65.63420762615635,11.078633926924315,0.08126486151773875,0.023809738648932377,0.8273576712681285,0
11.1691664269246,77.98608762163084,8,216,1,0.26349627182433055,306.4757205901546,0.44569732318533106,0.3541808609666497,32.114774123477304,55.98556972539439,10.313609892443521,0.13576688631520736,0.030527095874289215,0.8655188255309822,0
13.132098174509288,77.23104015697186,8,227,1,2.439842381202438,304.852971313143,0.7016896808218755,0.5433094380868853,30.13402978222741,70.95136393157968,12.973985667679166,0.05769866741007858,0.07907345843104964,0.4510203354877098,0
11.635850039429586,76.63998437978523,7,213,0,3.16171862405229,300.33506679536623,0.6195688017860861,0.49768581320197025,32.13914116658985,56.55399990136607,14.85955353201285,0.0032289027002914937,0.012402634747476306,0.9969783695053098,0
8.998591803853927,76.00630059412606,8,234,1,0.45861159111441374,306.6360555260245,0.6247561415233627,0.48383430357355195,32.68182796373204,61.16058182909514,14.480729979943293,1.2304909959577503e-05,0.057838545848875406,0.927995545982117,0
12.461395505027443,76.52098488213713,8,221,0,3.6066096789401243,323.9110671517468,0.6193121611154293,0.7468625174761113,32.96617240996576,61.09598160303343,12.819372603553905,0.03503316222924505,0.0,0.9012090590685742,0
10.472285798126755,76.75741421988273,8,222,1,1.659195145011024,308.0756746285423,0.6215830682541573,0.6383466845482423,32.761680013209954,56.86779090893341,12.563042015791401,0.06559740914748684,0.036250782023461436,0.970117488340235,0
8.073789734719437,79.17371383851301,8,221,1,2.9513592843948726,305.07021676737173,0.6488459425829789,0.45231116764000323,34.31000210895708,69.15454085597639,9.986255869393895,0.00027448928817524717,0.02319866674437611,0.7455808748655071,0
10.725883832603877,79.76241303387228,8,219,1,3.5961993873170695,311.8971343078121,0.6179550613262601,0.6509767019363081,30.728236721434453,49.218861783715724,14.225515233213656,0.1337005682074647,0.10446163842993005,1.0,0
12.549914192674706,79.38995006466355,8,222,0,3.9585486034811326,305.50484314198746,0.6837101102290915,0.4018275088970198,32.219029492658414,51.0210038559762,11.726713773610648,0.032311688664323455,0.06586828669746868,1.0,0
10.407762732668232,79.32687072913083,7,209,1,2.335700256125159,313.4314848316971,0.5732488548098849,0.7203713816561872,35.087642157926325,53.990560036818245,11.633537958289487,0.18401982924003654,0.04462154796231613,1.0,0
12.247197082687958,80.57387482773095,8,233,0,2.8170957140126167,309.61574031361994,0.4902752895447078,0.5205544898676374,33.07737720678193,66.55930330526468,13.711369679870957,0.008470300896661492,0.052435900811132356,0.8169438851663577,0
11.95094495339267,80.42794960087654,7,204,1,1.0067986964696796,321.5241916387068,0.5367388686736724,0.4262651647832695,32.42002036299671,50.980130117032566,14.36352592482141,0.024135810622270246,0.0,1.0,0
10.558708977094394,77.23669709759449,8,228,0,1.160185488741547,322.27006229311803,0.5260940128128179,0.4591281936602234,31.68371745911228,57.4985299510064,12.067438997554337,0.18359788029547594,0.14682330699589102,0.8507832580216765,0
9.810382476142506,76.66746344792244,8,215,0,3.4030777076103793,317.1134701926395,0.4830025219311808,0.4120595359603776,32.69795678849265,53.23066378608649,13.712377407297009,0.05312412391001301,0.0,1.0,0
12.068624008748074,76.70517189450416,8,222,1,1.592975614609358,305.17666194576566,0.5161872490008731,0.7222231978583608,32.6458996270823,58.49683726022805,13.73433926573535,0.02053495783413588,0.037721842077336365,0.9608711318615759,0
10.065943139334847,80.1197906852719,7,205,0,3.289735817712151,311.37356514896277,0.5039947007117481,0.47235744501255583,35.35934613502476,45.60960102589032,12.822056284167804,0.008356968372977726,0.05698514953916591,1.0,0
8.95248779768045,76.47079550059661,8,229,0,0.2023872581538111,307.33015600897795,0.39445611228786087,0.4071403548693742,32.26920544110354,57.58516363112188,14.081399402754782,0.0025272982384015727,0.0472186220508176,0.9605849929586732,0
9.796833144556684,77.56466317685454,8,214,0,0.8730136871716496,319.15865925863693,0.68222092042378,0.6751603099449313,36.07807167362504,40.671516127896396,10.209768796160777,1.0,0.4726509116941877,1.0,0
12.91029948039707,78.43959403073693,7,212,0,0.6803763558806115,300.70017861968887,0.6525862924927152,0.43530364867076116,31.48639103669731,63.95488447640081,10.857781128573142,0.012960958254471064,0.012851300454651042,0.6530630360726686,0
9.58697902796936,78.82187231694266,8,241,0,2.1082698788098293,315.89980066427586,0.4850154928524695,0.38766014001637616,31.18689393193697,64.93130115929354,9.947392639809093,0.49527968740633244,0.14128646915585313,0.5779571552267031,0
9.315778995130522,78.74037013394842,8,224,1,0.32212219022651833,307.75744382745904,0.7280528156251351,0.6173579646597509,35.54126966570121,47.7983810419304,10.29461666505255,0.6176000474501979,0.2786410991099721,1.0,0
8.747152396091149,79.61747552184364,8,225,0,1.3754817496852323,311.5441099787612,0.7297450162653868,0.3529622739857231,32.95419408746365,61.28058847675929,10.1788003345914,0.009610760477207011,0.03239713550641813,0.8135906071499677,0
8.308995929579254,78.62978901229673,7,202,0,3.9449804394023853,307.75187931093757,0.6926878898076873,0.6829682374700868,37.61114329522688,52.02202553572408,11.266861112773457,0.01846089702162847,0.0,1.0,0
13.469477183517936,79.91481408092456,8,224,1,3.1768685468014883,308.7549606542007,0.36174913554418064,0.5750838260045839,32.03082963130273,62.20610940371598,13.448785179113472,1.4607766258832033e-05,0.05594731697317367,0.818263463817724,0
11.00595023265942,76.38929903073205,8,233,0,3.0423656516798454,316.18470333102835,0.4984871976687967,0.4487273686318979,30.306114921171567,65.43769293359897,11.326094852955523,0.008032344546324061,0.06397925309750134,0.5363901979502914,0
12.086008979475906,79.95124108637665,7,210,0,0.5404587977621711,314.291864002314,0.5329346267087616,0.5394375028897376,33.35414126521499,53.18490337668222,13.12221202186007,0.16641856896756166,0.08196571951281473,1.0,0
12.328651302464749,78.71401453957421,8,225,1,1.4582364263280532,305.8581418966761,0.6374865129889471,0.4549659800428616,30.692488399610504,62.58810198397133,11.81220435864347,0.032866275316145735,0.03903482623676623,0.6471031531980098,0
9.972975170434646,77.02548980291161,8,216,1,2.7223518851490156,301.047303075543,0.6039249337744768,0.5631428485897277,32.90088167359104,50.22247573090026,11.711495564935616,0.40188855980247945,0.18702778270969447,1.0,0
12.473873096902837,80.49761866801018,7,210,1,0.08650094897358507,320.5445234364737,0.6213514454357504,0.5786576484816606,33.12782781185008,53.95258538711264,14.668126791441576,0.007930789674244385,0.0672546062003729,1.0,0
13.384311768752273,80.3227776591526,8,226,0,1.7359059639045098,311.8153603589647,0.6568853655206319,0.6586728639721884,29.437695940513617,57.8461375051024,14.250999596185308,1.2365051376700724e-05,0.0275207179843046,0.7241264545324279,0
12.153866361346992,79.89033877969906,8,228,1,3.7143591568910974,314.8495253819804,0.7293741716276444,0.5364349680302469,32.32053967587541,54.461679962168404,14.319795718134362,0.1753487685903861,0.09125238158516749,1.0,0
11.985705509311561,80.19334222382196,7,206,1,0.3293592275984314,311.72398253913497,0.5706033469000208,0.6646551247765563,32.80203590697258,56.43708481501772,14.107310522438237,0.08149929418785967,0.05951185990929163,1.0,0
10.420509204859313,77.7578519168084,8,236,0,3.6250373548240016,314.85456496639347,0.7116169857960483,0.3776974673509019,32.60446296166189,59.99440877132385,10.792239803295518,0.3108044691440768,0.14868989592340995,0.8321981012953901,0
12.71139270452925,77.0479024132681,7,208,1,0.7780864980841442,315.0473393231658,0.6759275540294575,0.7185371727235877,31.29748918321842,54.18307166678212,13.34163635847985,0.12893751944190546,0.0529180079231248,0.9320930866533166,0
8.497489300690757,76.84135776363246,8,230,0,0.7564288933765249,300.36097288210567,0.4851696993249891,0.42420348919707657,33.43880944392274,64.1005978674321,12.098920406599749,0.006062929319783438,0.0,0.8513120970902018,0
12.19822878855491,80.01929585515022,8,214,0,0.7817438350541726,312.7982187983906,0.6754681868757744,0.6846309358425708,31.976234658277694,60.56977451890897,12.219404593585182,0.1353568697002285,0.08132705435802098,0.8116587368747009,0
10.027163836,79.802504204945,7,204,1,3.725024329212846,312.0505912536976,0.3969381087892218,0.5478527134899511,34.46649848072671,48.1302705624012,13.97221090382881,0.03323782436871675,0.064147064041126,1.0,0
11.16945392846763,80.5123165633407,8,240,1,2.4149799775746508,302.2996203909374,0.4135038495636687,0.3918869624778061,29.473557708589464,59.93169457786523,14.563025692731266,0.0007865459234309381,0.05074876930148578,0.6905200379944134,0
13.000597111423353,79.90195966668884,7,212,0,3.003155781187492,317.90116466391135,0.7469513941972193,0.4939209630355578,31.0110443817445,59.1092356686208,11.14921659136592,0.0028553133024015326,0.0495407435876928,0.730239257656209,0
11.38810953574506,78.90888320406185,7,202,0,1.465630424338686,305.6606248690506,0.5214754404904809,0.7173322458037601,34.5806570565123,58.52393563968443,10.843581256476956,0.20365038041933944,0.049752136496372536,1.0,0
8.143256570029811,76.65449605400913,8,227,1,3.493003743892447,301.30860834609564,0.5342472096011275,0.6838855821599061,35.055511451411526,54.4596964205642,11.861846868929506,0.0001285878642348332,0.02440962495079884,1.0,0
12.04658713492934,76.75829867642946,8,237,0,2.32774854365975,319.2758153780018,0.7304123470520489,0.6389263123412097,29.346672311644255,66.9405621140504,12.587970241723438,0.020890637714881324,0.061972963488155425,0.4624731601564255,0
13.20253723474038,78.17901782326332,7,207,0,2.3993397328261645,320.76316203149463,0.49473591446535686,0.5019383523947064,32.407248366806556,58.79173935540245,9.844662771041124,0.008778530987620586,0.04956277746793981,0.8128777564866381,0
11.595266893739131,79.53185944326408,8,234,1,3.009284208312549,305.77667415156066,0.444786638958881,0.585516325402422,32.04923037828132,68.77511359634397,15.155688311279409,0.14446070746561823,0.1433176667927788,0.7271597113321702,0
12.823952433773613,76.79706679481765,8,226,1,3.094570493356647,316.5010924068086,0.38112869497493934,0.442848788374779,31.64188518002455,54.98812860930715,13.930349452105297,0.06952210148549,0.034106840424259294,0.9612998829512885,0
12.621656229914832,80.21138053647272,7,208,1,2.72745428634516,300.1188161774999,0.5590479208817132,0.6091374053189142,29.95636647631091,56.9660632180009,13.424856921249827,0.01917775543255928,0.00998795203540942,0.761089246970502,0
12.82323678471019,79.14543736023953,8,213,0,0.47563973438350127,317.30759900117533,0.42987565721586857,0.45437613023729356,31.815092539643768,53.681504527729096,11.529190411443857,0.002268955573082173,0.011226347188688066,0.9297337002672879,0
9.926962255076738,77.43662181605353,7,203,0,3.4669063709328993,311.15569064257545,0.3759224138870869,0.6816027278107444,37.226397262837864,42.01490033909434,13.466960658201378,1.0,0.17135411704903175,1.0,0
10.655315751808615,80.07449412393852,8,236,1,1.043596464341055,319.01959455523917,0.6752277837806812,0.6317992899191223,32.75753158188515,70.14395874950188,12.128168324017176,0.040266147536086906,0.0,0.6611560308492572,0
12.748987628166496,78.75369969363233,8,222,1,3.9847766333716783,309.43281534398227,0.481438766536639,0.5044358470041219,31.09304917456505,53.14847255161304,9.182498088415022,0.00789199712574958,0.036180446403967406,0.8080744397742115,0
13.098232019616148,79.37252901731557,7,206,0,1.5420317270743729,308.42581746049876,0.5817560728113601,0.6137927727076891,32.74429871143782,57.10835871594439,11.95433091917841,0.0005162347268091506,0.0321086123515951,0.9443008734898239,0
8.82231239585458,77.77303414877557,8,215,1,0.47998919039571053,320.1788370032993,0.391858255912439,0.4800544614746699,35.200463479667086,49.603532540718916,14.934433386725921,0.5331016336395749,0.28789234399103597,1.0,0
9.016581325712309,77.81033248084131,8,232,1,1.2643460103567832,300.927520749964,0.552233053220319,0.4122611797437144,34.21420204107189,52.94607864742516,12.260545746544697,0.753941159170883,0.41371378618775767,1.0,0
9.942245760307632,76.05804082421476,8,237,0,2.294136974402789,304.49195968503403,0.6027360450116723,0.4440735794211902,32.77304294075034,70.06285223870867,14.09836967822539,0.0001572274288956361,0.0,0.7258198033135455,0
12.313667837804404,78.47434930467304,8,216,0,1.5657849528096794,309.89109285330204,0.5299454443776778,0.4586752136064913,32.27502526787852,56.2578879120383,8.345674258550114,0.061750212847867206,0.03686850912575926,0.8113235837464943,0
12.89989448064421,79.49966530683578,8,230,0,3.314726755876884,314.3121158733946,0.4849927265664992,0.4406466462177981,28.862445579598397,63.04430048241879,9.811099644928602,0.0046824581323290934,0.013236316883569885,0.4219273181501343,0
11.249344791858734,80.45659276249837,7,209,1,2.728825181681905,300.122700314809,0.47438201375973255,0.6213424000381063,33.647074778882484,52.80453930738313,12.643022166471816,0.0013457594148262692,0.02189419704904754,1.0,0
8.634301782202094,80.10424344885789,7,206,0,0.8538022624163353,313.803544672017,0.3937535011617851,0.6458645434859935,35.33542084963609,53.08487255872735,12.831336349604513,0.0001170468960732717,0.0,1.0,0
9.70099008781613,76.40015902022267,8,214,0,2.1554132198531817,309.08382095121124,0.39627648389140985,0.532855681470346,32.9059937040582,51.680473742572666,13.900310680898013,0.005018232475591775,0.0,1.0,0
12.799328836274736,80.51039255364131,8,215,1,3.1501280007929378,315.1200490487991,0.5482784651600449,0.7451175540988857,31.423791314915658,56.52864553764047,14.30118061598223,0.0012542331512430359,0.0074410929685503925,0.9204801585448501,0
9.946307878312084,76.68761116940391,8,227,0,3.564935006210258,321.7673721501415,0.40553170155390633,0.7064082421114166,33.83920405584896,70.9363731835192,11.525618161839864,0.05293798470662954,0.06718917270138705,0.7148565014667048,0
8.575720561300615,76.18912577260357,8,214,1,1.5797773396321664,310.5809282790384,0.4393803367880842,0.3848200740050216,34.03281704776291,49.90590826551124,12.356868772237016,1.4974934694856102e-05,0.02785912520715529,1.0,0
9.691583410233239,79.44507724315383,7,210,0,3.697858880605756,313.3098874391897,0.4159270689699842,0.5341802625232566,34.74702481818858,50.691827349283784,15.320184300073027,0.05512947416276658,0.07653512018834083,1.0,0
12.517555572878926,80.1670776715141,8,233,1,0.1438778384778856,311.10695804382857,0.6709937445336736,0.7133906834120608,30.23875850393722,60.329249724916046,13.365166208517019,0.037213089170633755,0.03384721122235708,0.7080191032350129,0
10.763485384907197,80.36900136771587,8,229,0,2.706764808719073,302.84452807707856,0.5298868270687608,0.4381056833538979,31.632201809646062,59.08443675677819,11.604579884570665,0.005380889543174945,0.022005549204819768,0.7967835664904899,0
8.960807543079671,79.79489009572457,7,202,0,3.1279389793687655,319.0347117059309,0.5710358125597096,0.5013584102129478,34.81625890193271,58.15979445313799,14.921836729765591,0.007379026023384114,0.039030615186750856,1.0,0
9.750741286447653,76.94256859227235,8,223,1,1.7005655225682217,321.24469729377097,0.583183259226922,0.7287789824537861,35.776373528062386,55.82047746864086,12.354565870262347,0.36949794841036615,0.1272209716643255,1.0,0
13.340055166172196,76.7084134066743,8,229,1,0.04389790367530377,319.47519795080353,0.508553949126706,0.6604249498756115,32.134878227131246,64.84913062825768,10.663882314609069,0.004647440242797667,0.0037066277517804683,0.6811721606311887,0
10.418961933352307,76.27125499682869,8,218,1,2.7481406410779083,322.7423177844498,0.46937242025733095,0.6829300003418848,33.550487972183554,49.46111415170259,12.420980669515549,0.003343640984022723,0.0,1.0,0
10.47295582691412,78.67705776751296,8,230,1,1.370256970151964,311.2326844271252,0.5029782039751025,0.7017935109593172,31.671064610619897,61.691245051542055,9.465832051142632,0.22907691656870205,0.10390297015938968,0.6752571902267086,0
8.857189771447594,78.24121741034999,8,224,1,0.607251818770056,315.65572213206576,0.5639292789679302,0.4184702689651584,32.877817640305146,50.084854762339646,9.058627034187708,0.34571464600725893,0.22376160182988075,1.0,0
9.705504105839994,76.50270459880731,8,223,0,0.6284351060632414,304.0401985197146,0.4934309042293079,0.6297096069264115,33.43321846485881,64.34349892207997,13.690335403681564,0.013708556105905115,0.064434061807899,0.8951800996126171,0
12.56224234446426,78.13820474588918,8,219,0,3.0766562233252843,323.44339490832624,0.40464636975189233,0.6711205160463323,30.990392867378734,57.95036052627566,9.436187244344572,0.07893379048342322,0.017759622206487073,0.7007389119723144,0
12.402714256658275,78.60968851645863,8,231,0,0.749557696849763,313.9332971969753,0.7154747768574509,0.44059179934477394,30.953108855830358,62.80627125947599,10.270359728987941,0.039522969939049496,0.0,0.6157906737506031,0
10.43879327408107,79.3255913601483,7,204,0,1.9363931925686662,306.2799145944211,0.642962496757524,0.3673439429864075,35.32127037805285,48.59428407350354,10.58087207655684,0.19340459974210616,0.11856187763909883,1.0,0
13.004452668079896,77.90530882215373,8,231,0,3.8815574386262344,319.3289826808532,0.37650794418609557,0.4213423257119932,31.388407395595838,53.59197787404543,13.077649210930469,0.0590311341317768,0.031992149324280475,0.9445554236068874,0
10.129449935551804,77.46442125656083,8,222,0,3.0352747914733667,314.07578681300555,0.7122799800557748,0.6465611484833065,34.511263640640834,45.63620323907588,11.491787167986345,0.9871837931877473,0.39373902612413225,1.0,0
12.840245647002831,79.062124311509,8,214,1,2.1887745948589337,322.79219956725177,0.4181860760073757,0.6277162549228128,32.79609249404374,53.81596344143326,12.848672856984837,0.0016707381578293188,0.0,1.0,0
8.176767083274335,79.14742875800951,8,237,0,2.1131014104967987,318.4794570971675,0.3890920733968417,0.7066904591466701,32.84918810971925,64.65667207855232,9.428454837946319,0.0009032940769595773,0.0,0.7063677321945974,0
9.94448962528638,77.24397136068116,8,233,0,0.6693097661864682,321.0543557570687,0.41928675909423324,0.4767812085317275,35.691935201901224,51.10825212321393,11.745746345473338,1.0,0.3207217595379446,1.0,0
12.788383476911077,76.09118617829078,8,215,1,1.7856943000610954,313.119600213008,0.7232135622637987,0.5986976244939677,30.958498593698767,66.49427862174933,18.24796079773065,0.0018912670763450762,0.0,0.7835841328095505,0
13.047333544256237,80.35017662081559,7,208,0,0.5795986156253417,312.41540220829074,0.4385177109614076,0.360717362127245,32.331108216850005,55.6595678696281,13.464265661298166,0.00044182595870701,0.04085531406127355,0.989249145105777,0
12.235974630834141,79.47431746971219,8,240,1,0.3343284609241741,318.17583530905614,0.6647967702808019,0.7240337220932548,29.598385323374263,71.28887791291983,9.245877243775247,0.12683331648621285,0.05302542103984074,0.28237959830650217,0
11.751248574615923,76.92507993853143,8,223,1,0.4365489438369381,302.52033541188854,0.6072152900834955,0.5717970424785037,31.925205520574796,68.24300511535729,11.3417595194694,0.005984536751581682,0.02183043912145932,0.6094636646900453,0
12.566827492988875,78.60206199457177,8,223,0,2.4264446266071125,301.2967581956055,0.5572892313463819,0.6493541390793365,33.86062211557941,64.07756003016756,10.929988203203019,0.028985553214213918,0.10283051383130483,0.850445973644655,0
11.962325854043923,78.73675864110992,8,238,0,0.7742119310474251,323.6088539057126,0.49623745486536686,0.46352638113447875,30.45396538646236,55.79141411924435,10.609481227436783,0.06343707436903318,0.04678901206933417,0.7406786456904995,0
9.423637345004998,76.57954770718013,8,238,0,0.5973820599643354,321.9910926889626,0.3871736423578834,0.3827817492473046,32.761936932835454,52.415523174855565,10.020650877170223,0.024902426731369776,0.022475156493357493,0.9896284582066225,0
10.610926643891238,76.88162260176196,8,219,0,3.468523848387949,322.9358625898778,0.6342619111206204,0.37512882349909016,33.99837994940976,64.22317483838553,11.98685669481872,0.09994870421844367,0.04342156932298874,0.891717048866442,0
11.699947988162492,80.40084997573342,7,203,0,0.4880518529378115,301.4967375239135,0.5079125899283027,0.6758641571331285,32.25701727554759,61.053018078185545,13.235948156371263,0.015251743048055197,0.044698225539775205,0.8560855288892223,0
11.291695439862504,78.33684995609613,7,211,0,2.8225404556351963,306.4632338858412,0.5639944560677126,0.4107783805627714,34.15598035959186,55.7149539177998,8.589496634013127,0.24275877620156666,0.15823555641539944,0.9877544904944584,0
12.956546599889137,76.88063420920999,8,217,0,1.668001048589586,321.6370171006564,0.37070472638469665,0.6796007405745222,31.354257321035107,56.566669152074084,11.069310862136456,0.05807106965344887,0.020469088893676077,0.812844760037488,0
10.653529986171838,79.66884386883244,8,238,1,2.3163189510598374,302.1475098450272,0.66037513193937,0.45610626573499263,30.929806716346558,49.54527583006521,11.844701327165467,0.17116727043988764,0.0598204547936939,0.9577357910569072,0
8.996729316929954,78.16463719165397,8,239,0,0.09342165798803315,310.8344282906015,0.6269086051571044,0.5665088194987127,31.66783287682475,51.62042473796336,9.850217266796706,0.4828821768667146,0.08132664976479237,0.9107959240347183,0
9.201659409512137,78.93669558305439,8,239,1,7.695806631513591e-05,308.1909924746826,0.5617201479653212,0.45476663713499327,32.4457616471604,56.91808017721793,10.439243535465586,0.4650127474233779,0.19304277837154188,0.8763047160307125,0
12.737916729612028,77.36850705473746,8,229,0,3.2689941760756978,321.11641148401446,0.5485229711629916,0.37003352544633517,31.78292639207878,54.63523416324462,10.646257578548324,0.16803185250002078,0.1280698222761134,0.8782675450418753,0
8.048837343649428,76.2663588519789,8,231,0,1.9017646340390653,312.43382717609154,0.48481230463176306,0.5669115628928594,35.54059027100529,63.69578319367495,13.558204437525538,6.565339520850331e-07,0.038523653404653614,1.0,0
12.867130027182268,76.75874342839461,7,212,0,0.2852277457967709,306.9689803729657,0.4869615581603176,0.49684816425411815,31.550225564532457,56.63884062531447,12.169322256270489,0.05663676251375137,0.03611489263032018,0.861946992545836,0
8.311293279382316,80.47596975447152,7,206,1,1.3738244127621932,312.5832282189122,0.37738636745846194,0.5240439931275265,34.18752830206004,52.941550386953836,14.505179333199079,1.2905375001628853e-07,0.05733601856806539,1.0,0
10.19328742130067,78.86850680480978,8,232,0,2.0254177450031423,302.69870893469204,0.6246854375023723,0.5906235615902368,32.13293914109941,55.95757810968429,10.232269541547542,0.14509113401100263,0.06508643302008904,0.8651127269386608,0
12.480986873695521,79.82299191344227,8,220,0,0.541973907387999,317.54886558135513,0.3679891790495855,0.47546428294700693,30.831389270830748,62.133713639714394,15.677183906087084,0.08477121392113421,0.013841949662877568,0.7895563554185749,0
10.282646110205434,76.09898996644957,7,210,1,2.1853517991101508,314.84010130703786,0.3505675117347381,0.5755221730909156,34.931239445690764,57.15264737192143,12.599305037325381,0.0005695923438797818,0.07010035595588528,1.0,0
12.605149847502695,79.52112750531009,8,214,1,2.1150028793490567,314.41701074546245,0.3623924742901644,0.6131092745720431,32.559418743489786,59.66916128060278,11.25413512006283,0.03508627969753512,0.025366025024433653,0.8501063671127173,0
8.561673473344385,78.23077950609257,7,207,1,2.4113406653769034,310.5082644722018,0.43137898870682706,0.3858179735749465,36.52083480791818,49.88380027740821,9.09655061379192,0.196372306077058,0.054271377680337865,1.0,0
10.864636468037045,79.0604162336075,8,242,0,3.2410472210217542,307.0618596742558,0.5780782859238887,0.49003862678114085,32.64645202140077,49.761705473303245,9.689438659542976,0.3081446126821059,0.06237682859632036,1.0,0
11.26185450079445,77.64774318556756,8,233,0,1.6511152535474474,301.5691356656285,0.6224636803726252,0.38597891926924766,32.3837273540158,51.83262888183157,9.864385548895322,0.03580557239876431,0.060391189009253596,0.9661809083080382,0
12.988864144528549,78.85599660336689,7,206,1,3.554240113840285,322.7287800990733,0.518295353046445,0.3527734350589855,31.6673734927605,48.90553806452827,14.344063647774535,0.0011783052795675956,0.0,1.0,0
8.524279875499483,76.16385093182369,8,213,0,1.8986950116397523,309.9972941174136,0.5134554796220969,0.3704920610820271,33.354983396349084,58.110446680839445,11.632954379206,7.686210082992602e-06,0.0604800854386336,0.9628796255828458,0
9.896163837584787,76.20970807766886,8,244,0,1.828595856857251,311.90212089477325,0.5807143553459204,0.5868859156802771,31.07252145920411,59.25955906501285,10.389342002468034,0.0007387043823525038,0.022708390251450664,0.7082757466216275,0
11.692349331422296,79.67464748556368,8,218,0,2.6227427936159176,309.0184021150344,0.5887310271863387,0.38372210822654984,31.952089714894687,54.64232241220799,12.816073821015042,0.1400398297413053,0.09236987644950279,0.960013729543322,0
13.487608458416435,76.57254023188203,8,228,1,2.4700848612991346,323.70905641616827,0.6879990334652497,0.6974006366059149,29.046525450087845,54.42127559744206,11.582454049971448,0.0008288872521290409,0.012447325171900578,0.6842449077368824,0
12.750336214163998,76.06432609909623,8,232,1,0.04573975503570438,319.1081282548488,0.6776352660531226,0.6537776321537828,28.80283008657908,57.02144572519862,12.63748555178852,0.0016193119145344462,0.03605011868653368,0.6391251368150118,0
12.740372345496981,80.1972998523286,7,212,1,3.9297223608967795,302.2982453947529,0.6794104818301152,0.35352730836625484,31.813228056736097,64.89619351674312,13.280260237605523,0.01015424121501192,0.0326294551460394,0.7350839478922224,0
10.896222164778813,77.22144610862027,8,219,1,3.7707743445778714,314.5962015529743,0.6876691190960929,0.5792980785013955,32.03290885925057,52.71296553183844,10.830363039115637,0.11736697566486579,0.05748157104243806,0.9475697936468346,0
11.16007508368439,78.67895795116361,8,216,0,1.1251437699862232,311.6312297676585,0.7019321948086394,0.35410076501885207,34.68654444081152,47.18802468504822,10.917011301038665,0.3588903457019484,0.09593107141020335,1.0,0
12.808048526851652,79.85901806447711,8,223,1,2.234333360663008,319.0404488452714,0.572126715175989,0.393677925431362,32.4883608035616,66.95942908908138,12.138326902075544,0.013815344664290605,0.03560638700433588,0.7098099140070743,0
12.869903283037853,79.43117256535697,8,213,0,3.081940694358598,323.9355842917645,0.5880668655716311,0.7452997106123895,30.056441079533037,51.56678105967622,13.743783649241381,0.004818954067544888,0.0,0.8993793054515193,0
12.492737566643825,76.2144879757303,8,225,1,3.681871296391833,317.86336177445787,0.6408903988834156,0.5328092777185005,31.00075813787361,70.3875891015069,13.466889007185605,0.0061245606648580204,0.05042108765771887,0.5511792573749754,0
12.583999141033622,78.58036402395068,8,222,0,2.343626560497998,320.75829169931984,0.4296030222471563,0.3608844806798276,31.457316480876916,65.11085754543171,10.538868685201457,0.029865160761153513,0.037692080451421556,0.6149858521426949,0
12.92592721040494,78.49227018863903,8,224,1,0.07576053175272968,312.06325205653957,0.49418441202812596,0.6901258074367983,30.70810090328508,63.70685002196194,9.63264749505552,0.00986735801557565,0.03760752025828703,0.5554319756728652,0
8.637178814114806,77.61036881976813,7,208,0,2.7227117901489812,308.9663517686631,0.7150611922477095,0.7169379321496269,35.761505118408266,49.62398070956651,11.130944466285577,0.31632026198545937,0.01436391473856058,1.0,0
9.638780510667837,79.46638971429441,8,224,0,0.37231227559615565,315.43871235612875,0.5591049722479233,0.5693533759226507,31.578994534076806,61.15609861047714,13.348323567393452,0.05561004605178779,0.008019041027855802,0.8008046868657317,0
13.466235790140203,80.43442602668739,8,224,1,2.6847110941503995,317.9860419296663,0.3707150471686892,0.6323768408920483,29.631701633394425,66.78352365437925,13.711984906029587,2.2476260202331033e-06,0.004827493813328217,0.524840805443421,0
11.050746495798373,76.6770586081052,8,227,0,2.349710408122535,305.46081439689675,0.512223913834894,0.6620484547470356,31.82879469479895,71.74853586885055,12.785716699351308,0.03484476080376851,0.05537360035242364,0.5686524076690731,0
8.988197616233474,76.66803041722406,8,232,1,2.562678511659239,312.0812995166348,0.4143156812949793,0.6438687070302449,33.80725110355783,62.140127695930275,9.915703052525426,0.016584241991980685,0.0,0.8573560302227883,0
10.817111545917353,79.37978568951999,7,204,0,0.7570307959416032,302.73098368298076,0.4925147447481901,0.5478088485774135,35.04432876172358,49.28273495476692,13.152958200752325,0.2230811775194802,0.18178745675246188,1.0,0
11.616391381700112,78.09031548676488,8,234,0,1.9744394512478252,305.1924675187016,0.5679903841180169,0.6830737757090835,31.814095700371816,62.92508542586214,11.298767625698568,0.055700822987729735,0.03967909217204799,0.7170370094260172,0
12.63804311005088,79.65800708066669,8,231,0,2.4718271778669147,321.1646133634375,0.5520545607027103,0.5609314083253865,29.183952082631336,63.25486164924876,10.56547903660667,0.037636809144167886,0.0007825328504008147,0.4676147456854862,0
12.548189665731421,76.64895700437653,8,222,1,1.2011716456566512,303.4735675831374,0.5461876120698798,0.4538013068745445,30.984276301046847,63.013792799202456,10.598416683984395,0.060430400144205754,0.025870538277333315,0.6240281509239173,0
8.275752362661533,76.18334470305416,8,223,0,0.7264930456939909,319.4723580432531,0.357335578979028,0.35162684593943316,33.14407276475639,55.60015971470959,12.584090900907679,1.5172539713481382e-06,0.0,1.0,0
10.539739927045487,79.21049674431754,8,218,1,0.8907229555451965,308.942297838073,0.5280419513325995,0.49343596979159016,33.21883985497394,50.405677444732476,12.767476942523853,0.21689284436681142,0.04866863082370712,1.0,0
8.115186714647246,80.5756708435889,8,230,1,3.4320666764391174,315.9245130130512,0.3615855069172327,0.38303426857594736,35.53302816991626,57.93653224633921,11.955476397387828,4.280441509044838e-09,0.05032939015903845,1.0,0
12.973674292531005,76.43607176736022,7,210,0,1.8581740811800027,321.8478329194177,0.5119443103023587,0.3753105674540913,31.639084235064406,53.29562540188501,13.466063957580154,0.011276291728516337,0.0384238809066995,0.9841687315545244,0
8.9738740229043,79.97595429147216,7,206,1,2.6442935079062146,318.7415683219862,0.6087999643605817,0.5376896926015069,35.316780883005876,57.145034906897045,12.120291597825105,0.001840176830268634,0.03606963383543025,1.0,0
11.499298292938775,77.7723328075577,8,238,1,2.0595554565959806,319.822586875163,0.4003617832826754,0.727469766738435,30.161535319651442,65.3868200937936,9.484376618715467,0.027972913425831185,0.06832775770956605,0.4679187105548429,0
11.195462879170242,76.0772319083483,8,227,1,3.336509007496328,306.26757768248024,0.7167090962896852,0.3922057712216879,32.241222522870125,56.79138295772012,12.28468299308433,0.0004169409226208903,0.034803345202763916,0.9197452658237264,0
11.502964834000048,78.34610024766756,8,241,1,2.033979468589145,308.6801904870492,0.6022045959837585,0.4594999999987143,29.924265715824276,60.58590611134802,7.632577307790704,0.12192164434185508,0.04138728503355733,0.49696449249052665,0
11.155133087855885,77.28272935277417,8,220,1,0.37330125168652284,317.58700849295184,0.43703945423635654,0.682031264026622,34.29163074939115,61.385758720988896,9.695820114382586,0.06005510547151045,0.06259762905244529,0.907613413890632,0
12.007296593253002,79.18965445099282,7,207,1,0.7919387741326123,318.65363007891085,0.5076350671121383,0.5107318585401113,32.7292746964349,56.683886790199615,12.371892640808635,0.14067940469789944,0.05028635485451724,0.96553038550152,0
11.506215809729733,77.32402086320143,8,215,1,0.05306166068808471,318.96125442242106,0.38876290532398905,0.6535214924948812,32.57917327699501,59.19973988885288,14.557253406716567,0.01213217337069106,0.01159288701484258,0.9654066111794126,0
8.50568138191656,78.21582056779201,8,221,0,3.3260971322389103,317.7625915537029,0.3588253150662116,0.5669337323010514,32.27973488177723,51.203018735534464,8.56596026230708,0.17470388149694363,0.04889755228011168,0.9309304153333218,0
10.053900525641666,76.92260015618326,8,218,1,2.6530913332307375,305.5589426698211,0.7163445920972498,0.5915725251390357,34.020892356310654,61.82164510191733,10.030285938197391,0.19656757687164803,0.09163492553487793,0.8858175741075045,0
11.06092324123405,79.80926808700038,8,224,0,3.036807672486662,306.93807936374225,0.6200736202893656,0.41445734549731994,32.922370600023015,59.74850421555758,12.390899798064968,0.062176078245445535,0.0,0.9141130750123908,0
9.821105585029791,80.2569847245933,8,236,1,2.860080938785003,322.6089841815373,0.6618584405923695,0.49091288235884856,32.284914726070845,55.92759837565338,9.59524017533916,0.0008678008978552571,0.0,0.8585364076373996,0
12.25785295491855,77.85534446939573,8,215,1,3.2979187549467888,313.2926491618879,0.598869139135964,0.5987021760941957,32.46722525658327,58.94902415981933,7.906114334926784,0.07395741391451034,0.05297288674053686,0.7538009741301938,0
9.780227204307954,78.06484814981272,8,229,0,3.9478780124690114,318.1068096306569,0.712706211043371,0.36070727862750607,37.640768167932244,43.59134448228943,10.785330684251635,1.0,0.46819353108023687,1.0,0
12.640631376097021,80.52034489677304,7,212,1,2.6138853196422915,314.3806963094261,0.7083675283942668,0.42533060589655364,32.90664007010088,53.58973089084871,12.540549995937287,0.003134209365469657,0.05536590666506069,1.0,0
8.82170883749631,76.65373119293345,8,226,1,1.0090624118417546,322.1880447659236,0.37326342100366644,0.5045978434910795,33.554156153217384,57.76692864085384,13.97257704589055,0.00728857300861639,0.0614704363370113,1.0,0
12.308598363920899,79.71964976711418,7,211,1,0.4055601688393766,320.8507636343116,0.42578799343128193,0.6198378355115428,31.339057417778942,61.37955132021486,11.085862493467666,0.14472138326807174,0.012967227175903664,0.7051424028421129,0
9.027406468397057,78.6094815869111,7,208,1,2.35899171357861,306.27299499253496,0.5083159576847578,0.5538355144169445,36.67007207608505,54.43917858726803,8.75669286316218,0.4125149374496941,0.1045902031793616,1.0,0
10.95688557030811,80.05137833615926,8,221,0,3.0830282451232507,321.23302732694134,0.4864358218460498,0.6374928530963977,32.868384880124694,53.9431580957464,14.0277684410484,0.03057729994917332,0.07505624915506996,1.0,0
9.794936488597967,77.3451713062038,8,221,1,2.2462868568051184,307.2009446107275,0.5602290126492895,0.640744818148505,36.17109918808266,48.137814071420884,10.057602056848154,1.0,0.3148465472800084,1.0,0
11.56907284147142,77.36232664461357,8,215,0,1.214219072219798,310.5835308343359,0.4566127206877934,0.3624218953576952,32.61051301350864,70.73343871453918,9.055859563355856,0.008427890605907177,0.010829918145518976,0.5397952799352752,0
9.191346295112945,77.49877176105487,8,223,1,2.8789393916229438,320.4296058748537,0.6689836471826613,0.710684965305679,37.01628649470184,48.150813116099194,12.053633195276701,1.0,0.45418157350622496,1.0,0
12.454294506770598,76.0765029786856,8,234,0,1.7918899842786584,307.7764578081362,0.3529975392552499,0.6796860608571381,30.42674884032481,64.91163838042368,12.674457543593284,0.001986909315526798,0.012201134343065908,0.600269459810498,0
11.212069651652065,76.78150733575907,8,239,0,1.1463564051692972,306.9785260365,0.6666052329919365,0.45842732773620876,31.605958520629127,64.77467175397622,11.498613516008069,0.033321707619461446,0.06564306354321515,0.6648355101170966,0
13.360729662918974,80.57509854915119,7,206,0,3.364337952097644,316.0477643855021,0.5073481106325228,0.543809968079461,31.791300604887308,53.36174172075702,12.30293345166499,3.3454184867831553e-06,0.0021583374500189437,0.9590363491994285,0
11.98591384192845,77.14516343940609,8,233,1,2.306075124472828,323.99223269793544,0.35205400349991023,0.4732599806156755,30.255869132008122,70.97735766473788,11.109734432738456,0.02008648863596041,0.014840949077676607,0.4023381250295785,0
11.401415021218206,76.09161864969894,8,233,0,1.1337919915451597,303.14536754619473,0.6888257075763062,0.7126568636559899,30.644180047972192,57.16082566460905,14.769280422705794,0.0002238413856661572,0.04376531812569889,0.8560922246603709,0
12.643288666499512,77.28128544457708,8,223,0,1.3144173372756751,316.82545551647286,0.5287017988531156,0.5031275966158462,32.816202041102976,50.085435794408696,9.390256781909306,0.16175119652443212,0.05806529956644193,1.0,0
9.23022237946595,77.8785947727291,7,204,0,2.2866604615390447,312.64692930972524,0.6398906571876117,0.5084212531143928,37.812553535280216,40.76521265915012,10.66817139082089,1.0,0.34580247038127904,1.0,0
11.54335778084096,78.51982148469897,8,230,1,1.691694375967809,309.85481976740886,0.7013794898002601,0.7147648149921352,32.01985626441972,61.04096337648975,10.535490137151088,0.11620143731567627,0.0,0.7522006804545095,0
10.186261557731168,76.31540369138096,8,233,1,0.6420764725376045,317.9966099929876,0.3637250972492304,0.5902775578615888,31.806908078289645,65.93769098050325,12.765325915809695,0.003351096892258545,0.010395287488861493,0.6953211973820068,0
12.165229483220054,79.63597303064192,8,214,1,2.4418797295683197,313.3160719058306,0.4548648206783381,0.40514784649637614,33.621312807405154,56.7715519171888,9.976971219268847,0.17809257721784325,0.13133532261752723,0.9630774863928299,0
8.13702869315109,79.79730583370646,8,228,0,2.7564402642089814,319.1474675529935,0.39755663611064457,0.6004067364378627,35.00134136370433,61.38463073649751,13.090465266993178,2.066086601096134e-05,0.0,1.0,0
10.39518774055072,76.98053866280982,8,213,1,0.00043518513373808076,317.852494673978,0.38920406415824016,0.6677790975364912,34.17438319311405,60.825131121159906,11.42681055107872,0.14131830683538368,0.07210212156100969,0.9643946264549388,0
11.649530650264348,79.6727236658809,8,231,0,2.1474772643735305,323.6428556144311,0.7282564367203648,0.48513646677754585,31.331187489354846,56.83741014027629,12.476174082968273,0.12795404780219652,0.05913010608235231,0.8488702833106336,0
10.579580284076098,77.66256377422978,7,212,0,2.3086459195302673,319.46078036472113,0.672227751706236,0.5608022193248084,33.57653368346656,53.985252606067036,11.198362209592776,0.16208131762582872,0.04054821396070762,1.0,0
9.332640935997006,77.94630681826011,8,229,0,1.3282562169158725,301.6031951382863,0.495890064001879,0.6007366216546707,35.428257563983806,46.56164106384827,8.900483749986098,1.0,0.5711843717411157,1.0,0
10.60035580940484,80.30738596984447,8,231,1,1.3549250361525353,318.709903093059,0.6249172171215007,0.5541666860239824,32.247392381035766,62.67450021427617,15.3491158010068,0.008924115735164401,0.01363122468737715,0.8852870068838614,0
12.758569342741346,80.10276019841608,8,241,1,1.2706355293172833,315.59287728499083,0.7177781095139866,0.7496498037877313,30.66114866968515,55.25801131421974,13.453760739316175,0.012487962585208297,0.016083357256039585,0.8586810497058432,0
9.15829849686954,77.72550928067625,8,241,0,1.7813122733119435,302.1549684054467,0.4383253975495159,0.5527171388291121,34.51853855554918,42.93930331600414,8.379988259659793,1.0,0.3880118373291278,1.0,0
10.056164116326002,78.24530740632397,7,204,1,3.2477595154371994,314.53174148443424,0.35566029502993435,0.6073491968944034,36.68691313661656,46.14993865093729,10.072211317310389,0.7898483014328239,0.22117032437020587,1.0,0
13.545878920400714,77.31800942495177,8,214,0,1.8761042683717148,318.01928641362093,0.6796433364827767,0.6674357746247188,31.718476286954466,58.509289542106615,12.149314247422103,0.00509059673435127,0.0445943218220614,0.8337771043202216,0
13.111776145786516,78.37099758840384,8,223,0,3.974594826724243,304.7326683178653,0.639079331651222,0.404633273786701,31.558270272181726,65.69462148242785,10.122089620959493,0.005669756943139805,0.0,0.5974017903939536,0
8.190222715909272,79.13677635304073,8,228,0,1.5046346990673318,310.4378795513658,0.41410291016879563,0.367564127992116,34.52911774797787,57.04653608799268,13.110836707249371,0.0010754698951927814,0.046557387169188315,1.0,0
10.969859018571281,76.42627140746791,8,232,0,2.797049024669221,313.0196709178538,0.545858338194041,0.7391959435029076,31.58650239720204,71.01635983511814,12.950590044756048,0.010748475729949667,0.02685148919347688,0.5698842534406157,0
8.366312950348147,80.23126918040816,8,241,1,2.195862685563054,309.91566524630014,0.414173554017974,0.6429036599005881,32.40753718681176,71.1449639092663,11.619442982161727,4.107134111210678e-06,0.03662211983825525,0.5938476052209496,0
13.17386757248318,79.30682025346552,8,224,0,3.049154484490215,321.0241152708306,0.5910455447316599,0.5073127902096565,30.96309210022606,58.258728547005155,9.079756429669946,0.0001819648558220666,0.09183828815260167,0.6804727624014651,0
10.472651511036172,76.44506234254324,8,223,0,3.553458276039053,304.0536769301655,0.6090279781287495,0.3570675182977956,32.56649162478325,61.56763452905361,13.426332359563247,0.012740757596969954,0.007040015777074328,0.8763886432115418,0
10.343247221996808,79.99734936310267,7,203,1,2.04673317248127,318.5173332613645,0.4606730830056017,0.41655988038309366,33.72370272491586,65.72163633709617,12.736248872849858,0.042089392112566064,0.0,0.8589466413062982,0
9.528497778300139,79.42094118471702,8,234,0,1.9779168367145852,318.6741886209136,0.6623348507668514,0.3538991170731851,31.806891061070463,64.38042257075787,13.199817601127176,0.08576125431035753,0.04232744757099286,0.7435036091075878,0
11.18538629019606,77.44038335743065,8,235,0,3.7708761195740794,310.7527190614238,0.539438539569657,0.5085829065025602,31.657372309292725,63.85779255602042,13.138952435915234,0.044395423920675865,0.04145513735207351,0.7407556770407355,0
8.811992848763,78.39859220617024,8,225,1,3.734638290520055,312.94747180562354,0.6325431645182038,0.5719421340373282,31.690389457323246,52.64569075232144,8.935301327256953,0.24988773117520827,0.10624066924630649,0.8613008267576849,0
12.474148002999064,79.95660103227246,8,215,0,3.987986918372909,303.68549878351087,0.6059244725693138,0.41423328043796803,32.402906695172796,54.720182714056186,12.504699029704291,0.07654067934935171,0.04290142214370068,0.9861211200747435,0
10.750777931140869,80.45337786621528,8,225,0,0.6259036611511797,304.6837817308957,0.5303035728442458,0.6059429238839115,34.755885737945135,57.1631449901419,12.281918508108236,0.002670920274381654,0.0,1.0,0
11.172192191359299,77.2929560213591,7,210,1,0.014274894541109973,312.7599554904508,0.467086904831038,0.7316965010104454,33.490334445963676,57.340703259692674,14.58641391424575,0.056148945934194616,0.0,1.0,0
12.708506586865315,78.9925676387057,7,204,1,1.7492412082924167,305.3923387904038,0.43172176154223085,0.7461801847930645,34.652865567600045,60.75101298915881,13.96714839807019,0.004022290413731073,0.0,1.0,0
9.036833133755714,79.9571358503667,8,214,1,2.9333606534401917,319.35516923108617,0.6483776129708752,0.6832665725997787,34.722735850036706,46.87082705185014,12.00716944893506,0.0025603005586641954,0.007972752402484129,1.0,0
8.981025210715847,80.54556750467754,8,216,0,0.2914240405151993,314.7892340011686,0.6067773908364458,0.5275535633164343,34.273834695246045,62.7869200023969,15.067351386043994,3.140315880012068e-06,0.01650319854829547,1.0,0
10.356489368071138,76.32530504777303,8,225,0,1.4944065286935433,301.3578882817057,0.4623767713412752,0.5689637512291619,31.9556511199851,65.09495412786478,11.839732627942071,0.00476823334513169,0.08292587894734108,0.6975191462249528,0
12.402318150689762,78.3166610427758,8,232,0,2.325837907150409,308.5890400401194,0.7368396691213952,0.5513227905354778,30.21612299495615,57.62016058978841,10.74149379157004,0.07816501111774614,0.0,0.684345028570945,0
8.327855099712819,80.01886250446161,7,206,0,0.850189700204663,320.6022223528379,0.6741355722869317,0.4122666901759797,34.131465811570045,53.61434076451112,13.423958331939636,2.4060078152468157e-05,0.03006743932397898,1.0,0
12.452953141832975,76.01452737177783,8,222,1,2.9245679911129443,306.6586571528069,0.4007209043669018,0.6917656684101456,31.848519687142698,65.84953435379977,12.912729359044539,0.0011450713086021444,0.0,0.7053542252031495,0
10.804236924114134,78.01128201018504,8,220,1,0.9181506199030052,317.27322932998015,0.4150253653447799,0.6203163747708185,33.26775277366822,64.69744144421749,10.569425486133644,0.15350689251001154,0.08947257317037421,0.775997467709195,0
11.145875319710058,78.68731413095031,7,208,0,3.362688060855274,302.2512033119049,0.5676191243492813,0.6051742464755803,32.47019011787528,52.630047097828346,12.05288133391549,0.36664525568104284,0.19656718033809722,1.0,0
11.160561254363369,78.42185541936043,8,231,1,1.393093350711828,322.332807694785,0.39095182019315255,0.43813246733459155,31.77627740950918,54.22524287572658,8.26719376506394,0.35000077306857763,0.10530909238208726,0.8124786364900892,0
8.314537378163234,79.37075435713754,8,214,1,2.3945937895884417,310.78429635201104,0.7357352020800335,0.4112637195072177,33.46057059022248,58.354807621936416,11.681105227358023,0.0014542476710898938,0.05150427029424347,0.9677530292748913,0
9.398716467221611,76.30140159998831,7,203,1,2.1766160284000238,311.797575254202,0.6052093620461707,0.6992105908138196,35.60951177502839,57.29559413065778,16.76063935938176,0.0014727407780907463,0.017216210948090525,1.0,0
12.229665728482306,79.61291692849487,8,221,0,1.1857868659104152,313.6759231495001,0.37646961469218987,0.42176557944888593,33.382900838796566,48.98970685195495,11.845438004535126,0.157293640258342,0.12357754240216008,1.0,0
10.308701469139988,77.30258446621403,7,207,1,1.7562864952374246,308.722376150403,0.5273942921449957,0.3794873871429012,34.71210536917087,50.78967542920117,10.065062637725523,0.3786900543276765,0.2044733348163148,1.0,0
11.138895100610384,79.7914551780102,8,240,1,3.383892367568772,317.40684722884225,0.4387873914738473,0.6002420804518758,30.01352937381717,60.992191291693054,13.048284962167795,0.053890605589023595,0.08082600926643287,0.6646154352926622,0
13.291264283348664,77.92964446318459,8,222,1,2.1933771425035884,300.35000557695145,0.5461802944014027,0.6317373029238096,30.20456438232153,61.661118163517465,11.20985464125191,0.016058065765329085,0.027068395844093224,0.6082190302099726,0
8.259121902577222,76.19742552229378,8,244,0,0.2223478433093513,303.89290242347704,0.44881019990069987,0.3978489641245368,31.371260675727207,70.71105897768204,13.358312099710638,1.5949097920593649e-06,0.048554302623783616,0.5714732210336237,0
10.51821004777339,80.43400792208836,8,214,1,2.8521291636852957,304.53170202264306,0.6827184617229844,0.43274376212759386,33.449394695551234,55.108211791281754,13.848646124788274,0.0029594885287841438,0.0,1.0,0
10.02313514394823,79.5905267362864,8,234,1,0.7298099911847746,315.24816441438713,0.6384396838566935,0.6655055180246157,31.880218354947544,68.33693361033723,12.865217813272562,0.05691940679281758,0.01731636293315565,0.6512355060140134,0
8.596116786690551,77.5999537484988,7,202,0,1.944251054027391,321.3744195498111,0.712631260712397,0.7218340798938082,35.237218725828924,41.64166459998904,12.584933818798163,0.279037239149606,0.228674671191624,1.0,0
13.32444835305487,77.24212589380447,8,228,0,1.8741555228284512,301.527353795552,0.42918304589588685,0.5405954868159281,30.428081814928195,55.998294891178645,11.852166474999468,0.021609779402070033,0.0,0.7727582448948909,0
13.384173702591843,78.70923315087025,8,215,1,1.9459477142011146,320.4590063993388,0.5041568949398064,0.6668019891409601,31.08974150050231,58.97867405786527,10.15563776249931,0.0001093856062464285,0.006975986591216072,0.7086493816118455,0
9.74433366346068,80.54155517298999,8,213,1,0.12405602530397575,319.6683262980607,0.6721866188069143,0.477760047151632,33.379114881932374,56.148114136099295,14.414081283177387,3.7593159007089014e-05,0.0,1.0,0
13.301613019858841,77.33476739122683,8,230,1,1.0895540768056997,301.8390158918875,0.4995386402621788,0.6312935762936045,31.363691512418036,56.830461414618696,13.509712100639467,0.028457742651756365,0.006851971943547395,0.884031431077182,0
8.196972197655999,80.36204713703229,8,241,0,0.20294189087557823,303.43748217069407,0.5016353532485862,0.5728881837685875,32.904031672504054,68.33667810525029,11.84962841094026,1.7479556183504753e-07,0.0,0.7048217915449924,0
13.493017545882731,77.5197807502455,7,201,1,1.6598268104835663,308.40108778153166,0.7444153773559558,0.687284365431397,32.42238733560368,48.60328117329879,13.37994585883198,0.008993544675425217,0.003880521342746024,1.0,0
12.681219291888521,79.23884972018587,7,207,1,2.485346909144862,302.75207074452226,0.658345274764045,0.6603604383404942,31.939413699744506,50.81615075413745,15.308842183747386,0.008769750057337657,0.03214529888138768,1.0,0
9.200249236542797,77.75597804584338,8,222,1,2.616296502837137,318.1988672424116,0.6943270046923453,0.46365435271430144,37.04520460913479,45.06886069663002,13.19696983117483,1.0,0.4952778902198666,1.0,0
11.357464062033696,76.39124023043978,8,219,0,0.25819201463810204,312.0976635303477,0.5127891344447849,0.4097820883796551,32.47201460301469,58.72537870914756,13.979108794092317,0.0030316238053425845,0.0,0.9489510620855524,0
12.470476429268096,80.30647108182113,8,226,0,0.47555641985975594,309.8583505988765,0.5843674091879854,0.6730627090297546,30.74645634137365,59.98817465909324,10.960284602579632,0.02474247571175299,0.009252963749010416,0.6827541520763458,0
9.788074198443562,76.75406877569634,7,203,0,2.6460271146514813,317.398743006235,0.5302214282206915,0.3631170283980854,35.052074855150124,50.74849278402985,13.315500826317999,0.10488419013961386,0.10277209816539065,1.0,0
9.981010035719846,80.34558075278895,8,220,0,2.12475059821359,307.0294889535424,0.5301174319638282,0.6216155249626996,32.56907070078644,60.39886196330721,12.981661231639494,0.0010436820499032363,0.07158155057975096,0.888680317147444,0
11.52224754332039,76.47521139927274,8,215,1,3.333648032914296,320.91675396275184,0.4010796542747085,0.540365697654855,35.73616526925243,50.49730944737669,11.262681804355232,0.002340466865911607,0.0580929428127672,1.0,0
8.823726685227252,77.22795824679989,8,239,1,0.8205686688573675,315.6952017283394,0.686853140560923,0.3801197222507289,33.61461267725274,66.15971712869884,8.967021882048865,0.20542965331177554,0.025658955978672727,0.7223323318362251,0
8.661979414445488,80.23624809399494,7,207,0,0.48136915030553284,308.3161274890854,0.5062169734688359,0.6254244888693183,34.899409861747415,58.46970138316277,13.72528268255249,3.529135613213936e-05,0.055691088328199294,1.0,0
9.398909557468777,79.02928796937483,8,214,1,1.448096584549388,312.95694456771673,0.582729757585833,0.5431496347194762,35.222648316027794,54.15917573550371,10.199985629297068,0.40099485088993997,0.17698617111392276,1.0,0
12.151054573943375,76.8716238048718,8,228,1,2.5482685399730864,306.2267634262654,0.6928287384498493,0.6940405320977385,32.66179376824067,62.98098677146079,13.081909949900034,0.04128370396505534,0.0,0.8421594605886366,0
10.052955667904717,78.7236292326943,8,217,1,1.9438689654214136,323.63953777828004,0.6593909012067198,0.4334527716442817,34.625830135212034,65.68100596841718,8.942899888117417,0.2816120732663663,0.19341528527109733,0.8164846668065125,0
10.841206041250048,76.82979955696355,7,208,1,0.3943730643915959,310.4545038394171,0.42929519081582107,0.35091982873393385,33.41276610482527,64.6703171018405,15.158299857770633,0.07759213773387034,0.059550978364439275,0.9320869992498717,0
9.094523118122183,80.02243351128357,8,241,0,0.285168355705697,321.52257966444904,0.5974045462427389,0.4021947271447595,32.426594037673084,61.492158605354795,14.188812023026822,0.001631199752329312,0.010684206588526386,0.8902352431844609,0
9.086991737157602,76.2292115937572,8,228,0,2.7107745086354265,323.4724909745922,0.5482924357086192,0.4578440131287542,31.495221326274827,68.4767118257211,12.432179225435974,0.0003061416512365371,0.02335009613551032,0.6025137818573076,0
11.642527051714936,78.43697740977649,8,215,1,1.1878728456668939,312.8590190393736,0.45406086063819795,0.6108977473661581,33.488847616602854,60.05234079494274,11.933392660096716,0.07650864875843305,0.07117211861876789,0.940270471012866,0
8.60690141046334,76.29197591881552,7,202,1,2.6779298840687824,317.51989368232836,0.36634316140403855,0.49505729100631823,37.15783166239079,54.115430886651026,13.446349663378328,6.348477167811226e-05,0.05475447973825613,1.0,0
11.739908072411875,79.19710465491107,7,208,1,1.1796595323066237,313.73392288658897,0.6019165232090642,0.3972987653221177,33.09074072144356,60.58217254362709,11.74636708949346,0.20152973284080275,0.11545035422358983,0.8894763084752542,0
10.243930373153875,80.30466728189086,7,204,0,1.25917684737417,302.1976231867373,0.6619419659485922,0.7426293852678659,33.78694309262713,62.426325523578974,13.269552993899673,0.004550569796469403,0.0,0.954111554920982,0
11.759117116258704,79.8229056684896,7,204,0,0.8392589256533949,322.8580332628165,0.7266873646812881,0.393290978084599,33.42939871658975,51.52387206953427,12.476971919904996,0.13449070417749082,0.04266205808351988,1.0,0
10.137685071286736,77.70994799570212,7,204,1,3.9348678460922573,310.95927482436633,0.4919935034997839,0.4920481372133294,36.49746478078696,45.939962453284394,9.621351339342135,1.0,0.23488176749318349,1.0,0
12.73789222843719,77.0897625652069,8,240,1,0.06428116037424303,321.4575149654767,0.5096868606141982,0.7006417025966902,29.74026592577451,64.17651974081909,9.991100088667864,0.13254293268786418,0.11985686864912837,0.47554359956721115,0
8.311114547607664,76.55672646497966,8,242,0,0.5090097354465395,315.73452830252546,0.41520225216995776,0.6110461494340589,32.78375393782717,59.48070432384064,12.381523083329096,0.00015763932349182895,0.0,0.9082197728653955,0
13.00246494614819,80.01867034195965,8,223,0,3.345160723766944,302.5245813848189,0.7438464093331576,0.477919164736861,30.855360785904086,60.66768047603593,13.307651753780547,0.0023306800228916117,0.0023501859030444125,0.7500846166635173,0
9.504502592533333,76.37310199361809,8,239,0,0.5526469362420845,310.0092713031915,0.689834798522657,0.7381387118574833,32.21877158562019,66.25384248034368,11.150464724556464,0.0036137078379639026,0.0,0.6721531552142124,0
8.238236375806697,78.89261428125772,8,238,0,1.1227875677642927,304.70035571269966,0.7330414915891771,0.5504394217230933,32.75150582430729,58.30540768465143,11.801634434616,0.003970248922423974,0.0,0.913528612892881,0
11.149464762540223,77.68943035968485,8,235,1,1.0511398731106363,304.07663674770146,0.5481388552501785,0.3532439583478096,30.33870209549254,70.04579070041748,12.29551306754551,0.05082110473898494,0.06904370261554059,0.46699794242034254,0
9.25638369013414,80.58058026450642,7,212,0,2.787942329031526,317.16212984840143,0.43391255367497017,0.35246533446053474,31.756946440661302,58.353877305164275,14.680040660964384,3.176873012192474e-06,0.004043985287208145,0.9195217561510394,0
10.57153748983107,78.34058724218438,7,206,1,1.6448047121592961,300.7204796957151,0.5792738214921014,0.726403731834696,34.25566872155071,48.37882442766344,11.492828442333963,0.2582082479009993,0.0,1.0,0
12.492959553947781,78.52443836863569,8,237,0,3.362351290523957,323.1873736534555,0.49883676632355045,0.46247225219031507,31.83059892309859,63.39041618017542,10.534079242231435,0.04433550563081862,0.03324502708695444,0.68417508257405,0
12.43266186018965,80.2222884110683,8,215,1,2.989708782956296,310.79816102270604,0.48914577232416134,0.6748259864144273,30.237459908139932,58.2189642317417,14.001908466675811,0.041569098493849474,0.1008428201423121,0.7747043156676868,0
11.362159451187122,80.46032975495378,8,227,1,2.124405324831265,311.75418434540956,0.38294571360923874,0.3674240087538269,32.06733246049471,63.19515824972503,16.549606674342442,0.0020291030180011817,0.0,0.8962271747316488,0
13.476082688482824,78.68472772103488,8,235,1,0.9962471024762971,307.1862935033077,0.37925968588080483,0.4087668437125024,28.011568201776328,59.83169933310862,9.068514749676764,5.3532510367534084e-05,0.035996654087802525,0.3992062286730125,0
10.597006133377581,79.6624375438148,8,217,0,3.169675238144126,302.0547857474983,0.5015194211942041,0.6927118039359492,32.83437269753856,53.96652433736485,12.07943136523487,0.17320240780369045,0.10304535993792731,1.0,0
8.220574985986955,78.91992704589885,8,231,0,3.4639622163780266,314.11782428067613,0.7204794175925241,0.7476365267362128,32.96307185792982,59.18817577932672,10.933665594310655,0.0030951186480147152,0.019243118650621213,0.8844180206646546,0
12.588780838938652,77.96604213437064,8,218,0,3.34513004443442,308.2741079641303,0.6392094841916892,0.370769172596108,32.22763441424709,52.15698608564429,11.004100321125714,0.09570139753228826,0.11622605963208976,0.9815813120970076,0
9.23924567231842,76.2636506434636,7,207,0,0.20685507044600815,314.977742785066,0.6542234320703821,0.4170547893475748,33.93041572135712,59.35414419326072,14.993314905128141,0.0007094436660493846,0.0004500247218615191,1.0,0
8.986937330383338,79.3016218182922,8,233,0,2.791834731421759,313.3384753873765,0.44371627058211116,0.6391647563207576,33.359386022969346,55.959641911699975,9.106048381176366,0.11547153282036975,0.08541972107386492,0.9320763602325408,0
8.392055563012352,79.22120875285898,8,231,0,2.815754545128308,305.2058603234255,0.643811844433084,0.5618011825133994,30.536645213401076,71.64201124356819,10.12081833546899,0.005228154078805569,0.058131472191648374,0.38006242424309133,0
9.836239684376377,76.53683061076813,8,236,0,3.7723021595846844,311.07969413778306,0.5125276505563789,0.5123864184458164,31.293789073520706,62.28521044141113,12.247206042141375,0.01740254688345674,0.027686957519167263,0.7175362684678406,0
9.826490215503451,77.05831682479928,7,209,1,1.0539134669161339,307.39351222535004,0.3737562441892813,0.4277870151808598,34.211635356772156,45.03697980623818,12.876755547663363,0.6191682035725039,0.17701352578034393,1.0,0
9.695520579012133,79.36778965962364,7,208,1,3.145387318039702,305.75337794942794,0.5079254270073221,0.7281741434484438,34.689386289977165,56.30858125624462,12.024247863581653,0.07526645156745856,0.005746903735060673,1.0,0
11.321880462704595,76.68867509693489,7,211,0,2.756386000649253,318.47290462312566,0.40250151497294756,0.4189074209867073,31.50395960090795,54.252726936748,14.62155492435086,0.016428995269499324,0.0,0.9877485150894493,0
12.208636148237392,79.17830115839058,8,235,1,3.514907884755465,300.285758207981,0.6914797851725794,0.45609982632209967,29.761994680324687,66.76052103355771,11.367472700487017,0.07589625983886371,0.07742370363705534,0.4629437222826608,0
13.251493624425098,79.30269507954243,7,209,1,2.7732321212564925,306.45318860700297,0.686117625789963,0.4797192496838947,31.674143508068042,60.954803176620125,11.438533213108741,7.621503070295618e-05,0.034243981177094075,0.75352605132376,0
8.526680440608827,77.62538173732366,8,221,1,3.4098181469337816,312.7460564081277,0.46498757131997015,0.4054332785675917,34.77869519027704,52.934823005687726,12.12361783719001,0.23855741165882044,0.07308502633789499,1.0,0
8.842138261933624,77.18763650898536,7,210,0,1.4383013881479783,311.427503722331,0.594768921110234,0.5644932224936741,35.32431695823193,55.36958321836267,13.75809233842488,0.18887306195166143,0.08747407130224755,1.0,0
11.303118058937576,77.71598129107662,8,220,0,0.6304976829284095,322.5639678460695,0.49550388734290424,0.4865300302907436,31.43898889503204,57.81087690490186,9.76901013663569,0.039152290810953685,0.07192525617713114,0.7516222656913828,0
8.549559325712657,77.65230445840731,8,232,0,1.453408138583697,320.24777955017385,0.41169046973744594,0.5931390002142489,34.860325551584864,64.60373418850105,9.556915255268406,0.26612022140974484,0.16418269351166945,0.879153304614742,0
10.076279993867873,78.79229110624108,7,209,0,3.2602067553809784,318.0384630525182,0.6097629245634478,0.4971432350740325,32.95903936919095,51.583947091705774,11.48372984800347,0.21656637932631964,0.09758988076848005,1.0,0
11.497492491057807,79.42170217870677,8,235,1,0.526599910714491,312.33787519848863,0.654042657324369,0.39656941161124837,32.394780016053474,53.965832898122954,11.5849217719308,0.15056106366842006,0.055859285932164736,0.973464186752339,0
12.371052179417624,79.96406212031167,8,223,1,2.5517807171803115,310.2937615772192,0.6598890964263012,0.6990389508523248,32.30526708160404,58.704073746871394,13.136406351755435,0.10664803775584904,0.13456652191867668,0.909194427584441,0
9.218556009764978,76.13796450640973,8,214,0,3.950224220738523,300.8776696458911,0.4096882343572663,0.553860829252913,34.327639102744705,55.37479601260397,12.883351271490694,0.00014522684120467537,0.03872410193917146,1.0,0
11.740719158943266,79.3421371638991,8,223,0,3.5800595031821767,319.72003799133165,0.5550314073980553,0.47874019599346845,31.797438635783735,55.66196256232457,10.975787143861217,0.19995952916725854,0.07777913890359735,0.8669585109537616,0
11.616870128744395,77.44525568413013,8,216,0,2.684733313315801,310.3371096998907,0.3595597428797801,0.35654590090983146,31.687913258726944,51.45315324072016,10.039583107990449,0.006782046276588224,0.02037909757524303,0.922104116113721,0
12.813850307046561,79.85775324926817,8,223,1,3.170521307312648,307.70321740134375,0.38606779905139904,0.5891385883533069,29.88850593883792,53.9154149190599,12.700944120655892,0.0132682769463911,0.03933981967804952,0.8006041115834366,0
9.756985976278346,76.34829801480865,8,224,1,0.4659058162624867,314.55922511866277,0.3824204612341551,0.6630017319916789,32.848424937538205,57.02247267961011,11.356488303122866,0.0029168825430653843,0.008853262352341783,0.9362040558316598,0
12.200514443373788,78.53540274679611,8,217,0,1.9953350500542792,318.0993076535938,0.37287631742020044,0.6100245000868509,31.96779089749556,57.915086093166224,10.607779894397671,0.05427301749910194,0.013689905615407325,0.8195848944208635,0
12.21119924087237,78.52389851286846,8,234,1,2.127649693091966,312.5532316927857,0.48350773962313387,0.6650877259330235,31.014078609693524,71.84582729264756,8.854532025993157,0.05565516229236113,0.036360228977113655,0.37574784789457855,0
9.339489435151041,77.50195272600605,7,209,0,3.1307830385036928,303.5899962114094,0.49307184034126833,0.4119943351677678,36.25041732999662,46.38373554261176,11.622433854063726,1.0,0.5898365083303775,1.0,0
11.478483891447194,80.46341034782547,7,206,0,1.1303733828462637,322.1195152968971,0.6291481368280913,0.7386811914463056,33.81116960218317,58.168466617416435,14.076846811916713,0.0037109555989740073,0.044854322715543536,1.0,0
11.7809076909434,76.49184649537597,7,204,1,0.4259411457669078,302.70838775823313,0.481951888545501,0.43453331522503413,35.03908910757769,63.88200374933572,12.745690036646371,0.0019470454600902585,0.008034127418412652,1.0,0
9.536799110684733,76.62742727426064,8,226,0,2.792455370348668,323.26971915592185,0.4061583216710993,0.45671183982937497,34.254720538068824,50.777082890484586,13.92758719879469,0.04158497326325756,0.053995554280410765,1.0,0
10.530079974041978,78.96359415166606,8,231,1,1.9703765182853217,310.6194504463359,0.7287502523960677,0.5549318250995009,31.832227237535456,63.62292120352138,10.621503962279636,0.21657226778440236,0.11258282939635014,0.6818760196487181,0
10.44035527263636,78.36577643336081,7,207,0,3.3691762388748656,322.7189566614306,0.7001905615942796,0.35207821078947393,33.94855154204231,57.74089311393841,11.226829320990456,0.25902155877962874,0.14172940659526545,1.0,0
12.331653582877802,77.21654879133942,7,204,1,1.9259587741547395,321.95159423371024,0.3996903021615105,0.5269793952474074,34.23268175686086,58.38119919991681,10.845214595627365,0.0941309812809955,0.04606008278533995,1.0,0
8.003871033116964,77.39965026370423,8,232,1,3.3850831167533157,309.75041437176634,0.4951114799876595,0.42829011008512785,32.80496861083155,60.83549793578898,11.551246132786996,0.009072200613696782,0.0,0.8539349828680234,0
10.805749024157482,76.72230722006057,7,212,0,2.031340007273676,319.2006069726096,0.41723386039398863,0.649607247368102,33.418801021472994,63.26039704835324,12.425477763402581,0.05575310706160212,0.0,0.8785207752656748,0
9.032308555957345,79.99171503899461,8,217,0,3.1307940392916573,302.15454076384236,0.7336445709731871,0.6531013536726857,33.77368586929172,64.29927224170856,11.767103340067198,0.0018789088387770843,0.02759645210735847,0.864434196446775,0
11.62231502111043,78.61978681644257,8,233,0,2.8829807156790666,301.9856224625232,0.4923910368418245,0.5962939378561798,31.786599560171545,59.74993934581532,8.664453374254977,0.09751023681590346,0.015156159080685232,0.7029821458305341,0
11.810065632637318,77.12623905030762,8,237,1,1.0643301615205227,308.5429584893125,0.38924697076717374,0.5186740701280947,31.448775524176337,67.28652233276544,9.684719122672096,0.007507276139850876,0.0,0.5392338255367435,0
10.806308448684065,77.80973548546298,7,207,0,1.2375933003481632,314.63484240343604,0.6407375953319521,0.47409360677156415,32.42648717111168,55.010928507315775,9.973014610047532,0.09341008801447934,0.03035113647997889,0.9025100039940527,0
11.035365433992697,80.17075124980246,7,208,0,3.596782090076917,300.22370567566765,0.6346870064741583,0.680984789939605,34.23987434730614,52.04778656753161,12.19630455919465,0.012817117058600879,0.04991666582511997,1.0,0
9.764325858708945,80.07946934360409,8,226,0,0.9240285105200172,312.36420300023406,0.44641378228947665,0.552837447685492,33.09106314282611,64.6462877484341,11.672865702217077,0.0023128259168889616,0.03128869841682428,0.7968925873534793,0
9.754607004082079,76.31789077912076,7,207,1,2.790002225043766,323.41552568996497,0.47858474036804954,0.5485867143783374,35.79372283198774,57.308280284018736,14.266431758577813,0.002115701461872053,0.04424783492597783,1.0,0
12.172655535162018,79.00886063608662,8,238,1,0.5804805279892187,320.6026902864047,0.5160075589966905,0.39537315555306174,30.12372696916238,60.92866935947983,9.702885340584958,0.06141384441370745,0.06442216346940563,0.5706664285572599,0
8.737695657587391,76.70366738646072,8,225,1,3.020633484996967,305.57929487405397,0.45708000070865906,0.4373532191423663,33.347490039344386,55.148287420062566,13.52004297932408,0.007287416022887415,0.0,1.0,0
12.320418562282441,76.97006348152198,8,238,0,0.8931593983173056,312.6736502863218,0.4655550832705,0.49419571676733004,29.760284245357393,62.753260808502866,11.53361865579678,0.08231587555628227,0.08422304392916372,0.5570434743622573,0
11.668073816970782,79.97535492433352,8,235,1,2.376261491005264,304.1138104588003,0.6706361568074628,0.6295411371135365,33.093382514783585,56.97681555252383,11.053282724632037,0.07686695381808455,0.06855117114759117,0.9481566157650758,0
12.953058234070788,80.1178754603894,7,206,0,2.256973950948151,306.318243536712,0.6507402420906455,0.6881083964785635,31.467119019929964,54.79107725714989,13.681591593835423,0.0027578204491525387,0.01797202873071341,0.9433412721426342,0
9.456810276318866,76.38038281311216,7,206,0,0.8140570121340649,322.1520201234546,0.6270516847881946,0.7471441107319838,34.42702538599534,52.51739393294018,16.44034817342103,0.0037473962003733985,0.023775637171527343,1.0,0
10.834602690170742,80.02004731560199,8,242,0,1.9656132845027594,323.9466752342643,0.6247094227379395,0.5209728405810405,30.96419307348643,65.3585180921162,11.725710667287103,0.045663703080704166,0.06189219696419347,0.6054774790962312,0
8.2183412645637,79.35107034307883,7,201,0,3.5169921017716828,305.8214637148283,0.5587527722655494,0.5312817388927094,37.243732472502714,53.31080207788463,11.187467965855978,0.0006201820495403301,0.0,1.0,0
13.110036820306798,79.56826767102682,8,226,1,2.7221173926081055,305.08962895218883,0.4903685111844236,0.6564242164488091,30.188407573155885,50.287950499437,11.53084046720479,0.0008341306941555633,0.05280908086738687,0.8696404957089845,0
11.782192179803285,79.64235050717072,7,207,0,3.970617596396664,309.2126237841978,0.6382179781909614,0.4784907905700061,33.71523008950316,56.34929854344108,15.063976044212243,0.1695448755751646,0.0983518476454081,1.0,0
11.488101394800072,78.33327304999477,7,204,1,3.138217043984787,310.70055413644906,0.39654709501398755,0.5662071904056482,34.01603143688413,50.59021735142139,8.794807886131386,0.1275720613898413,0.05952825936451009,1.0,0
12.103059525524976,80.35577515774573,8,233,1,2.573821737212019,302.1419680231413,0.4064282020826768,0.6208069292544178,31.859406896609155,61.95565489014794,11.877880230209158,0.03977707914180044,0.08217579656046786,0.7604531121304005,0
9.592241597852441,76.92165417831073,8,215,1,2.2528082566216723,303.54500793449745,0.40050608317830383,0.4444998842818531,35.558707685378856,51.221456042567894,12.857180818650368,0.3441864771987066,0.04511864432241011,1.0,0
11.381617505012512,78.32283949458069,8,240,0,3.749714584114913,310.1958544181667,0.6430872207001295,0.4618359797541404,30.01896050842702,62.338120843089804,12.210367241720032,0.18372498531283463,0.09511130592828754,0.608973555492896,0
12.485162698269374,77.46534186748666,8,224,1,2.108053749410116,305.6500936335956,0.5866163537454847,0.4924762548756263,31.452634474902,63.00693287961066,11.071617871389947,0.13915878282197988,0.07423928365652882,0.6779979785091989,0
8.50564889034276,79.78318371689153,8,239,0,1.610691082543278,320.27843446748153,0.5300641517475391,0.5810739340117775,34.004787682812214,70.57714561762012,11.677118181526444,0.0007109914562290703,0.030908922152850786,0.7413723474599387,0
13.369374580025674,76.38042327579238,7,206,1,3.3379743174764136,318.0371174914275,0.5404925365715207,0.4581661813984899,33.26652466151443,55.119901763344224,12.845169985840592,0.0008233922879155062,0.05580431246612433,1.0,0
12.99456609400738,77.99492103985163,7,210,0,3.7609776756814064,312.87212234113747,0.6810237308684588,0.4332671130031975,31.030435278336327,66.01588968479204,10.356011375886377,0.04542064141327015,0.011892261226290668,0.5535863023624311,0
13.392905469874798,79.55799721872852,7,210,1,1.9156675676006847,310.38310365764164,0.3986719115865365,0.40980328630912544,31.748432343551613,54.49968271983785,11.689706640447053,3.253223098882724e-05,0.11917703632015715,0.9110130784802082,0
12.526751650576983,77.4367681931656,8,227,0,0.5489540944504103,319.9437072771358,0.5032977121382323,0.6737239591413751,30.293743240020977,63.60262026003669,12.363606253019418,0.15039604483024516,0.07895112189564517,0.6085608485189007,0
9.648142117660193,77.10619090764406,8,231,0,2.4334912728486753,303.98388824577495,0.6540664822002691,0.7043885989055234,35.00306600684483,54.31013523938196,10.169150816220782,0.8764111739096472,0.34172441665562353,1.0,0
11.256710618754065,77.20772611205652,8,234,0,2.9635290477162597,321.29730861281837,0.6131357482284281,0.7118887782920056,30.341410431108574,59.75835364539353,11.30180022767257,0.04469331925333057,0.03162125134523325,0.6647798231428484,0
8.672909564535033,79.2825144940701,8,215,1,1.4945443327337613,301.17785720084555,0.5240586885911522,0.6786534682445001,33.56890903400789,67.27682082950356,10.90235533565509,0.03148418175300278,0.032046501146925394,0.7541783386397998,0
12.223333697329913,77.31920030885863,8,233,1,2.9915154302585294,322.1614670829319,0.43973648385240505,0.4049156892704517,30.15570948481541,61.518686049970164,11.452879609398687,0.06334124608763572,0.01808966499019217,0.6149074770845451,0
8.860382129559756,77.8523443091297,8,222,0,2.1242053705691646,303.3314412567477,0.7285764853219835,0.3891007765218976,35.32466015536424,50.54481128896498,11.041329428464758,0.5602757669401214,0.1929271137346203,1.0,0
12.8542140355757,78.51007320222021,7,210,1,1.2054245216391846,319.49037705689204,0.5131677451426037,0.5496657316894993,32.96753272634816,55.627752970931894,11.097414628437145,0.013381993497777012,0.0006020602396225047,0.9690274238691876,0
9.347118934071743,80.32749636315478,8,214,0,2.51808491377131,300.4330818814627,0.7011340015614332,0.5585707812233327,34.282115637266436,55.095948998297374,13.476866656188898,8.614804213608493e-05,0.0,1.0,0
8.898306680784394,79.65399877547986,8,238,0,1.555790262065539,319.5618760898021,0.6611321920133103,0.6431292769840278,31.845673910485896,66.90866386244846,11.387518882889264,0.015146737813594793,0.0,0.6339180384652594,0
8.397064436669446,76.85229565543048,8,219,0,3.147302015821004,314.01769855535724,0.6946120132041198,0.43915230146248363,35.227004440315355,60.070647916224445,15.256649174212871,0.003804742635933644,0.06457189734583711,1.0,0
11.983644717084545,80.0621874696584,7,206,1,0.012320111667434297,300.4568220222119,0.356768797695471,0.7223798679431569,31.728397244413205,53.99528913071592,13.513147563143486,0.12559481351482432,0.09502682073046628,0.9775347621445363,0
9.04274115066813,79.88593019265193,8,234,1,3.272712463813246,318.5810342285819,0.5409565711919972,0.47397191719808673,32.45063879822267,65.64562030098892,10.77028072168354,0.004650382515136659,0.0,0.6931107212714126,0
9.106939747545631,79.4280327899524,8,228,0,1.2263011101230408,302.43737522513965,0.45377353072705556,0.5811235803653911,34.112438783170475,65.31461609210344,11.281982040242454,0.08934398898098983,0.0766863161330654,0.8549403686417065,0
8.950300981631559,78.37776748395095,8,218,1,3.838506253919922,312.9577302216696,0.45960854209009355,0.6956854429687153,33.03164086699442,57.47670645398147,9.473819850066228,0.3513734370544086,0.059759606899212725,0.8825445769200722,0
9.712452685823568,76.32114879418363,8,241,1,3.0366594704974537,307.9680945704918,0.4579361289297602,0.5593792433948981,33.339261681368704,57.91778207301116,11.019288210159859,0.00218483669769595,0.020225905538323506,0.9466738506146395,0
13.270784031119003,79.27292411039016,8,228,0,0.9641611390631564,318.22003827115174,0.5057254687383863,0.6514229779333349,29.809310620426103,59.07921246800996,10.615336075070735,5.4187872566841516e-05,0.0,0.6140781936479143,0
10.725081396376204,78.384373983945,7,203,1,3.915196634925924,320.4773177201436,0.5142818464612673,0.6496104801629208,30.921501246655172,53.198180740243345,10.93890058968825,0.33602819567017256,0.16739793196530178,0.8475617308658367,0
9.460916460112294,77.42496465876259,8,217,0,1.9983223679868867,311.1426408240693,0.6036160992592988,0.6660084986039742,36.10420846602356,41.83607884197808,9.468262983028144,1.0,0.4711849446611732,1.0,0
8.95418825434497,76.04571480008406,8,214,0,2.091695189058391,318.190565125367,0.47014582093923035,0.6744193060187753,33.16996261005659,57.79524584990122,12.012013736290038,1.773705642217777e-05,0.04939664030338971,0.9663112945437522,0
8.105847950350453,77.0628253115712,8,221,1,3.6380725363754616,321.9989983784892,0.45911085845033617,0.5069851789274626,35.50959352798013,57.71693159838934,13.267264366213896,0.003005790921008928,0.011824446329853607,1.0,0
10.043958823582745,78.7861748168652,8,242,1,3.6736122699271414,316.5408128993836,0.4942432810609997,0.49542249705048697,30.845659785071575,56.786911422126344,8.70869042123023,0.2365059899957801,0.06768423702942916,0.6917979705943794,0
8.61634425566606,76.516610297127,7,212,0,2.7875300168665316,307.7277716662596,0.6246057971741997,0.6713992400660544,36.12938159950162,54.59015059456555,14.123581202486744,0.0007369249362559773,0.0,1.0,0
8.15126717574731,79.01492605041388,7,211,0,3.913798558249015,311.11948990933683,0.35006847024979787,0.5818841571330193,34.63824336499832,64.9462734465129,10.143662658332849,0.0011501344732965922,0.0,0.871370328566919,0
8.576686353240664,79.77049160858125,7,208,0,1.3154812383496646,305.5199457632152,0.6487711828906924,0.5930853135337901,34.114919790800464,64.10747787833681,9.617432152024904,0.0012951409984717764,0.04882182725792366,0.829955228909999,0
9.783720491797474,77.46362036738675,8,235,0,0.9293463376077313,311.001800150621,0.4855875007969759,0.5147669003176281,34.32806470241265,49.51946157424483,11.632052776645601,1.0,0.4052315698975581,1.0,0
12.204836728054415,76.37713348149283,7,202,0,0.11702688578882237,305.90137149737996,0.5804959093003383,0.43064586346940237,33.129175244023,49.22314513384278,14.464452501982533,0.009429325988441248,0.026245758258544596,1.0,0
8.375123006543747,76.64261443596061,8,221,0,1.3853797539111499,319.373993396579,0.6546089168954239,0.5327722277025356,34.99118744120606,61.89122550811908,11.621098752931193,0.0005586431325347318,0.057989709483013296,1.0,0
11.80057397303686,77.64638108966057,8,230,1,2.4105333732483394,314.6380182543314,0.5543340670533117,0.7378585863076276,31.406806596993047,59.206097897638635,8.961016322629833,0.010756859697197427,0.0,0.6926856898840776,0
11.47503816128698,79.74179756268876,7,201,1,1.2215161996665227,315.1979036572672,0.6088604994123896,0.4663467516991906,35.69246884061536,61.514017200065425,12.91242251177658,0.07014793442143069,0.05293744845348522,1.0,0
12.939145150614012,78.91768211067867,7,211,1,2.318481028528378,302.6463189233003,0.7179762920532351,0.458803296549655,32.324241368412096,45.55794780422555,9.042559370131723,0.0011900806513146127,0.0,1.0,0
9.03032724744353,79.99228318124244,8,222,1,0.19354300865547058,300.03504738116766,0.3619465089579081,0.4023136702756269,32.29527809707986,62.69314128161323,11.324380621342366,0.001860554426157794,0.06481702814461476,0.7630902629155321,0
12.447899151802254,80.57436471810317,7,207,1,1.4163642585849243,318.94047923754124,0.48981153446959613,0.5424721764039309,34.8464551535867,51.56323860159805,12.326165399084609,0.00502733732697003,0.03731427208756679,1.0,0
12.84324521546922,76.93180453333613,8,234,1,2.992019625922778,313.01535397747864,0.7207416637197387,0.4654121583576628,29.084290054867612,62.89497937316171,9.302867642232567,0.08845115477495741,0.06453276030369973,0.4278503545440307,0
13.468311137249726,79.19617860668924,8,214,1,0.41730744076386816,322.35728099619564,0.6849719318816926,0.6248494923985797,31.023656091346727,59.41725960857615,13.68124806695556,3.7627049460138197e-06,0.0,0.8035712406251184,0
12.527876404907285,78.1459768202895,8,218,1,2.859349822622062,312.8937417357506,0.5967311925406302,0.40404983266750083,31.429715507681728,59.37057308629016,12.167973217219458,0.08170422415146206,0.10580208641096976,0.7911571645384707,0
8.693101924587427,78.26999908035538,8,235,0,3.053244452037956,305.1522845835513,0.4417211805592133,0.4489249930782266,33.62207786681805,60.42324742693527,10.503957469552027,0.24245322065271552,0.18021569928174924,0.8984607725597771,0
13.303922456915213,77.4976744563797,8,219,0,2.275046036467495,316.7634380461521,0.4822132151711795,0.374740419791836,31.65073119453757,54.585810314852395,10.70006458704247,0.03131321382159996,0.047822829688410506,0.8700310553375994,0
12.56395549570119,77.57555618899728,8,232,0,3.5443502122838786,316.82359152750615,0.6931825505066502,0.3665883618639094,30.377901246235812,59.14532635778105,9.4656372177564,0.1514679177936141,0.10827075920585255,0.6240634589571818,0
9.18902103294619,79.11089696262972,8,214,1,3.8182540489026042,301.5727824998532,0.6293085829127876,0.6756573890009433,34.882303739607806,54.75879845624356,11.227983057284321,0.31741457497471426,0.07544872323049273,1.0,0
8.925105443059254,78.85569341910167,8,223,1,0.13870993181484748,316.6476215357051,0.46426009186440104,0.71235124185021,35.160946521892306,70.29697983546565,10.634832471759811,0.2796920006370632,0.09265301215253557,0.8113733952231719,0
13.243919242242136,77.46511642488619,8,226,0,2.7163320962821627,305.10067734058606,0.40289820072209714,0.6555555341475154,29.437359757533212,62.27647708162004,11.242451136602135,0.043076727854190436,0.051569071664822816,0.5316293093328057,0
8.87191230619292,76.5454722265678,8,235,1,0.9486980098941178,306.10849477886063,0.6623081336416915,0.6960653880903189,33.54619316215108,56.03718534237928,12.84038970561016,0.0036018914531617124,0.0,1.0,0
12.351778958290886,78.65990992161773,8,214,0,1.6327332360193103,300.7539527101387,0.5804898718882204,0.38463845901480936,33.85748392374466,56.43751487487216,10.095567973629349,0.0364697692913323,0.07588634808241157,0.9938876067130353,0
10.269451823873686,79.40122318683846,8,226,0,2.4926171300387967,315.0569333465488,0.7353752759632096,0.7092537124718205,32.626548628734106,59.18177344977164,10.66125404541303,0.14116459839010678,0.09531440991923573,0.8480038313187408,0
12.05330948675945,78.56966023498674,8,214,1,2.849089081301906,317.56150544317217,0.5125964708521578,0.5364159345883126,32.21697476179221,64.40959516153553,10.235434544874204,0.050141640082673335,0.03997507653828083,0.6843920005314355,0
8.514367728933234,76.01679309790055,8,225,0,3.3607637189651047,305.53179991561205,0.48961078550247916,0.6574575291723397,32.11689606083404,58.66851942505729,13.18978733750141,9.80291490561004e-07,0.02537930175290173,0.8959550943651491,0
12.060326411335428,77.2986513573795,8,224,1,2.821547673134371,319.02093437167383,0.46630245718395175,0.5963029153670247,31.71147095953774,61.84659944674098,14.488858084365035,0.028872175779428008,0.06056011339636654,0.8321416296147526,0
10.866703712986851,79.58146496232105,8,238,0,3.109595975453244,318.28875086737577,0.5427520548770688,0.48994792643125584,30.284420872701038,61.15871389136362,9.528742734298149,0.16433605202925777,0.06242487775888715,0.5735035300304898,0
13.042118957897546,79.41572174427299,8,233,1,2.396284797437646,309.8343889960668,0.4790918569886472,0.45591961308780204,30.9219644961417,66.22799980810319,10.551731198499947,0.0010415136573258886,0.00833865671176033,0.5459497566737497,0
9.055031136566155,76.04788716169087,8,220,0,0.4682363348864995,301.63740389293474,0.37927623991481657,0.3972520649173485,33.46996505952157,54.44815130449925,15.84428940968965,2.6989567869883358e-05,0.0,1.0,0
8.612394036660008,78.16336267069681,8,235,1,0.08572125954117338,306.72444785934425,0.4748516231571261,0.5150604405924154,33.28602532737059,56.50544086229334,9.08361605676484,0.25717111060829445,0.17929135942616015,0.9131330932260426,0
9.098833671515248,78.01166359419156,8,238,1,2.119132195686117,303.97029957429834,0.437554373321225,0.5476410864518176,33.37301582990252,54.038843736079315,10.103730645961027,0.7127186157612457,0.3743719803554501,1.0,0
8.440022056596527,79.00049433093832,7,201,0,2.8621641918072,323.0116376910524,0.6761539985114235,0.7432460376975749,36.47615296900494,50.586468416115515,11.948238884006646,0.014852453432455844,0.10653627128843121,1.0,0
13.488843028825766,76.57490818429899,8,223,1,0.43546235376542697,319.62586234031073,0.44423701325010717,0.3649161905314911,29.89646846162902,56.36473594922263,13.621246223487303,0.0008287095951729187,0.017331584233357195,0.7755977396370048,0
8.687997105103163,78.85851007125844,8,242,1,1.7171837915024613,301.8810353141811,0.5335486284075748,0.5860596648876292,30.74380733741363,62.42292293262435,11.510423044242998,0.09812477835939333,0.05939692623708415,0.645619710858744,0
9.124765295330285,80.35582289274083,7,212,1,1.024709587022579,312.32304070182613,0.6190952969449917,0.5599979287713481,35.732134563624165,60.389771163119555,14.684564965416511,5.1094371698697045e-05,0.02978921269591967,1.0,0
12.53424018474778,77.71004785923014,8,217,0,2.2683722005476312,306.40527190981754,0.4096907490929784,0.35915847612418234,30.9385067323797,55.8819797613844,10.206475372754083,0.12983409478764274,0.06578314576679894,0.7664505883994424,0
9.381824615930004,77.55183952123488,7,211,0,1.5620110096953121,300.770831436173,0.5625129937743828,0.48189693240100784,37.39049550609585,40.483995831372795,11.451176860956668,1.0,0.26741404868575336,1.0,0
9.244842705067011,76.13005816611064,7,203,1,0.8058700017365856,307.7352305013401,0.6888747806554396,0.5191709692016624,34.295725193489574,52.333761185199634,15.673384252641931,0.00013974987264898684,0.01774134899803771,1.0,0
11.764934770283032,76.26401727119499,7,207,1,0.017570854957778437,303.06204705153584,0.5836323007064365,0.5477079046956833,33.36165936510085,48.70409306051512,15.126863513355268,0.00047716533523108333,0.04490774957964829,1.0,0
10.233085290463041,80.2852332558767,8,215,0,1.2861003815237222,305.3455685035192,0.5429545755876795,0.44338243439618363,33.7463060139427,55.6086762480845,15.23870798823209,0.005096375002003024,0.010895508657909055,1.0,0
12.678683261281748,80.48730849407796,8,226,0,2.0646485867452498,307.83697108628445,0.6855515578822049,0.3636400879589712,30.66365486007119,61.411631126207226,14.101068017654313,0.0031761284158612233,0.045150382888354386,0.7423711444196914,0
11.574308335710539,76.0259518220083,8,226,1,3.7168363320138367,309.8133708035481,0.728900770951549,0.46753724514392153,32.957793600699496,55.479678444331874,13.85142626069974,5.562668123653416e-05,0.02292144552178318,1.0,0
9.61400241567307,80.14312655717855,8,214,0,0.9099040595453158,311.2426188766395,0.6783941597613802,0.6845447369734352,32.69114577639428,62.373043794718996,13.310100366066314,0.000769132169187132,0.03234304980662565,0.8652462557008957,0
11.3483703434703,76.80021614113177,8,234,1,2.049020263854533,312.48473451279335,0.5133637794403019,0.6731431505137535,31.688034725172592,53.22854253302583,11.508990100905114,0.021125737275394886,0.05980592693271204,0.928580111461538,0
12.852185080668198,78.58225010581957,8,219,1,2.2659861378974058,308.88001834663953,0.5946772354677173,0.42230030980066635,31.91970855743947,46.723084516941356,10.848917264583083,0.010280316984404512,0.01690814107718433,1.0,0
10.041104579093787,79.11944824823225,7,204,0,2.596910627435944,311.96039018302145,0.5606566780120339,0.6085200662630634,35.52865073157945,61.81496904508945,11.696713999575358,0.09518575018420497,0.011473036158422833,1.0,0
12.124236040535706,77.65167006857867,8,227,0,1.3142654034978078,310.0286030260469,0.4713234490736471,0.7194589499094688,30.704252238212124,55.28458315853212,8.922114266151173,0.04141965632457479,0.025078058253035794,0.7200685760341874,0
10.328664690112062,78.43334522214529,7,205,0,0.3979272779599099,323.1465354623269,0.5241280515836766,0.41884307637940627,34.656888953579895,52.59090106182327,10.729550741259782,0.29227352480964075,0.15182452733973287,1.0,0
11.041211027559598,78.8866940655144,7,209,1,3.6854249607289686,301.62338089429284,0.6817067117776553,0.40147053608313854,34.65188200267224,52.85645496900283,12.299816703152958,0.3565081043448026,0.016729342362766325,1.0,0
12.108720155670127,76.89206097717005,8,228,0,3.811021715414378,314.0628321707652,0.47019193714681184,0.35885850670268116,31.67855970174282,64.46820358936974,11.226670058956655,0.03513541553442552,0.027901331215725595,0.669197779168303,0
8.338953279335126,80.57358045929413,8,234,1,1.752924552987683,304.6475321131339,0.7058228228462453,0.4189645858784927,33.12537152432523,64.93043292001305,11.178900328502044,4.381545561317392e-08,0.02597094137226999,0.7780008640702794,0
10.54771732511347,76.93785644369324,7,208,0,2.322299847671409,309.0105084781107,0.7465717276832582,0.6755810311302355,32.96751047552616,64.94400812606804,13.903481968321886,0.11724787017598609,0.0778838975460557,0.8496872816690604,0
8.533195689558669,76.04755693755844,7,211,0,0.11610557311726843,313.1151794372859,0.47270691829419587,0.6755958960648414,34.79801614087882,54.990822703426424,13.980879741356059,1.7245324025866476e-06,0.0,1.0,0
12.060031049043722,80.34370912368183,7,208,1,0.18886256446069938,318.2354267381445,0.39909522185046853,0.5661808308116039,34.126903336349535,57.900380863347316,11.076283702525295,0.04244076400911874,0.03624515752326787,1.0,0
11.40371508503678,77.97398742397506,8,222,1,0.3066696633063275,323.4655466829282,0.7328697395421386,0.4834257907735714,32.21469629715833,52.31613539670233,8.778044056338286,0.08071074851350102,0.07100504042251779,0.907402226041492,0
9.83080609817996,77.83365070706179,8,223,0,2.954985259395684,311.8469199156969,0.41842606387042386,0.6727121676007931,35.98567238584198,48.55953435837832,6.8805723233931495,1.0,0.19000041894567773,1.0,0
8.427176474999879,77.26808806494509,8,236,1,0.9089379643573992,306.16749878330467,0.6585855235744709,0.42800609738222944,32.373857664813784,61.18621565795381,10.39154236328905,0.05547094745012839,0.05166443873924069,0.7739746007438468,0
13.18449378736754,76.11882686323938,7,212,0,0.7377888918975137,318.99780523520826,0.3656453914592807,0.4059415960392163,31.893294423611017,48.29819985075695,12.834926247744919,0.0004725005041556506,0.0681762433357423,1.0,0
9.764020835066907,77.2170136895487,8,232,0,0.03334133102713732,305.317738796337,0.44422603938806166,0.3856840871731043,34.82744327738834,57.51731727105146,11.040995632491741,1.0,0.48976581661540175,1.0,0
9.542109953421745,77.80918157580352,8,216,0,0.09159017709435524,312.1881761332264,0.4540621244119858,0.6905303786089645,36.80479361108869,46.213823745647204,12.157472532257364,1.0,0.40348542204356025,1.0,0
8.565627837138468,78.39351454478692,8,232,1,1.6215350093399716,320.3210711435895,0.46889401282131804,0.6359371920877153,33.728014703109665,59.57976970908402,7.453479436982123,0.1285016476419131,0.08023700361794055,0.8307053530185184,0
11.23317797094085,78.10516341256111,8,236,0,2.166711722708767,309.69116421505845,0.7177215041492675,0.5998345135317681,30.9757523723186,59.04277843190282,8.521582643082214,0.17862964431079498,0.0688974415574008,0.6466615234694731,0
9.487659350181836,80.0435665554385,8,226,0,2.3162367270716784,313.3674663992034,0.4201238836839647,0.6409869848843497,33.468944779382404,60.91938437130784,16.82584071157318,0.0015531620994481677,0.06209531285982238,1.0,0
12.719977260385956,80.19211736487868,8,241,0,1.83164472472366,302.86920045776986,0.4194555856354436,0.40739147688089905,30.001739656657666,55.542898313254724,11.564694217340433,0.011781712672624975,0.0418828610049845,0.7383661476077001,0
11.823493988310165,77.45891264035228,7,210,1,1.838245088571353,301.34322656335024,0.6266699746840494,0.5039156349964786,33.33409721338471,53.149595727569675,12.480490160205411,0.007442956767532997,0.07442352061743725,1.0,0
8.021923472532677,80.4139511318271,8,230,1,3.0125687410651083,323.6707792975973,0.7309268427999189,0.6756460917656552,34.69729538382838,64.13592879351003,12.837859701521925,1.2462505954233597e-08,0.037473948518078795,0.9784926466913692,0
11.16777782532976,79.97869719175362,8,234,1,1.15828053840047,304.29349661059064,0.5057137433726216,0.7167062037924398,30.885411038817153,62.50715896189232,8.943884940633167,0.024536003919483414,0.08290609706134193,0.5753437918097198,0
9.298274190190483,80.26712015605985,8,219,1,0.9508712720357582,308.05317688692594,0.6592514624607091,0.5552382535689365,35.49738441337513,61.53617996423919,14.849050745178832,0.00016803671734684083,0.02907252414163357,1.0,0
8.08605587215568,79.24912205898386,7,209,0,3.4172967521273234,312.1124372921804,0.3624143570022362,0.3988245784331914,36.54380435547682,53.4425930596219,13.561826528026701,0.00023050489281281828,0.0,1.0,0
11.468456112729697,76.91205047929749,7,202,1,2.7570552308643403,308.9873185967378,0.6796254875228275,0.7414069329650799,33.72781496761113,53.32517594519751,11.35575441405179,0.015193827476327207,0.003428883526641438,1.0,0
9.147520417150389,76.89804784622577,8,238,0,1.9074657963314818,302.33613744058005,0.6393587604489677,0.508011416556304,32.80281381228853,61.409171506830546,12.345750839051837,0.13896289520104335,0.0725080801902157,0.8658353868148461,0
13.037960535738083,80.17979719018614,8,241,0,1.101619302136028,304.72593897355927,0.708646260742185,0.4775978656349713,28.419776840240075,61.943611971131475,13.811251242379765,0.0010486171510938264,0.05040635789659498,0.5345027386525634,0
11.210932149338685,78.33240911569844,8,226,1,0.5463272783144739,311.8427440296794,0.604981713415321,0.3979963662859909,33.78829208000789,52.27026123337041,8.648524000409264,0.2912741083138527,0.13136098696085308,1.0,0
9.171436614432203,80.09614961290718,8,227,0,0.14968478699990584,310.5312378194902,0.7265346576641862,0.355051848397886,33.3422388989387,66.1128539287481,13.428371899652912,0.000916341095849516,0.07432525060803077,0.8400931094701989,0
13.483113662248552,79.31452024427085,8,228,0,3.4094614319649668,319.1566522506139,0.5059429637978975,0.5914693356607923,30.574553969054136,63.97740427539767,9.528760571427501,4.474565964686042e-06,0.009383192440735315,0.5350442813805615,0
11.060072773022247,76.97755659994131,8,223,0,2.3735420055887655,307.48291097407906,0.6430125778882998,0.5949724074537677,33.561362892247985,54.14589233855241,13.889187111083112,0.075914893949661,0.06536771780397287,1.0,0
8.926644163907701,77.76989517228958,8,239,0,0.18331797164751729,322.56756288544324,0.6402256832843762,0.4436964546888242,32.877390000046155,47.103316691055,9.564988517327414,0.6436921193433184,0.16924791608286793,1.0,0
10.896556152946815,80.45199598910354,7,212,0,0.6343495915790176,306.7874485716041,0.457443144273974,0.4147947024588628,32.83137185643453,65.36780676935389,11.666356787645343,0.002231841731425533,0.0,0.7590144872200413,0
13.372354726049355,76.09008070264012,7,207,0,1.1182570726128964,307.9511677865113,0.7182318156380555,0.5612035201995734,30.72752957095401,58.91286770020902,10.909481904071928,0.00010118883549643764,0.016739830162700697,0.7034850470771039,0
10.375577292716425,79.28708577022661,8,215,0,1.052286350855256,322.783519901992,0.6616707164818436,0.5241627420234475,35.010488776155476,55.10697817030583,11.792762164514302,0.1708377321602188,0.14489893656734434,1.0,0
10.381934866610532,80.50238660654594,8,239,0,2.1935639568850758,320.17160106387524,0.6965407134098254,0.4714616152116795,31.90695331563976,59.320083689014794,9.655747109529212,0.001230027439970263,0.0,0.7535419026091059,0
10.58230964445887,76.47907595124869,8,238,0,1.5977744927474604,307.6072311811992,0.4950364003193868,0.43729314478968856,32.51810575999408,62.35623952568868,11.483630682070608,0.016889308504474364,0.04482900333225328,0.7941225049100202,0
9.568579886465137,77.25116713275564,8,214,0,3.5288664170478663,309.486832586428,0.6865019133982297,0.6937223433031906,36.41581551184923,53.981666926041264,12.29373167730283,1.0,0.21758921626444544,1.0,0
8.905988233044448,78.51626035513348,8,214,1,2.8776428024312857,320.21424660765757,0.47599058425189367,0.7435311836421998,34.43082904617175,53.03456736224367,11.5343278509081,0.2963236585497517,0.1303096526200462,1.0,0
11.241995138863187,79.88131866763482,8,237,0,3.642930277240318,302.0661464211322,0.7357604200001795,0.49223269295308947,32.1373912515393,62.59651777551012,10.797676670376186,0.032454159717900846,0.0,0.7356207163439724,0
13.007521101618288,78.32995460125355,8,215,0,3.4512745006378087,307.0722314653704,0.3595788545463254,0.6292523144392668,31.574629255373193,51.95311890730521,10.258504669997967,0.011867972443466997,0.053814079020671104,0.908394733167309,0
12.120086554647948,76.27414181617503,8,227,1,3.685476533973822,312.757346348701,0.5976750189409598,0.6962188857315031,31.79044364415339,56.06635424484207,12.553892084015933,0.0035772797422981423,0.0,0.9067048925306791,0
8.538649482770287,76.5850478873233,8,221,1,3.9200458011550574,319.8937002454152,0.39489580453865775,0.36077471232618463,33.826129394763484,57.55736824381411,13.574219052443949,0.0008950506513430468,0.05840756410106829,1.0,0
10.244754265910396,77.72933949662979,8,216,1,1.2467857522378503,313.55080017647697,0.6374932693311288,0.7132259521984738,35.19706231961811,51.59314779000148,11.515030492194162,0.7079211502390356,0.20125985492684553,1.0,0
8.029656927470812,77.48368709929852,7,208,1,0.8387224154146398,311.75469233393716,0.4954753214696152,0.5496595971479169,34.13845196746021,56.36825459513396,11.543201115964832,0.014806058168289976,0.03126603294778084,1.0,0
9.724466160967628,77.01052170342437,8,241,1,0.6606094488629726,323.09082164767597,0.6982562373712389,0.572699704160936,33.50981067792276,60.43237501628243,10.608747824891019,0.5444566513391184,0.145405843606509,0.8921770367706869,0
11.74850891863888,79.86459218645463,8,225,1,2.512353860063137,302.7938494596222,0.6990810043621437,0.5659493278589998,30.885016783410578,55.80592084867747,15.531671945633633,0.12302780149943122,0.002471477643030885,0.9300956836146554,0
9.625311987549658,76.12365574524418,7,204,1,2.7238667927056013,318.7215822163673,0.4972359494015499,0.4471708773635794,33.48001331672054,57.83832897642399,14.471251382706189,0.00021012225243310857,0.026224430093726547,1.0,0
12.707126586932931,79.81498353977456,7,212,0,0.3513499768425863,303.0488365806078,0.6739927107846111,0.6628965763962849,32.7678226597797,54.975471465356534,11.83667910872331,0.02734886495736198,0.045105567283942744,0.9899820778991002,0
10.673351595827985,80.2397287987705,8,215,0,3.2842863869305368,317.5878585528944,0.6224547508637885,0.6429353490142806,33.3292071432713,55.400203136783006,15.349881878480911,0.014700114019707609,0.059390359228831145,1.0,0
11.747341711903678,78.8985107129349,8,232,1,3.132266125772393,313.03415084550534,0.520626771461485,0.38831693960733316,31.877115004524484,64.05119832236119,12.911784401299737,0.13651963446181783,0.03894804568587318,0.7476706613096307,0
12.949645250376307,78.87661183350372,8,242,1,2.5138957328231553,306.35150905849383,0.48729457758152095,0.5751166298006173,29.56966526523047,65.13071733538891,8.347013497760424,0.001370326746359324,0.0,0.38874478089890996,0
11.823737728436766,76.68548147973321,8,232,0,1.7424499178785338,313.0400900938021,0.4341219725876883,0.7328104806820362,31.975944545940607,64.57875616285159,12.47723656948116,0.005008091100589848,0.041859087456737956,0.730603329116857,0
13.025026743998648,78.61426159576982,7,208,0,0.6146291535039836,321.105986089271,0.3752833811426036,0.6984629773704836,32.36892551180799,58.72727919944485,9.435073783136106,0.0032717308048697117,0.06290313081613827,0.7983169772748944,0
12.525165993181702,77.72580221211508,8,232,0,2.0223690837275483,311.3324081293626,0.5569437474410255,0.6003617485394979,32.911929020980665,54.6252614712047,9.751045763754874,0.12621523533415116,0.03702733505231428,0.9445973436167352,0
11.175559774208587,77.0536289029929,7,210,1,0.6366771821659376,300.15788558070693,0.5660162148302041,0.42947733750442696,33.086402353904084,56.28840625219146,11.064264848036172,0.060026929663500476,0.0019938098410637317,0.963216111499994,0
9.664505360097856,78.68331595693545,7,209,0,2.419915140355734,301.35853459359004,0.5276074633841367,0.4888892520106809,36.068373483915785,54.03877321389549,11.435008005339153,0.5832276988511312,0.3065410962288361,1.0,0
9.669597466047595,76.00547614848679,8,237,0,1.2398589212922766,315.183287458711,0.7302388718853753,0.410143227784409,31.170624049175355,59.80796498781782,13.319065667483294,4.7353672335166204e-05,0.0,0.7958180286997366,0
12.901854103206794,77.27149884109393,8,234,0,0.9892250492151873,316.2703574860981,0.3554760469052669,0.6787722459958394,30.314389874673346,66.05368525722105,9.347152582888517,0.12721741340232623,0.10057984987035468,0.46154911316646613,0
8.30175168653561,79.0177933117268,8,227,0,1.7642055198198783,309.6425973063054,0.6901219839906354,0.661468332509005,33.05319475586726,60.1485100859822,9.650561264200782,0.0045410702324862875,0.0,0.830490489473386,0
13.272046349342213,78.09318680833377,7,202,0,2.3228512010346587,305.8267292913524,0.6703285788132308,0.7141433229342707,33.13703695917183,67.38159633605119,10.933196464188253,0.009114381013633658,0.05161155623416368,0.7168244397468424,0
9.831534881076195,76.66994648632047,8,216,0,1.4698562622855178,317.18319811765616,0.6535009577016075,0.37535821898837196,34.36954980350891,61.6055940774712,12.820026843138121,0.05299873030300392,0.03528972291878613,1.0,0
12.13767793495507,76.00606331404981,8,226,1,3.8544136045531507,307.2998681889588,0.5599661249522575,0.7358853926597969,33.08746067120771,54.84461599607297,12.991558124568726,0.0004582198765204456,0.05026974181936483,1.0,0
9.84816661476971,77.24402084472185,8,238,1,0.023590543700120925,301.77627806010327,0.4261421512831842,0.7365709346329171,34.2100929903786,51.14721286625455,9.624945559497167,1.0,0.21625924855279172,1.0,0
13.3384877797057,78.52567280739359,8,241,1,3.6514440737907097,309.83065294809006,0.6951517475093753,0.6197639174201449,28.654617097177717,57.877277909282235,8.613298876209607,0.0005165646279883428,0.0,0.48199972777342137,0
8.204254568877664,78.45890959952267,8,223,0,0.0027361979305497997,312.9393262838052,0.6478378618253207,0.7026992998560033,32.24189510221693,56.437227504321605,6.067732705928988,0.022148417525016683,0.06538978353075041,0.7333917388156559,0
9.978585709185772,76.60293073711082,8,229,0,0.8668477546536959,323.1750911359827,0.6831284857521942,0.5253751492730566,31.13719407895061,48.65490617349183,13.049635289413402,0.027129400650217704,0.012150050760741877,1.0,0
12.857781863352567,78.82300685787676,8,234,1,3.9854048994182487,314.2133211080082,0.44431502930925454,0.4753617204022291,29.772733421889683,58.17565738192582,9.146653566207421,0.0031967365553623134,0.0,0.5852127672808818,0
9.534716619167053,80.59505213983533,7,205,0,2.9123815028547577,304.9996835071176,0.5717499972415745,0.41174738240193376,34.25439849050664,54.396110950013565,13.519065653009546,5.3025391050543375e-06,0.013920644920088892,1.0,0
9.543469068922345,78.69038776880107,8,224,1,2.577993486856034,319.9726460397453,0.516383695582024,0.3626317879659015,34.00953071891663,51.1382209024372,9.049900585257074,0.6297859240459888,0.31297117360944166,1.0,0
13.033010169984252,78.42713560826257,7,212,0,2.9043715234215886,306.99556780332097,0.6058685740952912,0.3667989410898948,32.180165739558525,56.63055421476388,10.690501855701111,0.006994282463801289,0.017959432729492866,0.8684130120702284,0
12.651260617766479,78.86411236852742,8,222,1,1.6331847480774977,323.0226764057946,0.6510430774143879,0.6266266830416385,30.06839890912785,59.09257926299437,10.091300657551244,0.007473356192931437,0.035924572373454776,0.6189957376870334,0
8.592318693659779,80.04648609519937,7,209,1,3.1368389253051703,307.80749440018553,0.41948614737799483,0.4846298662041164,34.779411662868455,60.79381964951754,11.675606404779021,0.00015441294193668722,0.030039963373233444,1.0,0
11.24900749526834,80.35159698559991,8,219,1,0.6194721316731182,321.82843093098325,0.41961529284598054,0.37162466982290154,33.03038111429108,57.88621309644125,13.483571113679705,0.0028449637910009057,0.02947196356285414,0.9986441769058308,0
9.251013054703582,76.18875417246223,8,229,0,3.175569549582392,321.094895236222,0.3674427503755093,0.3948809238344617,33.43693725841683,61.44425480703384,12.117152513147875,0.0002971103212247262,0.060508063046098313,0.9107556807476329,0
9.204774321883205,76.9429714934097,8,225,0,3.758106719644379,320.73582594119296,0.41287401533245305,0.61611350598564,32.74789738674902,56.44657044246028,13.652727552732474,0.21120014148194818,0.09072908694881564,1.0,0
11.44626232665995,76.53251469442743,8,236,0,3.4307474020262325,300.94524672862195,0.4460692918518675,0.7254720861208566,30.671149083976275,61.43919352665228,13.6261703995279,0.004660867437486733,0.0211045056955314,0.7275426147243302,0
8.69365051932407,79.55282741423214,8,213,0,2.958643813213573,320.396879242747,0.3790074316397827,0.5131912769271639,35.291140615600355,51.70680035226619,11.857195376998899,0.010337473348495394,0.046510729649768025,1.0,0
10.630762405616665,76.20958915117895,8,215,0,2.605509252646708,317.3112028548412,0.49227638196204804,0.6610630269977995,33.27521952645861,59.44866634354086,13.995979098457346,0.0023496343686697785,0.03732191594160813,1.0,0
9.432601711872127,80.15212075615919,8,233,0,2.0843686612865095,308.02315863358837,0.6200665180982259,0.7394327240456322,33.568681657868865,55.84484111167155,7.801607193377048,0.0005699452156100989,0.0,0.9113050049116259,0
12.781965846433202,76.0945546785544,8,225,1,1.5808931181447523,311.76236223733747,0.6672292510976602,0.6333197195577137,31.64813980272505,61.86361857121217,13.62799651291027,0.001972315970706102,0.017956025578823788,0.7995839063397074,0
11.10516770126154,78.77171533956596,8,225,0,3.462614363439358,315.357960964253,0.4883265051433201,0.6392025733338335,33.95026075950203,62.675151508566614,11.942125584985508,0.36994211005259703,0.23293232623927224,0.9207097876322636,0
9.204609455065045,77.26765049230923,8,229,0,2.589834298592307,322.64488747814056,0.3835299591849177,0.5963603176726879,35.169736628858004,45.882005611173085,12.262746574963199,0.7843476402289417,0.21726068334636117,1.0,0
13.18820765524211,78.16459221472888,8,220,1,1.739601255658795,318.7220277056817,0.6537489304633634,0.7410706058753729,32.41649218926607,53.61009272719514,10.737230901141603,0.010144836199257044,0.008726052473386701,0.9566885319396226,0
12.608220570277808,78.03267520442246,8,216,0,3.139166872457433,310.2840178150842,0.5064734753478525,0.4699224137422709,33.047028879343706,52.975821402490894,9.884763386555768,0.08582439439111994,0.01990839841810164,0.9966885646087122,0
9.485636490049117,79.44490904533032,8,241,1,0.21641501615339243,315.4900969544298,0.45057103802162907,0.6631953803842872,32.607575915967146,64.7271435603476,11.551370564497361,0.0825825570757267,0.0,0.7510084662411913,0
13.381885083703025,78.28455366487562,7,212,0,3.2524770037318613,304.4609010106513,0.538276390178939,0.5160312248848519,33.7262193326675,55.50840571277153,10.975351239365704,0.0016488448217927751,0.009534530864385563,1.0,0
9.499337935995458,77.93761581858213,8,229,0,3.242808690977841,310.17461749758957,0.7379457104296401,0.4121678568362383,35.16184801657374,46.6280559113808,11.86817415948987,1.0,0.569067353937989,1.0,0
9.638801483463068,79.35927467188803,8,228,1,0.914117653289281,318.9912319992596,0.4990559346591811,0.6457489498925886,32.27075840059992,56.60561555750193,12.874760905315867,0.08881124232730332,0.034350379154782076,0.9447746881744044,0
10.161394784106756,80.25871182880233,8,217,1,0.15068635964758625,314.558153147899,0.7337812297546832,0.68176076588446,32.18372669515236,52.982717254548156,12.93314497374889,0.004789715637694911,0.06321515144860138,1.0,0
8.922909234545578,79.6520430470084,7,209,0,2.854831822119186,318.79797954410856,0.45126766387191714,0.6954396477780359,35.199509965710355,48.28663639363738,11.621487514099334,0.01674978943046557,0.0,1.0,0
11.8472903767915,79.38889834491174,8,214,0,0.7994865137188643,312.23560165133335,0.39221790400756,0.718751397979033,32.78649135281534,51.396348547543,13.591939224435318,0.19500480523501945,0.0859355338080854,1.0,0
11.121089024635644,78.243521573224,7,206,1,3.984087162884263,309.1234424230759,0.41287152120095694,0.647964637292668,33.539866143191915,60.19503220936295,9.449102889374783,0.29180191844575004,0.10747394456762105,0.8637170392397782,0
13.00898989669077,80.14099267209411,8,236,0,0.03672978097065105,317.82096907411074,0.6595126959368696,0.5610474220562806,29.770540795203388,65.62941229870684,12.811892655914269,0.0015687537042906419,0.085902699596491,0.5339297717930068,0
9.348901263620586,78.23704190413976,8,231,1,0.9191679249959628,302.2501166035191,0.5650452465795573,0.7254781705598021,35.892227798936105,62.48948297827424,9.672167518524235,0.8370858749680394,0.291079651292121,1.0,0
8.953292964955516,80.27931461245146,7,203,0,0.16824958908999088,323.48656402151227,0.5827689001532241,0.43382627046072403,34.90316619835942,62.540436934056274,14.189734073877885,8.329420757892458e-05,0.0,1.0,0
10.008290999005366,79.6934424071394,7,203,1,3.130622941800878,322.76097057609684,0.7370833587408752,0.38092390536976517,33.911831100945264,56.27899710467169,15.022834044059726,0.0428772977125831,0.07157371625746002,1.0,0
8.818208627645296,76.6911970838066,8,239,1,2.314781968695573,321.12884654886875,0.5519349482075859,0.522650288150346,31.424869808910273,67.78538982814584,14.907320980851775,0.009686931643180807,0.0730795876270185,0.6893620463242331,0
13.298445757733017,76.21616399454582,7,207,1,3.393738138183657,321.2226743723915,0.39680835557780236,0.5828874350181686,33.083662401139634,58.33102011515427,11.421441602102835,0.00047519795613834234,0.0,0.9287581364905882,0
12.017701502468686,79.4079361595839,8,232,0,3.8504534826917096,312.26534689203424,0.6374060937439967,0.6219957539863326,31.9790894738477,62.059564105127215,12.605614720330356,0.17115537796181712,0.06899413416730292,0.790859269383694,0
12.458673266035314,79.15486014336155,8,232,1,2.440459441501617,311.9506972908929,0.4331405456278572,0.6761687873916389,30.009438005380286,66.14604322961745,9.90015522360759,0.023506922435500937,0.05182654229296961,0.4513653905279288,0
12.189044290883693,78.76960884607709,8,239,1,0.9270140144720478,319.6819721155981,0.5826152059209675,0.360702657982626,31.09748504726267,55.89695453342466,9.633804280179728,0.04116150474694129,0.03320473905609654,0.761470036951402,0
9.359787378727047,80.49070068807978,7,204,0,0.37059776319044024,306.79815629281933,0.691751506184798,0.6708185364042968,36.257300167866966,56.02257550213673,14.571405072981253,1.1835348001154228e-05,0.0,1.0,0
8.787677172913325,78.50885401975101,8,223,0,3.465044179918001,320.39793070574365,0.5408324301730392,0.5900514717926303,34.21967990401174,55.981477462717066,8.711010641451164,0.20674567727334422,0.06033811579827212,0.9909373531526148,0
10.404828064852914,77.60033938866627,8,231,1,0.9804530200743891,304.8211250856908,0.4757140403606379,0.7311790801750981,33.25500010509881,50.40057193363634,11.056687359049842,0.34374566985097144,0.18828083394432527,1.0,0
12.642507081937095,78.59884291378386,8,224,0,3.574072898792309,321.0985745058704,0.5802186348828173,0.4891589691881597,30.522196750411194,56.58798633379859,8.196873617522762,0.02334897063742635,0.07791672874053644,0.6532690001085505,0
9.850885840164302,76.1306940615251,8,221,1,3.5131503984570998,312.98604527485566,0.4007805165128456,0.5967913837874397,32.88941340248959,58.09527546136125,13.186159153800212,0.00028999776457874733,0.017480040230613555,0.9729569135112501,0
8.05355247647856,78.66461547902338,7,209,1,2.511236849081041,320.2370646638017,0.47302562251110347,0.6566193625135739,34.874219099755635,50.43379188032168,10.327815560739797,0.0030517253893103265,0.008300581079869364,1.0,0
11.696339931880235,80.1511789431887,8,242,1,2.415983282300639,311.8354268056558,0.5516571147441507,0.5565581683013257,29.9785658984648,61.45764363079716,12.926558124671947,0.049758107015307924,0.014946420693503045,0.6475544633614616,0
9.12035319677772,76.01991831518345,8,216,0,3.803305874107552,314.60237246547626,0.45166046544849564,0.4123630293478208,33.09792046310651,63.94984342578825,15.370331061314133,2.281486174709135e-05,0.029777996860513873,0.9284863636852037,0
11.039876909393184,79.88839753601933,7,206,1,3.0240604071397947,322.2428671241778,0.3657032486089318,0.3699199088079917,34.34841909474713,63.272631952950974,12.453470573479583,0.05000131518692057,0.032988829323078776,0.9565918365845871,0
8.083328280143466,79.68887291285591,8,226,1,2.7331270847222955,310.0370940553944,0.5840563917687434,0.3945602645356688,34.38518264488549,70.60761767777798,10.253925981266127,2.3467122900769132e-05,0.0,0.7279200144821799,0
10.849559191480832,76.488074397062,8,219,1,1.7429630080739127,305.2868733129755,0.5104989459245128,0.547961832939111,32.59084900838756,53.399206331352815,12.780680838785244,0.01752198988180313,0.03171257479205108,1.0,0
10.204207520296373,79.8954202683599,7,205,1,1.9359937829475347,302.18352812312133,0.5062441037739319,0.6058435094025169,35.54329991286127,54.818180419581296,14.455955226389612,0.045399703779057714,0.023652530327597284,1.0,0
12.93030712710312,79.51230822237368,8,213,1,1.5556843933266737,314.1594975277492,0.74872511835919,0.5782084263264723,30.230459295266513,58.84942577999747,10.914849204424481,0.0037796055116126213,0.0,0.6636400726883085,0
12.042157276886567,78.25881370477529,7,210,0,3.7852840814397197,314.6660428881603,0.39471361275478395,0.6351664567369528,31.549809369461297,48.756750599679734,9.727152414534114,0.06394083689571131,0.06354038679298925,0.960752058194194,0
8.201757667456215,77.12798411663896,8,221,0,2.552476852773085,314.8969226241879,0.4116702551224839,0.365597857429786,33.870727427911085,60.2979829096029,9.918131721306043,0.008374009804787825,0.038688943716901666,0.903658170625562,0
12.42132542117743,77.32526191290012,8,234,1,3.121454350895111,300.89198689819455,0.7005047269937826,0.40453628861163904,31.682270252691737,66.50447738963489,11.095362818575413,0.1214243763156392,0.04720518390440072,0.6201531115906844,0
12.4308737445037,78.81646465717115,7,209,1,0.14879894033020236,300.65797168572954,0.4021046636216191,0.6544560435794359,32.10526105679234,60.983460773313205,9.367560753067796,0.020094296881039097,0.011590656887516511,0.7240977888591033,0
11.715093470665442,77.13299839712728,7,212,0,3.4097052085673716,321.49000848127025,0.7170491328324469,0.6624729473910231,33.11872541827084,53.95258228899124,11.847697034737363,0.0061043298486182515,0.021013919893557748,1.0,0
13.204061721060507,77.49663610810025,7,204,1,1.6705531897783223,316.69204759740876,0.6187843445136836,0.6309175337270931,31.825162477535702,56.708132679252714,12.067812407664553,0.05270680611418202,0.06595277944611112,0.8801463957729878,0
12.49821975493036,80.2818567832914,8,223,0,2.9486414992646535,302.7196129916793,0.5612651619695452,0.6481720173060834,31.165155066295554,58.73857995963051,11.540996339602529,0.0250046785710665,0.011311586029165236,0.7635617253676417,0
9.225832521770943,79.35491163592876,8,227,1,0.1601012592831026,301.7912830497903,0.46136027261178847,0.7353760346009319,33.67495741047205,58.9141391675707,13.747218696194194,0.14171831564086926,0.08392042685198654,1.0,0
10.136656956136207,79.38594062869811,7,208,1,3.5754927331438595,303.88456833819436,0.49378939282853546,0.7276874695012123,33.92025267761997,50.3394891634392,11.318220722346922,0.09927304042345025,0.019379769810522317,1.0,0
9.959570045643689,80.39730754175972,8,217,0,2.639382358396778,319.36605552146176,0.680381827965372,0.6077927362602722,33.66575999349546,61.74644643798537,14.951325579662045,0.0005919555135539615,0.025295050948566808,1.0,0
10.82748377206066,76.02665249109438,8,223,1,1.830003163485309,317.35406466584664,0.37300181930077225,0.4777338314950289,33.2641998922637,67.31001152897177,12.315693725094746,0.00042747953588794847,0.02091578986259514,0.7722151637318129,0
13.340796273106758,77.12463487951419,8,219,0,1.2142323960404648,315.3276765357945,0.6574194428025016,0.35564395635037205,32.56783926224431,62.98145340494576,9.705659072706746,0.015322418562661332,0.056562578707973904,0.7288117088769839,0
11.447350863307745,79.02668022961781,8,242,1,1.2440965697948712,315.3789788905666,0.68112827414283,0.6026432483635531,31.658945430747803,60.12507991975471,11.210154275135238,0.19425926030141957,0.08895064179858511,0.763560997665744,0
9.752458732752721,78.01604905611084,8,225,0,1.2135924979055974,320.61297279796185,0.6323867635534615,0.5225215387348271,35.682817276255314,38.48160678694126,9.736773705118821,1.0,0.5298579727541375,1.0,0
13.272499334958457,76.51890276140891,8,226,0,0.5241034109806089,308.00300972071506,0.37180186589607067,0.40881098071928446,30.917817286368237,58.12340385042725,12.884852256981187,0.0034452920018818245,0.0,0.7986163213296318,0
11.921520247846303,79.59367495592964,8,232,0,1.855238152116308,307.7335204987292,0.6470619681458696,0.4361030992018375,33.74605738298945,65.2563849148706,11.361301783785585,0.1948624942566852,0.07028883043146651,0.8281813534397404,0
9.49005093149922,76.21653365676767,8,243,0,1.8139454165362743,310.21024391212666,0.6392655596424643,0.7246117263639951,32.15942540584821,64.76265385602078,12.741602432307342,0.0006037467290292222,0.027761010996663327,0.7500682185853825,0
13.076471505292485,78.50171511607164,7,205,0,1.6477466371602696,323.7522242902275,0.3552375504131686,0.37648901626240494,32.91050436706362,47.64604783606795,10.968819747515258,0.0038956770251932864,0.0,1.0,0
9.927592227695488,78.58733592509557,8,222,0,2.8123769499384745,313.31757462246003,0.7069133461151569,0.6649883102451466,36.012417194061214,62.25844853931954,9.517567707205346,0.5244748740340763,0.1266807847805447,1.0,0
10.890783143273111,78.92542207020901,8,214,0,1.67925945071367,313.12562724112513,0.4028783301306877,0.7108197324584301,34.14357094692794,52.47542200834473,12.014241470108098,0.36335179551952657,0.1365069977039099,1.0,0
10.683647935862602,77.45188099252034,7,203,1,0.3560148673344825,319.4302508736225,0.7343128688088192,0.6253390098713134,34.74229905785553,50.91584762431234,12.881556510638148,0.14356454869518082,0.05915043268575318,1.0,0
13.172332890475447,76.10856432966634,7,211,0,3.408238489254752,304.27354798592626,0.3783082324376759,0.3745366565262405,30.749089473137165,59.52578253916529,12.85210298002786,0.00046677696233964365,0.022451031673727504,0.7523682844614057,0
9.487714812645512,80.08932311597113,8,224,1,1.7004034605890639,309.7296241964046,0.4452197715423806,0.688341169126884,33.079970757961135,61.28995800398861,12.799649775533101,0.0010347337321371518,0.0,0.9057653296713127,0
9.86651778245135,80.2743420562109,7,208,1,2.6211426171437195,315.3926977486137,0.6260968765278611,0.6113155764243647,32.61103116168328,46.84706636133777,12.335685653279521,0.0009876930835872946,0.01740348555106364,1.0,0
11.696897026688935,78.2171481437587,7,207,1,3.719585418761145,323.71240244208826,0.40489652579075575,0.4608131597487552,32.86145903599689,54.94275087463742,10.349819283130746,0.053907760165825325,0.04990260735401392,0.9520478639389671,0
12.965047936316648,76.09494562601503,7,202,0,3.0696604114632193,303.7072703207539,0.4239870227923604,0.6018621531424053,33.58978194227262,58.27135136808268,14.805640293154962,0.0011465264782174085,0.015282583732270582,1.0,0
8.64335090774558,78.67200733702786,7,202,0,2.155195484712815,310.8486427254423,0.3544686574628231,0.40461711398727157,34.62683799809362,59.32551222646309,9.510884423297998,0.09691050195194624,0.039678782455079775,0.9755513663700176,0
9.175347705870545,77.45327731764944,7,212,0,2.1800890287031636,321.7339632505174,0.6805920303213135,0.6330590211852647,35.7054345898318,39.45765674490907,10.805769047033147,1.0,0.4269284128529083,1.0,0
13.308993101911685,76.83943365343501,8,214,1,3.398124148365627,317.41274564149074,0.3650469202916858,0.7111982472634546,31.266612181957463,57.05045032044691,13.159080617757732,0.008840040295667137,0.009576445085433509,0.8600956106803419,0
12.35286378466481,76.77718221935355,7,201,1,3.2945291723632253,314.7307256926779,0.6030292062909981,0.5586725058473497,34.4560241507813,43.319594168811065,14.982075907531295,0.06703434710834066,0.011806336205220338,1.0,0
9.937990697932145,76.82457502553257,8,224,0,0.7146109285096953,306.1706007123924,0.5829229312915658,0.730842380417679,34.53792373536655,58.1519875421619,12.104146683733182,0.13800368422122794,0.11703933737893826,1.0,0
10.002754925245918,77.52186860266484,8,220,0,2.5060043260737475,304.4930576206103,0.5544961042215173,0.5252379871281713,35.58598222260569,46.04970134224419,10.325223153062272,1.0,0.19675055050582793,1.0,0
10.629389675731478,77.2908529921863,7,204,1,3.4628626337404453,308.98109504475923,0.50006308993385,0.6930268127125818,34.70412981576751,50.945845350963026,12.390466042175676,0.1688528459233365,0.08880924200274154,1.0,0
11.773277198615085,79.84755422928467,7,201,1,3.2132297080362515,306.1225897526078,0.4698250257821639,0.6594593663509094,34.87327792104295,48.014807008106935,14.349485874750034,0.1342927303132798,0.14460023869141303,1.0,0
11.141830186047649,78.2784476539941,8,226,0,0.49886406524917115,319.40342157263234,0.7327790099044434,0.38537180573731256,31.217265439557494,55.71100540333255,8.292025407936636,0.302770698017246,0.1524552086861961,0.7336533494426432,0
12.346271733991344,77.96717846533922,8,226,1,1.7427712893467073,317.2968822670366,0.6641433101592757,0.7150610311731016,31.444567972781016,63.30217512362479,6.785614225189091,0.08891142881057422,0.06924211008345818,0.5368272172994706,0
8.303334033968792,76.67083436272655,8,220,1,2.072932418437611,320.0447549012241,0.7190930394663593,0.7141710615366453,35.3042040982831,46.160000010596434,13.462440826688981,0.00045729432138102646,0.027573663238151105,1.0,0
12.58662815808495,80.02909764835735,8,233,0,1.0312382182113469,304.10597545690797,0.6435591811037891,0.4905663463582801,30.32648138895943,62.78398931926955,12.33559244171397,0.04069829843275567,0.02795606980925465,0.628605394677524,0
8.325087569813808,76.25218214665144,7,208,1,2.7179975422016596,307.4392646008731,0.6816035684752071,0.6673755526701047,35.286907988705615,59.4191444058022,14.657708035895308,5.460258564119765e-06,0.0,1.0,0
12.933453980121909,77.10184425082261,7,210,0,1.9049059702453168,318.4452351113923,0.7356701687475767,0.43985497799417084,32.69195705293565,48.50833071414516,12.99013649171641,0.09416928651341189,0.048070559775643715,1.0,0
8.242224837945994,78.85877246838245,8,229,1,1.1900348346118625,303.92516199746717,0.5314578226453094,0.3621572343631857,34.11358138618844,65.22705027790074,11.536440256290202,0.00465396608833271,0.039043582901310596,0.8649333117936447,0
8.715861615721295,79.2306371688477,8,241,0,1.3474581025364518,303.4945213709332,0.7127585093684858,0.43317485244668,30.870540336467133,59.82480338597212,11.536609200929556,0.048326273445634754,0.05732061733765255,0.7147351014352628,0
9.009032482175469,79.68532024416807,7,206,0,3.4266734200265843,309.19341313290676,0.36722966507599736,0.5435951356574882,34.593996128782905,49.40195721122282,11.142867565396736,0.017746445389607426,0.050855416659035986,1.0,0
9.249084379982033,77.8873399867625,8,231,0,3.464799221937021,304.474485310828,0.3931488540983683,0.3731070013934766,36.438900030218065,50.7800045367943,9.172985529762885,1.0,0.20778334220963154,1.0,0
10.24986760650542,77.59500439855051,8,231,0,3.2495026296513507,301.8936637929409,0.5461497340581417,0.4140024732445616,34.68887877290053,52.99765381940728,11.62056479040387,0.6878901598483926,0.3476993055713868,1.0,0
11.670699238512757,77.32733744262947,8,221,1,3.655475284731746,307.5065885893198,0.5315893002112009,0.7301751973526334,31.730794051639617,61.304807934189384,10.21407692329403,0.005730637373935299,0.027370796408518968,0.7122047873964757,0
12.998578938683558,78.61323548695754,7,202,1,3.8092260347258353,321.01438836095593,0.5252852320156877,0.5475363644666645,34.07370528974602,66.8966839429404,13.118771496358649,0.0038978970998580376,0.0,0.8739551846747009,0
10.93721573676426,77.60372382966867,7,208,0,1.9673116431196358,301.3567902873507,0.5648766607101552,0.6792402119125857,34.14497925214545,57.021955096551146,9.501276356840165,0.07293010294693171,0.10632769972908926,0.986286377240017,0
10.981942548744366,77.50923350710929,7,209,1,0.38681448939866847,313.5865228973558,0.5653491171355938,0.43264909969703597,34.762658774622516,54.336681041499794,9.734972448050328,0.07301302425266151,0.040739011777702866,1.0,0
9.788108548518231,76.07769792580282,8,231,0,3.200284029239155,313.51209321394174,0.6982258953210511,0.385408677236311,32.737862412840876,71.34820223195086,10.587257280023803,0.00014050875560212857,0.03962398034782114,0.5846024970274643,0
12.483810376112753,80.36225354269139,8,214,0,2.5337277136265137,312.74017345900904,0.4883651250714689,0.6622192224042885,33.07728381184265,61.90890811852127,14.62485985951863,0.017561318554943965,0.010755559476480426,0.9488247856297052,0
8.618722877461906,76.27873352387448,8,236,0,1.5220687609184065,312.13220935236103,0.4764963822774231,0.48953353143954764,32.448224767603804,65.43345702162331,14.23186632344917,5.851067587871117e-05,0.0068891560738012295,0.8057988416498078,0
9.686177811685848,77.24600898423031,7,210,0,3.9021326104955487,300.4136752742383,0.6307580957180998,0.5339217741430089,36.370319903011826,38.69428574793271,13.403233072847383,1.0,0.3790507498867546,1.0,0
8.543095916939201,80.2385302857672,7,205,0,1.3547408108145458,301.1388285443126,0.6093907750640264,0.7468516101822293,35.18511791472885,61.66553831793945,14.944687012253556,1.5709404759193557e-05,0.0,1.0,0
9.199412585426797,79.38260169820678,8,240,0,3.630535914664408,312.26896830373573,0.6819387936093328,0.47661223036968914,33.10757953682177,64.48180967091533,11.541365702876549,0.12347980561142975,0.0,0.7978146469296988,0
11.28494830471239,78.65944309926222,7,206,0,2.3703377922345683,323.2394225451134,0.4737112507778962,0.539258316914663,34.176099540364426,63.82758836155472,10.224378685286418,0.2731948052911773,0.1696593666280996,0.8602403875776868,0
8.70537817269311,79.03974400069872,8,220,1,0.14656793630353881,309.79141873213797,0.3525576865014747,0.6039245326871048,33.19593481999205,53.76791460462421,11.132206210572894,0.07844547327382083,0.05731950352682301,1.0,0
8.563459653475721,76.44647624293886,8,219,1,3.441340432320592,311.3358422998425,0.727625473634367,0.38562751229124226,34.51201439111283,60.4566259764898,13.3820854853702,0.00026567979747590633,0.0,1.0,0
12.625100544061741,79.71977778081401,7,211,0,3.0488479010212037,323.56951476807853,0.3676901574954032,0.6365728412058416,33.04941564560127,48.614082751253875,11.635705758822859,0.042778597530818835,0.05313598606647489,1.0,0
8.662475117327169,77.15049110419997,7,211,0,2.5699501853175684,318.69872173045746,0.6220051773441865,0.5306924081100143,35.46153295491632,52.04597436765453,11.64131242057788,0.08324201653746556,0.07802124982075209,1.0,0
11.405098759508057,80.3985842982428,8,229,1,2.4583485603078863,318.48263633082377,0.4787327967143111,0.42000579101349095,30.72970742459169,51.83910066067229,11.67914916542662,0.003793956875129621,0.00015857098756161335,0.8849134598983943,0
9.971262624207354,77.06432317745248,8,241,1,0.8753419706236119,312.1136507289545,0.5194132221563652,0.5222167438801809,30.82592737547638,59.67007199810615,11.636410555507812,0.4848808686285055,0.29158070164085587,0.717574622302514,0
13.019655881946978,78.8766763146664,8,214,0,0.8579445167973789,321.5499036767602,0.685213110963706,0.5342671390406053,29.381460921516997,53.98528299762886,11.341390111706831,0.0008457596086952816,0.050634904164490215,0.714311673392169,0
11.962280206126023,78.50849266325598,7,212,1,0.11668971358717117,313.94823132943355,0.5178317950954102,0.6062947899633286,31.412987624697287,58.71946014518775,8.686670158587859,0.049999287969644625,0.0036365656712655375,0.6954416301764722,0
8.332809296473139,76.65827423225588,8,228,0,0.6165498522147641,315.76073582170454,0.4077486112413422,0.7248535265546135,34.09663599619236,61.257340305479126,11.420360644138364,0.0004927376070947749,0.03617720539117234,0.9481094852458178,0
13.014621418852162,77.66946497195734,7,210,1,1.3459250571860113,318.9013324870129,0.6517740339741559,0.6560262355448034,32.65322302144965,55.15235908146759,9.780611426728813,0.09659497938907989,0.05450722284774282,0.9122491570623552,0
10.317833809401801,79.59394667179909,8,232,0,2.16289958536732,309.75803712252156,0.3580846068240158,0.5029800161641419,33.44481915894964,61.21937072901501,13.216446280465478,0.13889534416397967,0.10690544708380395,0.9507628599766829,0
9.67007371431095,76.97790514039589,7,205,0,0.5232342299908881,322.8784868290364,0.4598931953735581,0.7378592861102904,35.26081580985475,41.19847938938527,14.23631233034102,0.47107078127880025,0.2861003607438481,1.0,0
11.767579320752048,80.42914364827298,8,226,0,2.230288721093472,323.7121735883779,0.5652294447566432,0.6663324689293187,30.472370700503618,55.316544658459236,14.84444252230305,0.01612601131824617,0.015838678066686485,0.8851076170092886,0
12.020653958903278,77.35922473777899,8,239,0,1.053280484847181,314.0913079693281,0.5251054782058561,0.36118072242904864,30.280745748888176,59.70005225873261,10.740040656900716,0.0225727860895682,0.02122025696439797,0.6434650327414373,0
9.69820435047682,78.8829196336084,8,217,0,1.0158444997694476,305.32932929419735,0.5980913356052608,0.3966345655680379,34.501051079503654,48.984184610311765,11.361991045674063,0.3640104318876438,0.20963646516355233,1.0,0
9.969276657583455,78.84678838211337,8,214,1,3.7917768296255177,318.5976484158105,0.5025390770855238,0.4372044648179134,32.468531423882105,59.80120365943593,10.222370597587108,0.22880905604606044,0.07885821516882378,0.8073555073995298,0
8.875450853237467,78.16557991395976,7,205,0,3.969378175353869,307.7313264835187,0.5062338849184584,0.38340143320274633,36.4833162961693,51.40253238558389,7.907793690275894,0.4014776191853719,0.2107730159457761,1.0,0
11.323283962931376,79.01465813516249,8,219,1,3.2457543864037097,313.8504840381329,0.4894629040416526,0.5441708876867927,32.841318209026724,57.51830187568449,11.223471645913108,0.21390889691773535,0.04575024519177193,0.9204366313384673,0
13.358690698657082,79.42045394160314,8,214,1,0.21756792293360672,302.08088449099967,0.7049081875731542,0.48628721687686655,32.41966444983433,55.806603475531034,12.271087019069164,3.353941802590942e-05,0.05244992478770512,0.9560745407091935,0
10.333096989123003,78.84741366816809,8,219,1,2.9145268421749138,319.37737692072363,0.35691860443766715,0.7391701854925433,33.948886686302096,62.001917700262815,7.36919107033998,0.15448206452159324,0.11902871626671496,0.7926518292452365,0
13.578754616928833,78.5759752489363,7,203,0,0.7137029271932707,323.0180870128963,0.7258567869367202,0.5390944389004692,32.48941362525189,55.987873893799275,12.213081922770645,4.416366329247824e-05,0.019339906990291363,0.9560460812175897,0
8.987921785176699,78.79048607713472,8,232,0,2.276885254883562,302.26131659120756,0.493288670080691,0.4348619440702936,34.80817221865653,56.08392285919387,8.212587273921775,0.35858301414378774,0.12628463072662896,1.0,0
12.458156970633993,77.84899723384902,7,202,1,3.574854516836353,317.5583774507247,0.4959531022761229,0.7382923376964711,32.410724135983045,63.66914145544938,12.036802354115505,0.10312510504876274,0.05328754673873974,0.7732850525547105,0
13.197406220239838,76.32601656880513,8,216,0,1.520782526976587,320.6601327255539,0.6403571392199268,0.5555527165696271,32.18428890007547,67.02550297016207,14.285689063001715,0.0019514887116820097,0.0,0.750107347777047,0
11.853104374914205,76.73461254424079,8,234,1,3.7153667402689314,302.62814926597207,0.5053106954903442,0.37922390853466403,30.117417475394923,58.780295205605206,12.161795322414942,0.00667498757193724,0.024640858258598408,0.6947232222060393,0
8.612227220140849,78.79083859798259,8,239,0,2.8334888693572506,305.92311526952375,0.5966579288404908,0.3823498484074097,32.591916509390444,58.093048821976964,11.051508327005221,0.07034815010637714,0.03703340510419303,0.881507148290851,0
9.82863158149535,80.26499990512023,8,221,1,1.2040472534306694,309.4049099533213,0.7114522716344565,0.6201170727773512,33.16079761121566,65.84370276463252,11.714183914441561,0.0008512143418254656,0.0,0.7773857646024369,0
8.479728553792834,76.11840652342744,8,238,1,0.3796687955177598,320.0822479609629,0.6884792190103878,0.5479183556110061,30.853306294466712,59.29063858992192,11.893177176257634,3.094400004080651e-06,0.0,0.7363120092986789,0
11.369789477128483,78.5025619064861,7,204,1,3.2614051390734287,311.84235037207316,0.5561466710436712,0.5996923257795583,34.30255367498254,49.73217756786874,8.73765117601433,0.21370600516071372,0.09020972630352699,1.0,0
13.589633331290013,77.15948259184228,8,237,1,1.8322376339719812,303.2871192609993,0.6366608511650158,0.689864003276886,29.39143086022385,68.49307098446594,13.552793893481606,0.002542888576476088,0.03083393983600879,0.4618535812018222,0
10.09862583411745,78.58400356522876,8,232,1,0.2907739526398698,306.1529054168901,0.5069738980421569,0.6225534443904828,32.48870482384719,61.969921295373894,9.150509616605257,0.37496728832472653,0.1535288014876263,0.7273472431645382,0
8.912492238147063,79.44842384557502,8,217,1,0.4124894285402081,311.2170681808816,0.6604176627323413,0.6947159432101915,35.205992635283934,65.68907247577272,12.672827991106635,0.04844865304469301,0.007074225916335598,0.9812125393119053,0
9.50438509013534,79.38308440798012,8,223,1,3.86784552758192,300.9423419077253,0.41807337469984573,0.6470753959820599,33.82525512016113,59.11822880492418,11.296352235870955,0.10615833329907488,0.07978470557787909,0.9691549606083021,0
11.196491027577057,79.33447466996341,8,215,1,0.9720078179822647,315.1439296552613,0.3682527125742303,0.6197599011975625,30.829428207117235,55.21089978641527,10.80440240675512,0.15442107321118936,0.046577836561467675,0.7909588194394167,0
11.18618600627191,79.5830479433214,8,236,1,3.866364711429518,300.6077255139534,0.5662930703675031,0.4038794965422612,32.32654562313817,58.474788320151596,12.067414800404922,0.08965076708223098,0.07195869755622122,0.8826568851041328,0
9.286996664443315,76.33400915937641,8,219,1,2.724638318791616,318.7409122625445,0.43613547392258695,0.5431310451499753,34.697961787911446,51.08561822448938,12.461549708838144,0.001749032722504383,0.0,1.0,0
12.203946547011821,78.34405803602257,8,241,0,1.201964407314677,317.61242250013146,0.641490377145265,0.5232370770668696,29.668140913710456,59.86914691021731,7.467645860831261,0.07529418808877002,0.0666504221484584,0.48639463351090806,0
8.492868832362818,77.20418103271189,8,218,1,1.534911496973915,320.77055980734355,0.3905294034781192,0.5662781393207476,34.475885999434375,59.28552135842742,10.951118910338863,0.05446157421390091,0.08667948338768315,1.0,0
11.489025583478524,80.2378445806111,8,217,0,3.108153776432005,303.7851057720758,0.3533980552674336,0.5064571440659771,32.96054644799999,57.64079140285811,12.505335756227128,0.014011369203583666,0.030493658861000403,0.9677085818741387,0
10.383914114122138,79.60124442128956,8,226,1,1.7416599157015833,314.4620450629794,0.6202813398967436,0.5981748993922247,32.85058973060971,58.4377255507218,10.27874406950828,0.15609764607055987,0.07462558159834279,0.8712548841513474,0
8.712180111122182,76.4947062978486,8,225,1,0.29900311065714513,318.7446620060822,0.5503197751672666,0.5069823497744947,32.6491566550049,58.75791939475908,11.780900684951678,0.0010165493861530994,0.04383267825207652,0.8942957699938355,0
11.552554611735662,77.11893219353883,8,233,1,0.9192565182787478,312.37797073416897,0.7308061627320734,0.5730471543983408,31.11178510765582,63.00841374629249,11.9051674417502,0.01112623534895096,0.0,0.67560938049729,0
11.769076741891606,78.09401317529147,8,218,0,3.4413798919888974,303.13930384830803,0.4489942431454383,0.5079501239531401,32.03566388370017,51.638437739520896,10.05555615108273,0.04046786266164182,0.013793757877649929,0.9474650591514404,0
10.464113655534671,80.42937966030955,8,225,1,2.7846965479126125,302.3742148002511,0.39930244700024464,0.7107069413291903,33.28349491880772,58.023129519734994,14.514336480308113,0.00284209187072728,0.02695812476600544,1.0,0
12.468759789006324,76.50449664695684,8,231,0,2.0040644446990648,314.54153779059016,0.35924247272734366,0.4993662722799266,29.75752951303388,58.56924111421606,10.937909583402734,0.03281504925845449,0.09323875144352921,0.6311762202515796,0
10.85217287269872,78.6126728952938,8,230,1,0.9819826744624667,311.9425825985739,0.5276989395781551,0.6423730030930925,34.985080169002316,57.11419501086665,10.730003328814993,0.44474310655252636,0.17622355738215054,1.0,0
9.600224931751837,77.56992256060296,7,210,0,1.8983624603599876,322.3094432815716,0.3903267541583644,0.5954940677756233,36.99589797576701,39.399493931178206,11.755439883230903,1.0,0.5718883248483642,1.0,0
13.34016715645368,78.97316557196976,8,239,1,3.1553962311100583,320.0121785045585,0.660257375331842,0.5042094111767336,30.527240854248447,68.33800789617344,11.21456471920726,2.97092591929568e-05,0.014214657202282622,0.48688059874763223,0
13.286646611399277,78.98405094430444,8,234,1,0.32617278856868737,317.36998059969153,0.3787943177542403,0.6730524273790129,30.20963086638157,63.06418511049378,12.68542499606931,4.7666888281603926e-05,0.018977478026106435,0.6235735453146571,0
